gene_symbol	disease	disease_system	immune_class	OR	FDR	PP_H4	pqtl_p	pqtl_PPH4	n_categories	druggability	category_label	novelty_priority
IL2RA	Type 1 diabetes, definitions combined	Metabolic/Endocrine	Cytokine/Interleukin	0.3016186946935759	1.58335517475345e-06	0.9943770538611344	0.0415027028701686	0.0236855616761935	4	3	NOVEL protein-confirmed	6.654461384706265
IL2RA	Dermatitis	Dermatological	Cytokine/Interleukin	1.647436155246594	6.002452347052332e-11	0.9999986139845248	0.8857761030893532	0.021398185762455	4	3	NOVEL colocalized	6.499998613984525
IL2RA	Dermatitis and eczema	Dermatological	Cytokine/Interleukin	1.4871981646028725	4.431299696339896e-14	0.999997041655745	0.9893767616473684	0.021393905279053	4	3	NOVEL colocalized	6.499997041655745
ACE	Antihypertensive medication - note that there are other indications	Medication/Other	Immune-cell-enriched	2.1206455353537303	1.2459922237758385e-25	0.9977676538200024			6	3	NOVEL colocalized	6.497767653820002
SLC12A2	Diseases of veins, lymphatic vessels and lymph nodes, not elsewhere classified	Cardiovascular	Immune-cell-enriched	0.6028265127492374	2.765185456140853e-35	0.9970722677192756			3	3	NOVEL colocalized	6.497072267719275
SLC12A2	Varicose veins	Cardiovascular	Immune-cell-enriched	0.52991068060098	2.4572514977852883e-32	0.9966557463629846			3	3	NOVEL colocalized	6.496655746362984
CFH	Other retinal disorders	Ophthalmological	Complement/Coagulation	0.1595713697742229	6.6595348429256966e-105	0.9783864357143202	0.0	0.0009575367802801	3	1	NOVEL protein-confirmed	6.47838643571432
PPP3R1	Varicose veins	Cardiovascular	Immune-cell-enriched	1.4154265581168566	3.2652031223639374e-36	0.9290921059074	0.0492046593819841	0.0409053685794009	2	2	NOVEL protein-confirmed	6.4290921059074
CFH	Degeneration of macula and posterior pole	Ophthalmological	Complement/Coagulation	0.0414843392154316	4.814779302667164e-211	0.9071759992425696	0.0	3.288355914117447e-10	3	1	NOVEL protein-confirmed	6.40717599924257
PPP3R1	Diseases of veins, lymphatic vessels and lymph nodes, not elsewhere classified	Cardiovascular	Immune-cell-enriched	1.2457151905101065	1.6762462806632653e-24	0.8960718397467277	0.0096352024470114	0.0397430085827827	2	2	NOVEL protein-confirmed	6.396071839746728
ERBB2	Asthma/COPD (KELA code 203)	Respiratory	Immune-cell-enriched	2.5346098441420937	1.1136470484904822e-17	0.867998558891906			5	3	NOVEL colocalized	6.367998558891906
SLC12A2	Other disorders of veins	Cardiovascular	Immune-cell-enriched	0.5170189731301592	5.0856579266310096e-18	0.9967462690336822			3	3	NOVEL colocalized	5.996746269033682
CFH	Age-related macular degeneration (whether dry or wet)	Ophthalmological	Complement/Coagulation	0.0042570452399317	0.0	0.9812708896620403	0.0	0.0443715561292391	3	1	NOVEL protein-confirmed	5.98127088966204
CFH	Moderate visual impairment, binocular	Ophthalmological	Complement/Coagulation	0.0177508991397078	1.5012823920837778e-18	0.977066649309138	0.0	0.6606020571569452	3	1	NOVEL protein-confirmed	5.977066649309138
CFH	Disorders of choroid and retina	Ophthalmological	Complement/Coagulation	0.2667518090729608	8.841946500799477e-72	0.927315547134516	0.0	0.0209901984577576	3	1	NOVEL protein-confirmed	5.927315547134516
ACE	Cardiovascular diseases (excluding rheumatic etc)	Cardiovascular	Immune-cell-enriched	1.583523828123102	1.0965465023882905e-07	0.996736208753491			6	3	NOVEL colocalized	5.888730797957095
CFH	Diabetic retinopathy	Metabolic/Endocrine	Complement/Coagulation	0.3579069127583938	3.061075679280583e-11	0.8327701738634928	2.2934987242706484e-12	0.0039943348980591	3	1	NOVEL protein-confirmed	5.8327701738634925
IL2RA	Infective dermatitis	Dermatological	Cytokine/Interleukin	2.677952717841917	5.041702095777248e-07	0.999987959852455	0.3308803240262721	0.0214696488644315	4	3	NOVEL colocalized	5.759472523753443
CFH	Diabetic retinopathy (more control exclusions)	Metabolic/Endocrine	Complement/Coagulation	0.3677676682750168	1.2592596886691155e-09	0.9197413174787132	9.277023593767808e-12	0.0941501720614574	3	1	NOVEL protein-confirmed	5.6997182572830125
LTBP3	Otosclerosis	Other	Cytokine/Interleukin	0.3359486768560703	4.930571318593161e-27	0.9996089950080024			6	1	NOVEL colocalized	5.4996089950080025
CFH	Visual impairment including blindness (binocular or monocular)	Ophthalmological	Complement/Coagulation	0.143574053465516	1.7067827522296015e-08	0.9429725171898508	4.3223202794706594e-12	0.8594976729133347	3	1	NOVEL protein-confirmed	5.496536868094294
ERBB3	Disorders of the thyroid gland	Metabolic/Endocrine	Immune-cell-enriched	0.7796320736151209	2.177526284997434e-08	0.9166347956308312	0.2242200629793194	0.0035980969130455	7	2	NOVEL colocalized	5.449042114411728
LTBR	Peritonsillar abscess	Respiratory	Cytokine/Interleukin	1.5615384679040123	1.4388465962137062e-11	0.928305461394109	0.070236020115928	0.0223233446995396	4	1	NOVEL colocalized	5.428305461394109
SERPING1	Asthma (more control exclusions)	Respiratory	Complement/Coagulation	1.162979973113265	5.177339522747978e-06	0.8659124539412469	9.100498132852408e-11	0.9731281446190128	4	1	NOVEL colocalized	5.423091124672094
IL1RL1	Dermatitis and eczema	Dermatological	Cytokine/Interleukin	0.7427694875590338	2.78540023178354e-21	0.91718861568723	6.333467084118638e-11	3.0580211345969996e-14	3	2	NOVEL colocalized	5.41718861568723
ACE	Dementia	Neurological/Psychiatric	Immune-cell-enriched	0.4395453890280715	3.079756859936873e-05	0.9947524105634636			6	3	NOVEL colocalized	5.397049124312456
ACE	Any dementia (more control exclusions)	Other	Immune-cell-enriched	0.4135117739966673	3.94340701811956e-05	0.9941230114752204			6	3	NOVEL colocalized	5.374948690470892
ACE	Hypertension, essential	Cardiovascular	Immune-cell-enriched	1.5336163437590753	2.417873540704059e-05	0.9171193870621994			6	3	NOVEL colocalized	5.34043267052074
ERBB2	Acute sinusitis	Respiratory	Immune-cell-enriched	2.2394573930073407	8.53572430912028e-06	0.8125497104950861			5	3	NOVEL colocalized	5.326301634576408
ACE	Unspecific neurodegenerative disorder	Neurological/Psychiatric	Immune-cell-enriched	0.4268617803314671	0.0001300241435789	0.992105037291454			6	3	NOVEL colocalized	5.269300236907726
SERPING1	Asthma (only as main-diagnosis) (more control exclusions)	Respiratory	Complement/Coagulation	1.163457501518054	8.245577597483483e-05	0.9493846985506842	7.829300319173171e-09	0.9741704467816464	4	1	NOVEL colocalized	5.266140481930835
ACE	Dementia, including avohilmo	Neurological/Psychiatric	Immune-cell-enriched	0.4744912070409275	0.0002195655257414	0.993993523139756			6	3	NOVEL colocalized	5.22568069273788
ERBB3	Type 1 diabetes, definitions combined	Metabolic/Endocrine	Immune-cell-enriched	0.4243341111823029	3.580158529850194e-07	0.9011520913604174	0.5874392086865359	0.0053142737880016	7	2	NOVEL colocalized	5.190371639824111
LTBR	Acute appendicitis, no complications	Gastrointestinal	Cytokine/Interleukin	0.7741840410028175	1.0869089361560575e-09	0.8906235939777771	0.2230812535596678	0.0224932214003984	4	1	NOVEL colocalized	5.183384962102858
ERBB2	Alcohol use disorder, Swedish definition	Other	Immune-cell-enriched	2.020176586772839	0.0006813767532915	0.985269890337062			5	3	NOVEL colocalized	5.118592427827775
ACE	Other degenerative diseases of the nervous system	Gastrointestinal	Immune-cell-enriched	0.444236526193862	0.0008192677655943	0.987637595844271			6	3	NOVEL colocalized	5.104952422301886
ACE	Alzheimer disease	Neurological/Psychiatric	Immune-cell-enriched	0.3974958645435714	0.0012106211244538	0.9909208744708036			6	3	NOVEL colocalized	5.074319224918016
SLC12A2	Erysipelas	Infection	Immune-cell-enriched	0.7050466241437757	4.013796450740785e-06	0.9912106856984304			3	3	NOVEL colocalized	5.070499616779723
ERBB2	Acute bronchiolitis	Respiratory	Immune-cell-enriched	9.33832974261792	0.0003764931035747	0.8300613310215442			5	3	NOVEL colocalized	5.014909925940433
PSRC1	Coronary atherosclerosis	Cardiovascular	Immune-cell-enriched	0.8271831854130581	9.227066656692128e-23	0.9943703078212502			3	0	NOVEL colocalized	4.99437030782125
PSRC1	Ischaemic heart disease, wide definition	Cardiovascular	Immune-cell-enriched	0.8555309876379927	2.3322609932015485e-19	0.9907696290401288			3	0	NOVEL colocalized	4.990769629040129
PSRC1	Major coronary heart disease event	Cardiovascular	Immune-cell-enriched	0.8503219654685883	1.8926191055315358e-15	0.9881190066630412			3	0	NOVEL colocalized	4.988119006663041
FES	Hypertension	Cardiovascular	Immune-cell-enriched	0.8468839990603911	1.3034218837950704e-28	0.9776632698994542			5	0	NOVEL colocalized	4.977663269899454
FES	Hypertension, essential	Cardiovascular	Immune-cell-enriched	0.8460046418287235	5.514320203989423e-26	0.977121698275244			5	0	NOVEL colocalized	4.977121698275244
IL2RA	Other otitis externa (chronic)	Other	Cytokine/Interleukin	2.703888841808721	0.0044236581866256	0.9899209788955968	0.932573452713832	0.0251248232859562	4	3	NOVEL colocalized	4.960764666511016
SERPING1	Chronic lower respiratory diseases	Respiratory	Complement/Coagulation	1.1303163382881682	3.4200512538509883e-06	0.8512999644460612	4.6894044203327206e-11	0.9750718512634338	4	1	NOVEL colocalized	4.944493441533204
SERPING1	Asthma/COPD (KELA code 203)	Respiratory	Complement/Coagulation	1.1531287259911658	9.120254827559267e-06	0.9249494223319904	3.5699687650492246e-10	0.9760775208238516	4	1	NOVEL colocalized	4.932948027722081
LTBR	Diseases of middle ear and mastoid	Other	Cytokine/Interleukin	1.2472441601615565	4.968379101378618e-08	0.9631361026539722	0.8459542639966287	0.0211066808833115	4	1	NOVEL colocalized	4.923893157387926
ERBB2	Acute upper respiratory infections	Respiratory	Immune-cell-enriched	1.4922257750434484	0.0015978431253029	0.8543186866621272			5	3	NOVEL colocalized	4.913611858970619
IL2RA	Nummular dermatitis	Dermatological	Cytokine/Interleukin	2.372477056717302	0.0098875178250422	0.9963090165370628	0.8720473905406048	0.0168055807962416	4	3	NOVEL colocalized	4.897291560648093
SLC12A2	Phlebitis and thrombophlebitis (not including DVT)	Cardiovascular	Immune-cell-enriched	0.5880874038461236	3.082051720907232e-05	0.9946154021900324			3	3	NOVEL colocalized	4.896847417694076
ERBB3	Asthma/COPD (KELA code 203)	Respiratory	Immune-cell-enriched	0.7991801388050095	2.784633483174332e-05	0.9829873063621448	0.4914723376270398	0.0040544814289146	7	2	NOVEL colocalized	4.894033698180837
ACE	Other heart diseases	Cardiovascular	Immune-cell-enriched	1.5277569780940818	0.0088055190207203	0.981609066831604			6	3	NOVEL colocalized	4.892658074925593
PPP3R1	Other disorders of veins	Cardiovascular	Immune-cell-enriched	1.346289355377687	6.407249370969635e-13	0.8819430967094922	0.2177905406335534	0.0393882294193556	2	2	NOVEL colocalized	4.881943096709492
IL2RA	Crohn's disease of small intestine	Gastrointestinal	Cytokine/Interleukin	2.4456162411777207	0.0130302153620398	0.9952843637892802	0.7059949425893817	0.0151561622939779	4	3	NOVEL colocalized	4.872294045040124
MAPT	Benign neoplasm: Cerebral meninges	Neoplasm	Immune-cell-enriched	8.122590227336294	0.0173917635682519	0.9928974422375076			4	3	NOVEL colocalized	4.844828717681399
IL2RA	Lichen simplex chronicus and prurigo	Dermatological	Cytokine/Interleukin	2.549030447118531	0.0182615298252859	0.9931535345325804	0.2215651922006449	0.012695458709567	4	3	NOVEL colocalized	4.84084610314758
SLC12A2	Female genital prolapse	Renal/Genitourinary	Immune-cell-enriched	1.504668142923306	5.1040810314263096e-05	0.9797555564824008			3	3	NOVEL colocalized	4.838172044373402
ACE	Pulmonary eosinophilia, not elsewhere classified	Respiratory	Immune-cell-enriched	0.0143344591817943	0.0179945789276512	0.987154142008244			6	3	NOVEL colocalized	4.836125804281001
MAPT	Benign neoplasm of meninges	Neoplasm	Immune-cell-enriched	7.0252816649699845	0.0244158668773977	0.9900665460229976			4	3	NOVEL colocalized	4.812532116347408
MAPT	Fracture of forearm	Other	Immune-cell-enriched	0.4758160178119393	0.0275930679824041	0.988185863404084			4	3	NOVEL colocalized	4.800025865216526
IL2RA	Allergic contact dermatitis	Dermatological	Cytokine/Interleukin	1.8205713723811063	0.0262555091695369	0.9799938325548864	0.8287217277843137	0.0127312601280098	4	3	NOVEL colocalized	4.796149743571112
IL2RA	Type1 diabetes, definitions combined, early onset	Metabolic/Endocrine	Cytokine/Interleukin	0.3511525754611003	0.0140779167703543	0.9105780310189434	0.0709464406397732	0.0228397338175071	4	3	NOVEL colocalized	4.780870352359956
ERBB3	Asthma (only as main-diagnosis) (more control exclusions)	Respiratory	Immune-cell-enriched	0.8152215108843451	0.0076655723393712	0.8572940181389537	0.6224404215264117	0.0088861903965051	7	2	NOVEL colocalized	4.7803851008592275
LTBR	Eustachian salpingitis and obstruction	Other	Cytokine/Interleukin	1.525347637709198	0.0258866214219995	0.962809816906208	0.0399189880590884	0.0169745094441512	4	1	NOVEL protein-confirmed	4.780194742420083
ERBB2	Inflammatory bowel disease, strict (require KELA)	Gastrointestinal	Immune-cell-enriched	0.3582990072910287	0.0043117249366509	0.8027906073690004			5	3	NOVEL colocalized	4.775860397856501
ACE	Atrial fibrillation and flutter	Cardiovascular	Immune-cell-enriched	1.7242700415098282	0.0106466317640309	0.8780526437434321			6	3	NOVEL colocalized	4.772610197074154
SERPING1	Asthma, unspecified (mode)	Respiratory	Complement/Coagulation	1.201771118921316	5.912261439068712e-05	0.9234596673323284	2.560464507084248e-09	0.9776543558268224	4	1	NOVEL colocalized	4.7691089412862855
SWAP70	Rheumatoid arthritis	Musculoskeletal	Immune-cell-enriched	0.8293131115972837	0.0329775060837499	0.9660752635970076	1.0546873683736637e-05	0.9770865502082442	5	0	NOVEL protein-confirmed	4.762431701770838
PSRC1	Myocardial infarction, strict	Cardiovascular	Immune-cell-enriched	0.8424693750152538	1.7662745744246235e-09	0.9938724024011936			3	0	NOVEL colocalized	4.744460758941518
ACE	Alzheimer’s disease, wide definition	Neurological/Psychiatric	Immune-cell-enriched	0.429980367299715	0.0477331505665214	0.9777564759228554			6	3	NOVEL colocalized	4.741992455848272
SERPING1	Asthma-related infections	Respiratory	Complement/Coagulation	1.2001862305230826	2.704023620526193e-05	0.8190259411546589	4.957556587470434e-10	0.9671681875028296	4	1	NOVEL colocalized	4.732623844956702
IL2RA	Prurigo nodularis	Dermatological	Cytokine/Interleukin	4.096357581424555	0.0446501036299299	0.9589376114016492	0.817596820365043	0.0131083837377387	4	3	NOVEL colocalized	4.728973117162763
CD226	First line medication for Crohn's disease	Medication/Other	CD/Leukocyte surface	0.9090529673430976	2.928043121846273e-07	0.9145220160210786			6	1	NOVEL colocalized	4.721206522346951
SWAP70	Autoimmune diseases	Haematological/Immune	Immune-cell-enriched	0.909884824390126	0.0002956953514305	0.983516494737832	2.1178794717968685e-08	0.991683469846638	5	0	NOVEL protein-confirmed	4.689347595313807
LTBR	Acute appendicitis, with complications	Gastrointestinal	Cytokine/Interleukin	0.6729664527059308	1.2258841846978812e-06	0.9859868619895306	0.3991931150186087	0.0194109658176062	4	1	NOVEL colocalized	4.668296973552154
FES	Cardiovascular diseases (excluding rheumatic etc)	Cardiovascular	Immune-cell-enriched	0.9062755457343252	4.892912436253924e-09	0.9964384392649548			5	0	NOVEL colocalized	4.658524950529154
ERBB2	Biological medication for rheuma	Medication/Other	Immune-cell-enriched	0.3155749448615021	0.0365182592455497	0.8657929346824056			5	3	NOVEL colocalized	4.653290921206067
ERBB2	Bronchitis	Respiratory	Immune-cell-enriched	1.431655840928499	0.0454180451615326	0.8505920327731245			5	3	NOVEL colocalized	4.619146345210426
CD226	Autoimmune diseases	Haematological/Immune	CD/Leukocyte surface	0.9174767266778808	1.6144828772561188e-06	0.9600302310818216			6	1	NOVEL colocalized	4.618423542406926
CRIM1	Diseases of veins, lymphatic vessels and lymph nodes, not elsewhere classified	Cardiovascular	Immune-cell-enriched	0.7797368781331545	2.2768791040641663e-06	0.951227271445819	0.8425117201603323	0.01632862622033	4	1	NOVEL colocalized	4.579759277165716
ERBB2	Allergic rhinitis	Respiratory	Immune-cell-enriched	2.098020089186588	0.049868121960196	0.8067837711623069			5	3	NOVEL colocalized	4.5672191685741055
ANXA2	Hypertension	Cardiovascular	Immune-cell-enriched	1.1095830136652372	0.0024185398060151	0.9966716957964176	0.0031922589105399	0.8686227686377915	1	3	NOVEL protein-confirmed	4.519961047855456
PSRC1	Statin medication	Cardiovascular	Immune-cell-enriched	0.7039508313011591	7.010880726430742e-169	0.9973050678362076			3	0	NOVEL colocalized	4.497305067836208
PSRC1	Hyperlipidaemia, other/unspecified	Metabolic/Endocrine	Immune-cell-enriched	0.7420390881468859	4.8653364785697575e-21	0.9964009330269596			3	0	NOVEL colocalized	4.49640093302696
PSRC1	Metabolic disorders	Metabolic/Endocrine	Immune-cell-enriched	0.8349096506159874	5.140656967694854e-31	0.995386424829336			3	0	NOVEL colocalized	4.495386424829336
PSRC1	Coronary angioplasty	Cardiovascular	Immune-cell-enriched	0.7920523353452155	8.679991926240882e-11	0.995277244700832			3	0	NOVEL colocalized	4.495277244700832
CD226	Asthma (more control exclusions)	Respiratory	CD/Leukocyte surface	0.9096152327132644	0.0019115467002553	0.9506153855284464			6	1	NOVEL colocalized	4.49433840301554
PSRC1	Disorders of lipoprotein metabolism and other lipidaemias	Metabolic/Endocrine	Immune-cell-enriched	0.7679385773321057	1.5945185199259564e-51	0.993015625749103			3	0	NOVEL colocalized	4.493015625749103
PSRC1	Coronary revascularization (ANGIO or CABG)	Cardiovascular	Immune-cell-enriched	0.764284417615305	9.71091607922972e-23	0.992658291673204			3	0	NOVEL colocalized	4.492658291673203
PSRC1	Pure hypercholesterolaemia	Metabolic/Endocrine	Immune-cell-enriched	0.7763434702622626	1.5289524208226586e-35	0.9919000488218944			3	0	NOVEL colocalized	4.491900048821894
PSRC1	Angina pectoris	Cardiovascular	Immune-cell-enriched	0.8345392103219034	3.571957931353529e-15	0.9908840344689392			3	0	NOVEL colocalized	4.490884034468939
PSRC1	Coronary artery bypass grafting	Cardiovascular	Immune-cell-enriched	0.7160821872163824	1.3669485404645376e-17	0.9885630379614776			3	0	NOVEL colocalized	4.488563037961478
PSRC1	Hard cardiovascular diseases	Cardiovascular	Immune-cell-enriched	0.8831715687216627	2.0159692622221078e-11	0.9853911631000072			3	0	NOVEL colocalized	4.485391163100007
SWAP70	Autoimmune diseases excluding thyroid diseases	Haematological/Immune	Immune-cell-enriched	0.8999551918425424	0.0043711449134845	0.9800908823186388	3.46683912244572e-07	0.9932936764226964	5	0	NOVEL protein-confirmed	4.451971841401242
PLAUR	Major coronary heart disease event	Cardiovascular	Immune-cell-enriched	1.5867849949293351	6.299007229359608e-06	0.8990723791980968	0.5772435028390417	0.0031423609959316	1	3	NOVEL colocalized	4.4392179578402615
CD226	Hypothyroidism, strict autoimmune	Metabolic/Endocrine	CD/Leukocyte surface	0.8872922660121374	7.328457522857267e-06	0.9005306736801945			6	1	NOVEL colocalized	4.427528158692078
IL1RL1	Lichen ruber planus, wide definition including periferal and oral lichen planus	Gastrointestinal	Cytokine/Interleukin	0.6458682842402356	2.0612234928923647e-05	0.943884244453802	2.149403412543549e-05	0.0038549089037205	3	2	NOVEL colocalized	4.381059227711969
IFNGR2	Psoriasis	Dermatological	Interferon axis	0.8757486654865103	0.0096148211343015	0.9737888978727246	0.09482726858387	0.019616270274652	2	3	NOVEL colocalized	4.377200655989513
IFNGR2	Hypertension	Cardiovascular	Interferon axis	1.0664311640761612	3.5370441860658856e-05	0.9849415186142572			2	3	NOVEL colocalized	4.375213421571028
