gene	disease	disease_code	nsnp	PP_H0	PP_H1	PP_H2	PP_H3	PP_H4
IL6ST	Rheumatoid arthritis	M13_RHEUMA	5824	1.1337897990498035e-43	1.6254908152905578e-14	6.975065076724527e-33	5.498378870368985e-10	0.9999999994501394
TNFSF14	Multiple sclerosis	G6_MS	6996	1.2679633162835442e-191	1.8912647800835657e-06	1.32247989096709e-188	0.0009735558901648618	0.9990245528450764
CTSH	Type 1 diabetes	T1D	6507	0.0	0.0001694884197113927	0.0	0.0014333298867772344	0.9983971816934452
ANXA2	Hypertension	I9_HYPTENS	5590	4.8616900216193084e-201	0.0014953496885119011	9.199697983743001e-201	0.0018329545150931707	0.9966716957964176
ACE	Dementia	F5_DEMENTIA	3675	1.4203884853943687e-16	1.1442882760134219e-05	7.734324757151364e-14	0.005236146553695184	0.9947524105634636
IL2RA	Type 1 diabetes	T1D	8103	3.506680011410365e-55	2.9699863209483745e-07	7.812761064305163e-51	0.0056226491402375485	0.9943770538611345
FES	Atrial fibrillation	I9_AF	5936	0.0	6.911311441951461e-05	0.0	0.009052169911374744	0.9908787169742405
PFKFB2	Atrial fibrillation	I9_AF	3971	3.721863233471297e-16	0.0024864168716543043	1.2881117313402059e-15	0.007615422724514738	0.9898981604038327
PSRC1	Coronary heart disease	I9_CHD	4665	0.0	1.976364060152501e-16	0.0	0.01188099333702006	0.9881190066630413
IFNGR2	Hypertension	I9_HYPTENS	4677	0.0	1.4682198884816503e-05	0.0	0.015043799186765213	0.9849415186142573
CTLA4	Rheumatoid arthritis	M13_RHEUMA	4428	9.64746693600204e-76	4.020076884184681e-12	3.860858692553168e-66	0.015103210986842471	0.9848967890091271
CD2	Type 1 diabetes	T1D	4886	4.0461998050758626e-15	0.004132133518908724	1.755922072837244e-14	0.016953231089741623	0.9789146353913296
ACE	Alzheimer's disease	G6_AD_WIDE	3675	1.273183664235733e-13	0.010258186120302396	1.6089004309162783e-13	0.011985337956553366	0.9777564759228554
FES	Hypertension	I9_HYPTENS	5936	0.0	1.3069672728308882e-29	0.0	0.022336730100593297	0.9776632698994542
PLAU	Sjogren syndrome	M13_SJOGREN	3997	1.3507838823574477e-163	0.004231686035856361	6.218885482868128e-163	0.018505032295116037	0.9772632816690164
SPINK8	Type 2 diabetes	T2D	2470	2.5597132130433177e-96	3.3418907580936224e-05	2.025407322603908e-93	0.025468659766395823	0.9744979213260146
IFNGR2	Psoriasis	L12_PSORIASIS	4677	0.0	0.0027905061926923437	0.0	0.02342059593465383	0.9737888978727246
PFKFB2	Hypertension	I9_HYPTENS	3971	1.683641205114591e-15	0.011247617097303327	3.234887432875449e-15	0.020642655730058544	0.9681097271726353
SWAP70	Rheumatoid arthritis	M13_RHEUMA	5601	2.992645095857852e-259	0.015417811196291783	3.7797699438079146e-259	0.01850692520668916	0.9660752635970075
CTLA4	Type 1 diabetes	T1D	4428	2.8187289636953418e-70	1.1745601666851566e-06	9.585099730960961e-66	0.038979949136923306	0.961018876302924
SCARB1	Coronary heart disease	I9_CHD	6498	0.0	0.013675467501795428	0.0	0.03075673348183614	0.9555677990163981
PDLIM7	Venous thromboembolism	I9_VTE	4983	1.0206939150497522e-29	0.032384381114741796	4.2871215882169086e-30	0.01264712880382541	0.9549684900814279
SIGLEC9	Guillain-Barre	G6_GUILBAR	6809	1.7314273158051818e-72	0.03364756706684096	1.0052317711214151e-72	0.01858733356042663	0.947765099372724
SIGLEC7	Guillain-Barre	G6_GUILBAR	6843	2.2951370180895977e-89	0.03364415955866298	1.3394187271633976e-89	0.018686721777116184	0.9476691186642079
LTBP3	Obesity	E4_OBESITY	3546	0.0	0.002893442393473828	0.0	0.04977485065127471	0.9473317069552675
F12	Obesity	E4_OBESITY	4873	4.591186131201619e-18	0.03889098748704041	1.7859491375826403e-18	0.01418147797491982	0.9469275345380361
RAPGEF2	Dementia	F5_DEMENTIA	4844	0.0	0.0323972524355809	0.0	0.02729776791914135	0.9403049796453073
RAPGEF2	Alzheimer's disease	G6_AD_WIDE	4844	0.0	0.043418955854283174	0.0	0.017122928245950332	0.9394581158998632
HNMT	Crohn's disease	CHRONNAS	5477	3.8615895438954777e-202	0.04583131757692715	2.485281725759367e-202	0.02857099555450297	0.925597686868574
PM20D1	Type 1 diabetes	T1D	3996	0.0	0.006456804286611236	0.0	0.07588279577286838	0.9176603999405609
HAVCR1	Coeliac disease	K11_COELIAC	6291	1.36101476438033e-23	0.014749913807950592	6.808174920493959e-23	0.07287079771655747	0.9123792884754937
NUMB	Rheumatoid arthritis	M13_RHEUMA	5646	4.052229938375636e-68	0.025589713193613497	1.1518303782577105e-67	0.07183517540015975	0.9025751114062138
ERBB2	Atrial fibrillation	I9_AF	4341	1.0075416932909639e-13	0.00029163602368254443	3.399154849276301e-11	0.09748735539560296	0.9022210085466218
NUMB	Coeliac disease	K11_COELIAC	5646	1.9504002827241543e-68	0.012317704219704705	1.3735826834920108e-67	0.08584643507848731	0.9018358607018011
ERBB3	Type 1 diabetes	T1D	3989	6.620194458782275e-95	3.700040959615706e-08	1.7847314161581336e-88	0.09884787163916972	0.9011520913604174
PLAUR	Coronary heart disease	I9_CHD	6392	3.6539330471057065e-30	1.4159159262302983e-06	2.6277177813833504e-25	0.10092620488597603	0.8990723791980968
PM20D1	Epilepsy	G6_EPLEPSY	3996	0.0	0.03132165317448651	0.0	0.08179147878792718	0.886886868037533
CA8	Rheumatoid arthritis	M13_RHEUMA	5319	5.075756844399299e-116	0.0038231894418444224	1.5172786812121791e-114	0.11340252369282221	0.8827742868653535
TGFA	Coeliac disease	K11_COELIAC	5714	1.6868299467993712e-93	0.08181480696514891	7.976156886433493e-94	0.03780566213117806	0.8803795309036702
ACE	Atrial fibrillation	I9_AF	3674	1.1630628997788338e-13	0.009382696143415574	1.4062163842813382e-12	0.11256466011163029	0.8780526437434321
BCL7A	Crohn's disease	CHRONNAS	4827	1.2871216634767294e-94	0.07592771854083852	8.607441272645213e-95	0.04990140044616427	0.8741708810130064
MERTK	Hypertension	I9_HYPTENS	4008	0.0	2.2721822692901354e-05	0.0	0.1281878401513622	0.8717894380259383
CLEC4A	Type 2 diabetes	T2D	5796	8.6209737717875e-196	0.09191968221840195	4.449953015473107e-196	0.04658538031086	0.8614949374707648
SCPEP1	Venous thromboembolism	I9_VTE	5319	6.473274377131903e-74	0.06013276813554711	8.728313709034875e-74	0.08022106104187829	0.8596461708225693
TNFRSF1A	Ankylosing spondylitis	M13_ANKYLOSPON	5382	4.581988026472075e-208	0.022402332314780324	2.4388281382927357e-207	0.11838037499131265	0.8592172926938795
CTLA4	Autoimmune hyperthyroidism	AUTOIMMUNE_HYPERTHYROIDISM	4428	8.055215407586971e-80	3.356503357413008e-16	3.746402524668888e-65	0.15526297724678045	0.8447370227532178
IL12RB2	Autoimmune hyperthyroidism	AUTOIMMUNE_HYPERTHYROIDISM	5640	0.0	0.08235267751967017	0.0	0.09479707485186471	0.8228502476284897
HAVCR2	Alzheimer's disease	G6_AD_WIDE	6482	5.101824515447877e-133	0.09074686180171739	5.1568146899039845e-133	0.09090663317328883	0.8183465050249855
IL6ST	Psoriasis	L12_PSORIASIS	5824	7.820142291474463e-31	0.11214535688308014	5.344778512317779e-31	0.07583519122333389	0.8120194518935863
MYL6B	Rheumatoid arthritis	M13_RHEUMA	3502	5.401179109409695e-31	0.019826364486615646	4.6684952300779125e-30	0.1705590554095652	0.8096145801038143
CD226	Sarcoidosis	D3_SARCOIDOSIS	6361	0.0	0.0465147752648065	0.0	0.14988017004715493	0.8036050546880004
SCARF1	Alzheimer's disease	G6_AD_WIDE	6899	0.01455421466859338	0.1164719996432722	0.007377103871289459	0.058232871330344424	0.8033638104865007
LTBR	Sarcoidosis	D3_SARCOIDOSIS	5373	2.83733667505327e-200	0.006894689537250272	8.280811277920409e-199	0.2004299126009794	0.7926753978617789
DPEP2	Osteoporosis	M13_OSTEOPOROSIS	3549	3.219983717785138e-160	0.14088755819045895	1.537268371348622e-160	0.0664691835411928	0.7926432582683223
PVALB	Sarcoidosis	D3_SARCOIDOSIS	5801	0.0	0.13509956166062403	0.0	0.09128939417293636	0.7736110441665229
SPON2	Glaucoma	H7_GLAUCOMA	5946	3.290273063954761e-86	0.012453994586448774	6.292899906265665e-85	0.23744210642015262	0.7501038989933925
CRIM1	Venous thromboembolism	I9_VTE	7127	3.1641063794716177e-65	0.11201886981806289	4.038498919581343e-65	0.14222924024940053	0.745751889932544
PSAP	Coronary heart disease	I9_CHD	5726	2.5504531269514983e-53	0.18330171384829017	1.0060819990867211e-53	0.07156223268651188	0.745136053465194
ACE	Hypertension	I9_HYPTENS	3675	2.895185972923345e-19	2.334851402571103e-08	3.292831672331648e-12	0.26481849003836894	0.7351814866098264
SEZ6	Osteoporosis	M13_OSTEOPOROSIS	3008	0.14170786586845757	0.053042356495839875	0.05438541358179436	0.0196256446314073	0.7312387194225011
CRIM1	Alzheimer's disease	G6_AD_WIDE	7127	2.1312029933617774e-65	0.07545719136456662	5.506850940799266e-65	0.19424479659430433	0.7302980120411406
AAMDC	Hypertension	I9_HYPTENS	4285	1.8287495622315786e-71	0.05132196886457341	7.928292468862773e-71	0.22177243911851055	0.7269055920169191
IL1RL1	Coeliac disease	K11_COELIAC	5122	2.0385198849453688e-142	0.12176042616960225	2.6813380039647846e-142	0.15943703429021083	0.7188025395401767
SNX2	Psoriasis	L12_PSORIASIS	5197	1.973916931936476e-28	0.18061401781397332	1.2311018620328556e-28	0.1119387589278185	0.7074472232582114
CD226	Type 1 diabetes	T1D	6361	0.0	0.1196777418677682	0.0	0.17639462635459785	0.7039276317776381
PM20D1	Obesity	E4_OBESITY	3996	0.0	0.1443744047542903	0.0	0.16162845940124915	0.6939971358444582
TNFSF8	Coeliac disease	K11_COELIAC	6575	4.378666615301342e-284	0.04501268748016996	2.5990970660879757e-283	0.2664986581304466	0.6884886543893418
PM20D1	Dementia	F5_DEMENTIA	3996	0.0	0.22376232801280002	0.0	0.11144722472364377	0.6647904472635763
LILRB2	Dementia	F5_DEMENTIA	7883	5.7953698978714e-101	0.19236856346634226	4.412895213798552e-101	0.14581758746018667	0.6618138490734694
TNFSF13	Glaucoma	H7_GLAUCOMA	5618	1.5624865431643945e-277	0.05528690989904338	8.105022092414451e-277	0.2861289264958685	0.6585841636050902
PFKFB2	Heart failure	I9_HEARTFAIL	3971	4.406503649191439e-14	0.2943660047123353	8.171354462123175e-15	0.053935092749044254	0.6516989025385677
PF4	Type 2 diabetes	T2D	4281	1.7591631031799672e-07	0.2571263978113498	6.936421006129327e-08	0.10074340637551855	0.6421299505326118
LIF	Type 1 diabetes	T1D	5206	1.0450793992291248e-08	1.6847983743014503e-08	0.14036047611647676	0.22564460379708143	0.6339948927876629
AAMDC	Venous thromboembolism	I9_VTE	4285	1.4390055160093259e-71	0.040491603224313596	1.1899477500206007e-70	0.3342093601460485	0.6252990366296263
GSTM4	Heart failure	I9_HEARTFAIL	5067	0.0	0.2928281234160982	0.0	0.08464316608334795	0.6225287105003765
SPINK8	Hypertension	I9_HYPTENS	2470	2.755797007627944e-97	3.6025254793319035e-06	2.912442171103896e-92	0.38011015662661984	0.6198862408478872
SCARF1	Dementia	F5_DEMENTIA	6899	0.0076856107090045684	0.06149565578574374	0.03479878510464899	0.27782084648366556	0.6181991019169373
PIK3IP1	Hypertension	I9_HYPTENS	5764	0.0	0.01887801644598771	0.0	0.36298485710881434	0.6181371264452468
CRIM1	Dementia	F5_DEMENTIA	7127	6.155777640179997e-65	0.21794954190622562	4.717230740044178e-65	0.16640115002331318	0.6156493080704599
PACS2	Type 2 diabetes	T2D	5467	4.4710019149580903e-11	0.27051719485612186	1.8992967918474185e-11	0.11430144137601393	0.6151813637041613
LTBP2	Hypertension	I9_HYPTENS	5062	2.429584959475146e-56	0.0715681370451402	1.098527642498828e-55	0.32298717783100583	0.6054446851238643
PILRA	Dementia	F5_DEMENTIA	3811	1.4391676313067906e-20	0.062291726226204956	7.839685521414287e-20	0.338727400276458	0.5989808734973336
AAMDC	Chronic kidney disease	N14_CHRONKIDNEYDIS	4285	4.445881169955169e-71	0.12569292334746657	1.0116147104373833e-70	0.2854124747452039	0.5888946019073391
PM20D1	Atrial fibrillation	I9_AF	3996	0.0	0.1604662372698461	0.0	0.25350666354899154	0.5860270991811377
TGFB2	Venous thromboembolism	I9_VTE	6008	1.2735240730444363e-07	0.03578635981076721	1.3926579561975048e-06	0.39076708608496424	0.5734450340939056
ERBB3	Rheumatoid arthritis	M13_RHEUMA	3989	7.925642685935415e-89	0.044302262549374846	7.188522657772004e-88	0.4012651178527962	0.5544326195978327
TPPP3	Coronary heart disease	I9_CHD	3230	2.791867913829553e-51	0.13243699575235068	6.763449916861449e-51	0.3202884582168301	0.5472745460308236
NOMO1	Type 2 diabetes	T2D	3017	5.348401285969938e-69	0.00039260861896068665	6.333039201948447e-66	0.46435240806905076	0.5352549833119766
PILRB	Dementia	F5_DEMENTIA	3754	0.0	0.07117713613333779	0.0	0.3961361865495916	0.5326866773174385
HAVCR2	Dementia	F5_DEMENTIA	6482	1.9355154492419488e-133	0.03443976111543951	2.5305299771166886e-132	0.4497562304591665	0.5158040084254029
SERPING1	Obesity	E4_OBESITY	5203	4.502043493775033e-249	0.0025816337768369327	8.968640278182474e-247	0.5138105056118351	0.48360786061133154
TNFRSF14	Obesity	E4_OBESITY	6039	0.0	0.04821510212902773	0.0	0.4911548829009278	0.4606300149700093
TMEM106A	Hypertension	I9_HYPTENS	3677	1.0154477260019365e-66	0.09537788524087304	4.752607757293794e-66	0.445939162710336	0.4586829520487956
LTBP2	Glaucoma	H7_GLAUCOMA	5062	4.597404684028534e-62	1.354246364345198e-07	1.851415247860286e-55	0.5449118179859229	0.4550880465894441
TGFB2	Atrial fibrillation	I9_AF	6008	8.099297327858463e-08	0.022798840820001456	1.90382817188892e-06	0.5354698897422994	0.4417292846165523
EPHB4	Dementia	F5_DEMENTIA	4885	0.0	0.09024998090362689	0.0	0.4777987759843709	0.4319512431118273
VAT1	Hypertension	I9_HYPTENS	3673	1.0968491547198659e-250	0.09572589109965818	5.5071374557154556e-250	0.480203222381772	0.4240708865185141
ADM	Atrial fibrillation	I9_AF	6328	0.0	0.011893405167653939	0.0	0.5655783839713096	0.4225282108609871
DENR	Atrial fibrillation	I9_AF	4584	1.2482450090566163e-77	0.004268573301326757	1.8082275864473483e-75	0.6179745651770013	0.37775686152168164
LTBP3	Type 2 diabetes	T2D	3546	0.0	0.022885163759457063	0.0	0.6489841918593707	0.328130644381161
STK11	Coronary heart disease	I9_CHD	7231	1.0192731281639502e-155	0.03287998477462832	2.1122887717925235e-154	0.6811017347869395	0.2860182804384474
IL4	Coronary heart disease	I9_CHD	4756	5.084903832231085e-52	0.01075082195610399	3.4524514160603295e-50	0.7296793180870841	0.2595698599568171
MPO	Type 2 diabetes	T2D	4307	5.622736722331853e-289	0.10680860558102673	3.4972254353173924e-288	0.6640982452893391	0.22909314912968662
JMJD1C	Hypertension	I9_HYPTENS	5289	3.250463893721824e-09	4.586562401385449e-05	5.748084095670681e-05	0.8108935763734738	0.18900307391109175
IL1RN	Hypertension	I9_HYPTENS	4752	4.442851488270853e-43	0.007468179680585925	4.847087039528169e-41	0.8145897140758591	0.17794210624355125
HIP1R	Atrial fibrillation	I9_AF	4637	5.706336994116086e-27	0.006126699080255332	7.6040122838334735e-25	0.8162391865825545	0.1776341143371893
TNFRSF14	Rheumatoid arthritis	M13_RHEUMA	6039	0.0	0.0016787207600006669	0.0	0.9150905888109896	0.08323069042897513
EVI2B	Type 2 diabetes	T2D	4491	2.0565102999222835e-41	0.00021399076943017225	8.864832786442166e-38	0.9223552888786168	0.07743072035195338
PIK3IP1	Type 2 diabetes	T2D	5764	0.0	0.0015738674904978399	0.0	0.9474039392132415	0.05102219329632371
TNFRSF14	Multiple sclerosis	G6_MS	6039	0.0	0.00018981598521476697	0.0	0.9638803091709542	0.03592987484379623
PM20D1	Type 2 diabetes	T2D	3996	0.0	0.01892183049995778	0.0	0.9471876815229712	0.033890487977086534
FES	Coronary heart disease	I9_CHD	5936	0.0	1.3321372790904207e-07	0.0	0.9669925245915201	0.03300734219470217
ADAMTSL4	Hypertension	I9_HYPTENS	3116	1.5636186559095273e-245	0.0009283354351395383	1.653439204125692e-242	0.9816453321908907	0.01742633237394039
MERTK	Type 2 diabetes	T2D	4008	0.0	0.007391302214836353	0.0	0.9816574118766626	0.010951285908596198
MAPRE3	Obesity	E4_OBESITY	3821	1.3947886741226316e-78	1.3477816245399733e-05	1.0296663581962176e-73	0.994959603014288	0.005026919169459394
ANXA11	Glaucoma	H7_GLAUCOMA	6924	8.207212732461573e-275	1.0921776257141864e-06	7.481946254291338e-269	0.9956582017562876	0.004340706066066064
PHOSPHO1	Coronary heart disease	I9_CHD	4699	1.2530831237187754e-84	0.0015416404062508805	8.080768586435804e-82	0.9941547534116248	0.004303606182125247
GDF15	Obesity	E4_OBESITY	5492	8.428733437596389e-92	0.0005374874197433085	1.56151457894862e-88	0.9957502146051502	0.003712297975108152
CD14	Atrial fibrillation	I9_AF	3932	1.0972172492829795e-297	0.0009063617178135337	1.2065770709617924e-294	0.9966965405337919	0.002397097748430707
NGFR	Hypertension	I9_HYPTENS	4859	5.471877564563786e-14	8.285854433634667e-08	6.591622793420524e-07	0.9981423139236398	0.0018569440554820618
SERPING1	Venous thromboembolism	I9_VTE	5203	2.5973240066104397e-250	0.00014901131178896495	1.7412321611340094e-246	0.9989629986846593	0.0008879900035633445
CD79B	Type 2 diabetes	T2D	3278	1.1071171480854307e-37	8.27310015490826e-05	1.3377522451055449e-33	0.9996553142732054	0.00026195472524240406
PRKCQ	Rheumatoid arthritis	M13_RHEUMA	7798	3.588780638736588e-71	1.094109120254101e-05	3.279952968620065e-66	0.9999570057877386	3.2053121059202626e-05
PINLYP	Coronary heart disease	I9_CHD	6111	1.4236214830899834e-51	1.3904835385208967e-05	1.0237897209082972e-46	0.9999587192004283	2.7375964180672512e-05
ERBB3	Psoriasis	L12_PSORIASIS	3989	2.289206011366682e-93	1.279472939061246e-06	1.7891480335693356e-87	0.9999827210543634	1.599947270527193e-05
PROCR	Venous thromboembolism	I9_VTE	3584	4.1937573904000885e-59	6.0864328185914496e-18	6.89029937746875e-42	0.9999945186879573	5.481312039401948e-06
RELB	Dementia	F5_DEMENTIA	5641	0.0	0.0	0.00015805225229381458	0.9998374837900512	4.463957874315477e-06
RELB	Alzheimer's disease	G6_AD_WIDE	5641	0.0	0.0	0.0001580523345293716	0.9998374987292568	4.4489363097868015e-06
IL4	Psoriasis	L12_PSORIASIS	4756	4.4719644638771936e-61	9.454723423232078e-12	4.729853034967599e-50	0.9999956942150776	4.305775456975156e-06
MYL4	Hypertension	I9_HYPTENS	3523	1.1361428715667534e-18	2.3648580501571595e-15	0.00048019482870971216	0.9995156683525075	4.136818779541329e-06
SWAP70	Hypertension	I9_HYPTENS	5601	1.6603984915500594e-267	8.582847381005799e-11	1.934546782977975e-257	0.9999960737752414	3.926138941246438e-06
LPL	Coronary heart disease	I9_CHD	7558	0.0	2.6251777850301966e-08	0.0	0.9999961825860841	3.791162104921719e-06
ANPEP	Type 2 diabetes	T2D	5793	0.0	2.3472404612480585e-11	0.0	0.9999975067297942	2.493247025954946e-06
MAPT	Hypertension	I9_HYPTENS	1982	3.7442230619670785e-19	4.806962804723133e-15	7.788551165188261e-05	0.9999210809672309	1.0335211152450364e-06
CASP3	Type 2 diabetes	T2D	6835	0.0	6.862128794108571e-09	0.0	0.9999994547236278	5.384142256271635e-07
MPO	Hypertension	I9_HYPTENS	4307	1.1686044907490684e-296	2.216341939269616e-09	5.272672259740583e-288	0.9999999789129108	1.8870763541741658e-08
TNFSF12	Hypertension	I9_HYPTENS	5652	0.0	8.327998641658084e-13	0.0	0.9999999819806363	1.8018632630945025e-08
SPRY2	Type 2 diabetes	T2D	5163	8.698402305413515e-63	6.444857921297935e-15	1.3496654689078822e-48	0.999999986533453	1.3466530182329051e-08
ADM	Hypertension	I9_HYPTENS	6328	0.0	8.58288099188711e-11	0.0	0.9999999936554786	6.258705334462916e-09
LDLR	Coronary heart disease	I9_CHD	5330	1.1960909836003977e-25	6.938844175907176e-18	1.7237610940561826e-08	0.9999999826218443	1.4054557250208054e-10
LDLR	Hypertension	I9_HYPTENS	5330	1.3282981759806437e-52	7.700095870203134e-45	1.725041058296861e-08	0.9999999826179647	1.3163136532273113e-10
CLINT1	Hypertension	I9_HYPTENS	6144	6.453139037299285e-24	3.207197418596796e-14	2.01208039097799e-10	0.9999999997914912	7.271173208394247e-12
SORT1	Coronary heart disease	I9_CHD	4744	4.090787442988366e-32	1.535742332005098e-14	2.6637199208065782e-18	0.9999999999999005	9.078216880477684e-14
ANXA11	Sarcoidosis	D3_SARCOIDOSIS	6924	1.2776769614664218e-296	1.6924879481222907e-28	7.549105226327133e-269	1.0	1.4036874810500103e-18
SLC12A2	Hypertension	I9_HYPTENS	5516	1.6667161528646038e-99	9.163463868270787e-21	1.8188713098283572e-79	1.0	1.3149745486805363e-20
KRT18	Hypertension	I9_HYPTENS	6131	1.0737795824594299e-51	2.931908689447965e-32	3.6623909411775583e-20	1.0	2.244322663911587e-21
ANPEP	Coronary heart disease	I9_CHD	5793	0.0	1.0841940417692755e-24	0.0	1.0	2.2179540354375152e-23
NPDC1	Type 2 diabetes	T2D	5042	7.679868366651905e-218	2.4303905781297e-30	3.1599317557268875e-188	1.0	1.8605153427240207e-26
LYPD3	Dementia	F5_DEMENTIA	5946	2.590023698813508e-97	4.306619867247744e-72	6.014052269880979e-26	1.0	3.630477406140191e-27
LYPD3	Alzheimer's disease	G6_AD_WIDE	5946	2.25993617379187e-76	3.7581471053576245e-51	6.013431913216221e-26	1.0	3.598003960133139e-27
TSPAN15	Venous thromboembolism	I9_VTE	6658	2.2632576547223666e-163	7.196556886002899e-37	3.1449173411304654e-127	1.0	6.584747121739462e-30
TEX101	Alzheimer's disease	G6_AD_WIDE	5764	1.9037112059479398e-168	1.7344869118252874e-47	1.0975644687595026e-121	1.0	5.441429119862999e-43
ADAM15	Atrial fibrillation	I9_AF	3268	0.0	6.231220385155302e-46	0.0	1.0	1.983331869769996e-43
MAPRE3	Hypertension	I9_HYPTENS	3821	4.222155096322016e-122	4.080398349932959e-49	1.0347409086642892e-73	1.0	1.2284103307296087e-45
PVR	Dementia	F5_DEMENTIA	5757	0.0	0.0	1.5124917448897407e-43	1.0	1.1448751386226948e-45
PVR	Alzheimer's disease	G6_AD_WIDE	5757	0.0	0.0	1.5096891213371785e-43	1.0	1.1388573288255051e-45
SLC16A1	Hypertension	I9_HYPTENS	4394	1.6018507406282483e-101	1.681553170911324e-54	9.5260189706646e-48	1.0	7.215970130861855e-50
TEX101	Dementia	F5_DEMENTIA	5764	1.7262724666847203e-189	1.57193330655466e-68	1.0981842928617884e-121	1.0	2.1532171477020964e-63
