gene_symbol	disease	immune_class	chr	OR	OR_l95	OR_u95	MR_p	FDR	PP_H4	nsnp	evidence_tier	claim_label	allowed_language	pQTL_OR	pQTL_MR_p	pQTL_FDR	pQTL_PPH4	dir
CTLA4	Autoimmune hyperthyroidism	Immune checkpoint	2	0.1541189153607358	0.1024016946546453	0.2319555369867322	3.090565665042496e-19	1.3519679501728398e-15	0.8447370227532178	4428.0	4	prioritized causal target (transcript-level)	colocalized cis-eQTL/GWAS signal (PP.H4≥0.8)					no pQTL
IL6ST	Rheumatoid arthritis	Cytokine/Interleukin	5	2.632384596643061	2.111007969210416	3.282530793683117	8.347246307696489e-18	2.434335264867885e-14	0.9999999994501394	5824.0	4	prioritized causal target (transcript-level)	colocalized cis-eQTL/GWAS signal (PP.H4≥0.8)	0.8989943213580694	0.1161980605024952	0.5939206394191032	0.0278578952724264	DISCORDANT
CTLA4	Rheumatoid arthritis	Immune checkpoint	2	0.5105947113703064	0.4329720283404455	0.602133491806849	1.3563105754997917e-15	2.96659030626192e-12	0.9848967890091272	4428.0	4	prioritized causal target (transcript-level)	colocalized cis-eQTL/GWAS signal (PP.H4≥0.8)					no pQTL
TNFSF14	Multiple sclerosis	TNF superfamily	19	0.4980323826686125	0.3960396096414442	0.6262915328371719	2.485092794994392e-09	3.1060109804865624e-06	0.9990245528450764	6996.0	4	prioritized causal target (transcript-level)	colocalized cis-eQTL/GWAS signal (PP.H4≥0.8)	0.3454705111381559	2.4850927982100757e-09	3.069089605789444e-07	0.9983486215033294	concordant
IFNGR2	Psoriasis	Interferon axis	21	0.8757486654865103	0.8279289546933061	0.9263303581229424	3.637069704162429e-06	0.002834373120554	0.9737888978727246	4677.0	4	prioritized causal target (transcript-level)	colocalized cis-eQTL/GWAS signal (PP.H4≥0.8)	1.2744800664128164	0.09482726858387	0.5712764717125828	0.019616270274652	DISCORDANT
CA8	Rheumatoid arthritis	Immune-cell-enriched	8	0.746217049064143	0.6590186108878073	0.8449532002804017	3.887584574997024e-06	0.002834373120554	0.8827742868653535	5319.0	4	prioritized causal target (transcript-level)	colocalized cis-eQTL/GWAS signal (PP.H4≥0.8)					no pQTL
PLAU	Sjogren syndrome	Immune-cell-enriched	10	1.6562031611902714	1.327226236970771	2.066722940466597	7.979834585504233e-06	0.0049868266277554	0.9772632816690164	3997.0	4	prioritized causal target (transcript-level)	colocalized cis-eQTL/GWAS signal (PP.H4≥0.8)	0.918616387014398	0.8078395904438995	0.9939042442749216	0.0077410057527805	DISCORDANT
SWAP70	Rheumatoid arthritis	Immune-cell-enriched	11	0.8293131115972837	0.7614145380182337	0.9032664898377588	1.7515055691507833e-05	0.0090140718967648	0.9660752635970076	5601.0	4	prioritized causal target (transcript-level)	colocalized cis-eQTL/GWAS signal (PP.H4≥0.8)	0.7927391758780494	1.0355557635399748e-05	0.0008526075786479	0.9727555430875652	concordant
MYL6B	Rheumatoid arthritis	Immune-cell-enriched	12	1.396184655655942	1.1955094898951553	1.630544641565376	2.491243482814952e-05	0.0111243007983997	0.8096145801038143	3502.0	4	prioritized causal target (transcript-level)	colocalized cis-eQTL/GWAS signal (PP.H4≥0.8)					no pQTL
NUMB	Coeliac disease	Immune-cell-enriched	14	0.5647687861390079	0.4328905621311384	0.7368231366067589	2.5429879525430923e-05	0.0111243007983997	0.9018358607018012	5646.0	4	prioritized causal target (transcript-level)	colocalized cis-eQTL/GWAS signal (PP.H4≥0.8)					no pQTL
HAVCR1	Coeliac disease	Immune-cell-enriched	5	2.414271024768988	1.5991115006945622	3.644964455891564	2.745954418599629e-05	0.0111927573037108	0.9123792884754937	6291.0	4	prioritized causal target (transcript-level)	colocalized cis-eQTL/GWAS signal (PP.H4≥0.8)	1.0825559313050142	0.1413199480525842	0.6219375235496534	0.0229459327791851	concordant
NUMB	Rheumatoid arthritis	Immune-cell-enriched	14	0.7193194403952133	0.6156844910486744	0.840398718585843	3.315219607757043e-05	0.0120853568117776	0.9025751114062138	5646.0	4	prioritized causal target (transcript-level)	colocalized cis-eQTL/GWAS signal (PP.H4≥0.8)					no pQTL
TNFRSF1A	Ankylosing spondylitis	TNF superfamily	12	1.4604796934690565	1.2158139302013475	1.7543810628014678	5.1448533467873045e-05	0.0180049287724168	0.8592172926938795	5382.0	4	prioritized causal target (transcript-level)	colocalized cis-eQTL/GWAS signal (PP.H4≥0.8)	1.5648985037315444	0.0326548025939739	0.4480964578173086	0.0435977979493565	concordant
CD226	Sarcoidosis	CD/Leukocyte surface	18	0.8056068854711766	0.7224481910027563	0.8983377105806796	0.0001007908141813	0.0309394027354561	0.8036050546880004	6361.0	4	prioritized causal target (transcript-level)	colocalized cis-eQTL/GWAS signal (PP.H4≥0.8)	1.2701494010002927	0.5686097480969918	0.8895776038404954	0.010056133201374	DISCORDANT
SIGLEC7	Guillain-Barre	Immune-cell-enriched	19	3.0533665432002017	1.7384906324162128	5.362725040500716	0.0001025537409221	0.0309394027354561	0.947669118664208	6843.0	4	prioritized causal target (transcript-level)	colocalized cis-eQTL/GWAS signal (PP.H4≥0.8)	1.2103332044817958	0.6804142298296247	0.9234193119116336	0.0595739943633753	concordant
SIGLEC9	Guillain-Barre	Immune-cell-enriched	19	2.9426871908214847	1.7069793515861404	5.072942385025597	0.0001025537409221	0.0309394027354561	0.947765099372724	6809.0	4	prioritized causal target (transcript-level)	colocalized cis-eQTL/GWAS signal (PP.H4≥0.8)	1.0372017367062554	0.541066855363284	0.8895776038404954	0.0251888573298238	concordant
HNMT	Crohn's disease	Immune-cell-enriched	2	0.6415181114658792	0.5119179870843293	0.8039285544208735	0.0001154999985993	0.0336836495915189	0.925597686868574	5477.0	4	prioritized causal target (transcript-level)	colocalized cis-eQTL/GWAS signal (PP.H4≥0.8)					no pQTL
IL4	Psoriasis	Cytokine/Interleukin	5	1.7955955190555564	1.4822038448073327	2.175249564591092	2.2131575048631887e-09	3.1060109804865624e-06	4.305775456975156e-06	4756.0	3	genetically-supported nomination	genetically supported; colocalization pending/absent	1.010566673062956	0.9438590429472562	0.9959572788233544	0.023002206363789	concordant
ANXA11	Sarcoidosis	Immune-cell-enriched	10	0.7251670635232493	0.6339218705009846	0.8295458706975084	2.816866211469816e-06	0.0024644762484149	1.4036874810500105e-18	6924.0	3	genetically-supported nomination	genetically supported; colocalization pending/absent					no pQTL
TNFRSF14	Multiple sclerosis	TNF superfamily	1	0.7302166192022661	0.6350942863227397	0.8395860621681291	1.0080983055065548e-05	0.0058799013832512	0.0359298748437962	6039.0	3	genetically-supported nomination	genetically supported; colocalization pending/absent	1.255235965375313	0.2506561107651226	0.681792320226866	0.1915093420649921	DISCORDANT
LTBR	Sarcoidosis	Cytokine/Interleukin	12	1.391202658282484	1.1978575371711326	1.615755443659025	1.527016051249426e-05	0.0083499146452382	0.7926753978617789	5373.0	3	genetically-supported nomination (suggestive coloc)	genetically supported; suggestive colocalization	1.1525476271882114	0.3994026957255419	0.8153096350761061	0.0193390624498069	concordant
TNFRSF14	Rheumatoid arthritis	TNF superfamily	1	0.8739742552963211	0.8214650748459353	0.9298398949754676	2.0347588071270665e-05	0.009890058224197	0.0832306904289751	6039.0	3	genetically-supported nomination	genetically supported; colocalization pending/absent	0.8419359846709378	0.0485195108391445	0.5092765140929896	0.2232088703897165	concordant
ERBB3	Psoriasis	Immune-cell-enriched	12	0.7391027180989734	0.634961425031963	0.8603244328957338	9.556509339838637e-05	0.0309394027354561	1.599947270527193e-05	3989.0	3	genetically-supported nomination	genetically supported; colocalization pending/absent	1.3656775662899765	0.1178223130831419	0.5939206394191032	0.0001691152871939	DISCORDANT
ERBB3	Rheumatoid arthritis	Immune-cell-enriched	12	1.3135853777167552	1.142480298367527	1.5103162365397642	0.0001277694707102	0.0356991335372866	0.5544326195978327	3989.0	3	genetically-supported nomination (suggestive coloc)	genetically supported; suggestive colocalization	0.7937484898744926	0.2193659534875744	0.6530644962340657	0.0088620348709584	DISCORDANT
TNFSF8	Coeliac disease	TNF superfamily	9	0.7603789611279782	0.6608056575755428	0.8749564382474537	0.0001305717537082	0.0356991335372866	0.6884886543893418	6575.0	3	genetically-supported nomination (suggestive coloc)	genetically supported; suggestive colocalization	1.1067511523070384	0.615093978852769	0.8895776038404954	0.0076596399821888	DISCORDANT
C2	Rheumatoid arthritis	Complement/Coagulation	6	4.411784661989173	3.527636362726879	5.51753125957611	1.1062628601547995e-38	9.67869376349434e-35			2	genetically-supported nomination (MHC LD caution)	genetically supported, MHC — requires colocalization					no pQTL
C2	Coeliac disease	Complement/Coagulation	6	3.676316273878641	2.522040899987243	5.358874769101999	1.2755894694988494e-11	2.2320264537290868e-08			2	genetically-supported nomination (MHC LD caution)	genetically supported, MHC — requires colocalization					no pQTL
KIAA0319	Ankylosing spondylitis	Immune-cell-enriched	6	0.6475203748690394	0.5571530450754603	0.7525448161442858	1.4522113882592809e-08	1.588174679485056e-05			2	genetically-supported nomination (MHC LD caution)	genetically supported, MHC — requires colocalization	9.60180911897189	9.769962616701378e-15	2.4131807663252407e-12	0.0570248238336972	DISCORDANT
C2	Ankylosing spondylitis	Complement/Coagulation	6	3.3482720524801994	2.163346517918758	5.182214520217229	5.87202415595639e-08	5.708259926718052e-05			2	genetically-supported nomination (MHC LD caution)	genetically supported, MHC — requires colocalization					no pQTL
RAB44	Ankylosing spondylitis	Immune-cell-enriched	6	0.8122566172256516	0.7418753000867295	0.8893149726776574	6.90117073603651e-06	0.0046444879053525			2	genetically-supported nomination (MHC LD caution)	genetically supported, MHC — requires colocalization					no pQTL
C2	Psoriasis	Complement/Coagulation	6	1.6201595163871174	1.292657394390019	2.03063616850959	2.8145006364343208e-05	0.0111927573037108			2	genetically-supported nomination (MHC LD caution)	genetically supported, MHC — requires colocalization					no pQTL
C2	Sjogren syndrome	Complement/Coagulation	6	2.6145118762831148	1.6613026790029048	4.114645956827174	3.267918610639147e-05	0.0120853568117776			2	genetically-supported nomination (MHC LD caution)	genetically supported, MHC — requires colocalization					no pQTL
