gene_symbol	disease	fin_OR	fin_FDR	uk_OR	uk_p	uk_FDR	fin_dir	uk_dir	concordant	uk_replicates	two_population_validated	uk_id	uk_label	uk_caveat
FES	Hypertension	0.8468839990603911	1.4824127620138616e-29	0.9746241877066327	0.0	0.0	protective	protective	True	True	True	ieu-b-5144	Tang UKB, hypertension	
ACE	Hypertension	1.6114209191709736	7.261655342004011e-09	1.1102604280918689	0.0	0.0	risk	risk	True	True	True	ieu-b-5144	Tang UKB, hypertension	
PSRC1	Coronary heart disease	0.8503219654685883	2.2447716911302464e-16	0.9934118306305958	4.114264484655905e-12	2.063989349802379e-09	protective	protective	True	True	True	ukb-d-I9_CHD	Neale UKB, major CHD event	
SWAP70	Hypertension	0.8981950163318115	5.031927448444981e-06	0.9802571375718738	4.205258363754183e-11	1.5822284593625113e-08	protective	protective	True	True	True	ieu-b-5144	Tang UKB, hypertension	
MERTK	Hypertension	1.062439129279221	5.031927448444981e-06	1.0126386842028496	1.570179097853952e-09	4.7262390845403957e-07	risk	risk	True	True	True	ieu-b-5144	Tang UKB, hypertension	
TNFSF12	Hypertension	1.059272096895342	9.45764429027128e-06	1.0104184696765506	2.1669874783469822e-09	5.435526924853681e-07	risk	risk	True	True	True	ieu-b-5144	Tang UKB, hypertension	
FES	Coronary heart disease	0.8904816949537475	1.5862140255712516e-06	0.994259221784526	9.915787746450633e-09	2.131894365486886e-06	protective	protective	True	True	True	ukb-d-I9_CHD	Neale UKB, major CHD event	
SPINK8	Hypertension	0.8476635987428299	1.6181736097945674e-06	0.9763757205334892	2.3641726354384218e-08	4.447599770418531e-06	protective	protective	True	True	True	ieu-b-5144	Tang UKB, hypertension	
NGFR	Hypertension	0.6333947538585684	1.0035657120076827e-05	0.9286628598536463	1.986480238080901e-07	2.989652758311756e-05	protective	protective	True	True	True	ieu-b-5144	Tang UKB, hypertension	
TSPAN15	Venous thromboembolism	0.7318646631299554	5.469846078904368e-08	0.9934372973952109	2.3269741955544987e-07	3.183723785735928e-05	protective	protective	True	True	True	ukb-d-I9_VTE	Neale UKB, VTE	
C2	Psoriasis	1.6201595163871174	0.0059591516846031	1.007125465660971	9.835494556575952e-07	0.00012335349423039008	risk	risk	True	True	True	ukb-b-10537	UKB, psoriasis (self-report)	self-report
IL6ST	Rheumatoid arthritis	2.632384596643061	1.747727882469251e-14	1.0061881089410636	7.827595569942503e-06	0.0008677602491735659	risk	risk	True	True	True	ukb-d-M13_RHEUMA	Neale UKB, RA (ICD M13)	
IL1RL1	Coeliac disease	0.7121080698308815	0.0443392728593514	0.9972384739968655	8.072188364405264e-06	0.0008677602491735659	protective	protective	True	True	True	ukb-b-8631	UKB, coeliac (self-report)	self-report
JMJD1C	Hypertension	1.6671465461882875	5.178939659045666e-05	1.0764098134778919	1.5023909709643846e-05	0.0015073989408675992	risk	risk	True	True	True	ieu-b-5144	Tang UKB, hypertension	
LPL	Coronary heart disease	0.9316830096525952	0.0023056521538664	0.9969542341908159	2.6257988905431517e-05	0.0023246043119220256	protective	protective	True	True	True	ukb-d-I9_CHD	Neale UKB, major CHD event	
C2	Rheumatoid arthritis	4.411784661989173	1.042320866837852e-34	1.0042539322718307	3.296487993065256e-05	0.002756230238646228	risk	risk	True	True	True	ukb-d-M13_RHEUMA	Neale UKB, RA (ICD M13)	
IFNGR2	Psoriasis	0.8757486654865103	0.0011422823584206	0.9977546759198366	4.340952559811484e-05	0.0032665668012581417	protective	protective	True	True	True	ukb-b-10537	UKB, psoriasis (self-report)	self-report
SORT1	Coronary heart disease	0.7139935677466863	0.0129360834268435	0.9809537473016124	4.693184241988391e-05	0.0033456342159417355	protective	protective	True	True	True	ukb-d-I9_CHD	Neale UKB, major CHD event	
ADM	Hypertension	1.0699589450331417	0.0017384306889075	1.010369346539529	9.648174830179101e-05	0.006204822198822106	risk	risk	True	True	True	ieu-b-5144	Tang UKB, hypertension	
ERBB3	Psoriasis	0.7391027180989734	0.0150069051666599	0.9949684206650757	0.00017071001559809673	0.010084170141158118	protective	protective	True	True	True	ukb-b-10537	UKB, psoriasis (self-report)	self-report
SLC16A1	Hypertension	0.8276151343209475	0.0010533075436071	0.9736009826160157	0.00017421157718944258	0.010084170141158118	protective	protective	True	True	True	ieu-b-5144	Tang UKB, hypertension	
ERBB2	Atrial fibrillation	1.6536516909796315	0.0187891603626897	1.013216459687438	0.0001850008308781348	0.010312083350799736	risk	risk	True	True	True	ukb-b-964	UKB, AF/flutter (ICD I48)	
MPO	Hypertension	1.071594531946834	0.0124510329798526	1.0109897386572009	0.0003401331884576031	0.015055895547902725	risk	risk	True	True	True	ieu-b-5144	Tang UKB, hypertension	
MAPRE3	Hypertension	0.8382669413697186	5.537486089312875e-05	0.9801962770335965	0.0005135353302661017	0.02208201920144237	protective	protective	True	True	True	ieu-b-5144	Tang UKB, hypertension	
PHOSPHO1	Coronary heart disease	0.8505198613697235	0.0368286582055251	0.9915899387880969	0.0005301679514611024	0.022163965748582197	protective	protective	True	True	True	ukb-d-I9_CHD	Neale UKB, major CHD event	
HIP1R	Atrial fibrillation	1.4647311240006111	0.008565631038483	1.0102263399973217	0.000891782523095408	0.036273856682664564	risk	risk	True	True	True	ukb-b-964	UKB, AF/flutter (ICD I48)	
DPEP2	Osteoporosis	0.8037253365658946	0.0315021171172835	0.9965445309893982	0.0016212653615608197	0.06100010922872584	protective	protective	True	True	False	ukb-b-12141	UKB, osteoporosis (self-report)	self-report
AAMDC	Hypertension	0.9468317704952888	0.0079503976381341	0.990647015576748	0.0017460707319520985	0.06409357198994899	protective	protective	True	True	False	ieu-b-5144	Tang UKB, hypertension	
SLC12A2	Hypertension	1.1212092156400697	0.045551128494679	1.0148339970090927	0.002183500911193903	0.0764225318917866	risk	risk	True	True	False	ieu-b-5144	Tang UKB, hypertension	
IL1RN	Hypertension	0.8305428779673497	0.0055373746945546	0.9718604697303896	0.0025426632811411665	0.08697064177539672	protective	protective	True	True	False	ieu-b-5144	Tang UKB, hypertension	
SCARB1	Coronary heart disease	0.9072242638039276	0.0037890983792303	0.9963736688621365	0.0029938520838368454	0.0960596484487645	protective	protective	True	True	False	ukb-d-I9_CHD	Neale UKB, major CHD event	
CTLA4	Rheumatoid arthritis	0.5105947113703064	2.3234833167925524e-12	0.9968721952858346	0.0029998694199946385	0.0960596484487645	protective	protective	True	True	False	ukb-d-M13_RHEUMA	Neale UKB, RA (ICD M13)	
ANXA2	Hypertension	1.1095830136652372	0.0002750662942252	1.0103353437745248	0.003364301459683583	0.09954640783997586	risk	risk	True	True	False	ieu-b-5144	Tang UKB, hypertension	
ARG1	Type 2 diabetes	0.922169312756154	3.247529686596671e-09	0.9989195331168524	0.0038092040181414433	0.11024715475582446	protective	protective	True	True	False	ukb-b-13806	UKB, T2D (self-report)	self-report
MAPT	Hypertension	1.5741270163303778	0.0010268261551648	1.0542764502965738	0.005666137451316278	0.15791734933761106	risk	risk	True	True	False	ieu-b-5144	Tang UKB, hypertension	
PFKFB2	Atrial fibrillation	0.5606971049270295	0.0006512810502508	0.9914603957914946	0.007456002233471315	0.18432704138833306	protective	protective	True	True	False	ukb-b-964	UKB, AF/flutter (ICD I48)	
ANPEP	Type 2 diabetes	1.048103391096572	2.3806320706054373e-06	1.0005838591442744	0.00851476231538495	0.19714949668699	risk	risk	True	True	False	ukb-b-13806	UKB, T2D (self-report)	self-report
ANPEP	Coronary heart disease	1.0406550991706236	0.0065151867679505	1.0012722316365257	0.013462837185927556	0.24709231664415818	risk	risk	True	True	False	ukb-d-I9_CHD	Neale UKB, major CHD event	
DENR	Atrial fibrillation	1.2341789500838978	0.002255868825721	1.0029331407830362	0.019279089250757053	0.29912401363288005	risk	risk	True	True	False	ukb-b-964	UKB, AF/flutter (ICD I48)	
IL4	Psoriasis	1.7955955190555564	1.6181736097945674e-06	1.0053949877183124	0.021697389530572986	0.31492971088511273	risk	risk	True	True	False	ukb-b-10537	UKB, psoriasis (self-report)	self-report
PM20D1	Type 2 diabetes	1.0635449479173618	0.0402253282954766	1.0011343970084454	0.021762584672459617	0.31492971088511273	risk	risk	True	True	False	ukb-b-13806	UKB, T2D (self-report)	self-report
PLAUR	Coronary heart disease	1.5867849949293351	8.119212459425118e-07	1.009517112088651	0.025172064217889645	0.322570981294308	risk	risk	True	True	False	ukb-d-I9_CHD	Neale UKB, major CHD event	
TGFB2	Atrial fibrillation	1.853451991987692	0.0100492198756967	1.0100550522219656	0.025837256576767054	0.32404225956695343	risk	risk	True	True	False	ukb-b-964	UKB, AF/flutter (ICD I48)	
SPON2	Glaucoma	1.272214258130565	0.0046759749953051	1.00219268415256	0.027894988695189138	0.33573553305913273	risk	risk	True	True	False	ukb-d-H40	Neale UKB, glaucoma (ICD H40)	
SWAP70	Rheumatoid arthritis	0.8293131115972837	0.0041256713681346	0.9988304207634789	0.028108091139834368	0.33573553305913273	protective	protective	True	True	False	ukb-d-M13_RHEUMA	Neale UKB, RA (ICD M13)	
MYL4	Hypertension	1.6566342513940038	0.0010548098707932	1.048127166731221	0.028615603338935758	0.3391061655519552	risk	risk	True	True	False	ieu-b-5144	Tang UKB, hypertension	
LTBP2	Glaucoma	0.6674232931893709	2.281108233734189e-07	0.9975901775793105	0.033653168835234615	0.3658850592465268	protective	protective	True	True	False	ukb-d-H40	Neale UKB, glaucoma (ICD H40)	
ACE	Atrial fibrillation	1.7242700415098282	0.0012627610870002	1.0065787659787957	0.036685834369509784	0.37816562141172755	risk	risk	True	True	False	ukb-b-964	UKB, AF/flutter (ICD I48)	
CA8	Rheumatoid arthritis	0.746217049064143	0.001181574898891	0.9982460675962678	0.04320354429697559	0.39957547054300596	protective	protective	True	True	False	ukb-d-M13_RHEUMA	Neale UKB, RA (ICD M13)	
IFNGR2	Hypertension	1.0664311640761612	3.70299009302803e-06	1.0044350986995663	0.044978860359651485	0.4053484122232065	risk	risk	True	True	False	ieu-b-5144	Tang UKB, hypertension	
PIK3IP1	Hypertension	1.0484890304176304	0.0036287801965646	1.0037393106233556	0.059820794165272195	0.4553874173678436	risk	risk	True	False	False	ieu-b-5144	Tang UKB, hypertension	
PM20D1	Atrial fibrillation	1.0976354247760896	0.0305225001002795	1.001277840821934	0.060214017313090284	0.4553874173678436	risk	risk	True	False	False	ukb-b-964	UKB, AF/flutter (ICD I48)	
SEZ6	Osteoporosis	0.1941459348771198	0.0086754434117129	0.9850036758520343	0.06746830503720735	0.47866715142527516	protective	protective	True	False	False	ukb-b-12141	UKB, osteoporosis (self-report)	self-report
CLINT1	Hypertension	1.4368403263327851	0.0009005485913327	1.025174253690752	0.06987888740731663	0.48242075939454826	risk	risk	True	False	False	ieu-b-5144	Tang UKB, hypertension	
EVI2B	Type 2 diabetes	0.774322451553972	0.0005284088001027	0.9972442925380808	0.07888106548095353	0.5051744831865321	protective	protective	True	False	False	ukb-b-13806	UKB, T2D (self-report)	self-report
ADAM15	Atrial fibrillation	0.9299855235794624	0.0009651095797988	0.9993447901538246	0.08536667582750779	0.5308960624809885	protective	protective	True	False	False	ukb-b-964	UKB, AF/flutter (ICD I48)	
LTBP3	Type 2 diabetes	1.0757284166045944	0.010182537594924	1.0006940876032122	0.09327923857358655	0.5526978506033376	risk	risk	True	False	False	ukb-b-13806	UKB, T2D (self-report)	self-report
SPINK8	Type 2 diabetes	0.8340418525474392	8.440102664676625e-06	0.9986761224425512	0.09845098470374669	0.5612451968906772	protective	protective	True	False	False	ukb-b-13806	UKB, T2D (self-report)	self-report
NOMO1	Type 2 diabetes	1.0969062500032989	0.0002382796778016	1.0007749910397024	0.10967179446703956	0.5853051442301225	risk	risk	True	False	False	ukb-b-13806	UKB, T2D (self-report)	self-report
TNFRSF14	Rheumatoid arthritis	0.8739742552963211	0.0046759749953051	0.9993242324123319	0.11085091031509764	0.5859955156795064	protective	protective	True	False	False	ukb-d-M13_RHEUMA	Neale UKB, RA (ICD M13)	
LTBP2	Hypertension	0.86835959147363	0.0100239646098155	0.9906188334467342	0.12590834544163299	0.6197221653878531	protective	protective	True	False	False	ieu-b-5144	Tang UKB, hypertension	
TNFRSF14	Multiple sclerosis	0.7302166192022661	0.0026384172873563	0.9994848386162986	0.12801441179759832	0.6197221653878531	protective	protective	True	False	False	ukb-b-17670	UKB, MS (self-report)	self-report
LDLR	Coronary heart disease	0.6425092545955702	0.0206417010702856	0.990671941566144	0.13565143563056292	0.6379856581999912	protective	protective	True	False	False	ukb-d-I9_CHD	Neale UKB, major CHD event	
PDLIM7	Venous thromboembolism	0.7184121014283523	0.0048180997702861	0.9967341819672523	0.15034634753052534	0.6505310736840082	protective	protective	True	False	False	ukb-d-I9_VTE	Neale UKB, VTE	
HNMT	Crohn's disease	0.6415181114658792	0.0168879963903021	0.9993574416496992	0.17376953349330893	0.6783394387036688	protective	protective	True	False	False	ukb-a-552	Neale UKB, Crohn (ICD K50)	
TNFSF8	Coeliac disease	0.7603789611279782	0.0183618964692358	0.9993683166838564	0.1783326837238497	0.6783394387036688	protective	protective	True	False	False	ukb-b-8631	UKB, coeliac (self-report)	self-report
NUMB	Coeliac disease	0.5647687861390079	0.0055373746945546	0.9986401579822716	0.18024040257523466	0.6810358456108426	protective	protective	True	False	False	ukb-b-8631	UKB, coeliac (self-report)	self-report
TNFRSF1A	Ankylosing spondylitis	1.4604796934690565	0.0093220785064288	1.0005905513928877	0.1805536893014792	0.6810358456108426	risk	risk	True	False	False	ukb-b-18194	UKB, AS (self-report)	self-report
SCPEP1	Venous thromboembolism	1.2766681509025382	0.010182537594924	1.0022507622683883	0.2037680150943384	0.6901760332429708	risk	risk	True	False	False	ukb-d-I9_VTE	Neale UKB, VTE	
PFKFB2	Heart failure	0.6648552824020466	0.0423195031735599	0.9976069298004164	0.24324355197846326	0.7434186141087792	protective	protective	True	False	False	ukb-d-I9_HEARTFAIL	Neale UKB, heart failure	
IL6ST	Psoriasis	1.578291354919277	0.0252279586907883	1.0022340347180623	0.2524594486257339	0.7535390101027784	risk	risk	True	False	False	ukb-b-10537	UKB, psoriasis (self-report)	self-report
BCL7A	Crohn's disease	0.5728053077443792	0.0275275844220724	0.9993376326586222	0.2731221944557962	0.7651558213177618	protective	protective	True	False	False	ukb-a-552	Neale UKB, Crohn (ICD K50)	
PIK3IP1	Type 2 diabetes	1.0561174416647163	0.0040013774922742	1.0003937898377924	0.2883146819392297	0.7731540690497699	risk	risk	True	False	False	ukb-b-13806	UKB, T2D (self-report)	self-report
SPRY2	Type 2 diabetes	1.3349625036172446	8.88067752141048e-07	1.0013411899687266	0.30980239464669346	0.7932170994975498	risk	risk	True	False	False	ukb-b-13806	UKB, T2D (self-report)	self-report
TGFB2	Venous thromboembolism	1.900106039681458	0.0115886799288324	1.0052751822653725	0.31385872840720674	0.7934218804179854	risk	risk	True	False	False	ukb-d-I9_VTE	Neale UKB, VTE	
TMEM106A	Hypertension	1.1129202440874162	0.0156175229077421	1.0048347948500584	0.3327089100755942	0.8083858389509152	risk	risk	True	False	False	ieu-b-5144	Tang UKB, hypertension	
STK11	Coronary heart disease	1.1093549553793438	0.0136424038425075	1.0014683436733396	0.34828395769173603	0.8202932023882046	risk	risk	True	False	False	ukb-d-I9_CHD	Neale UKB, major CHD event	
VAT1	Hypertension	1.0693810397620036	0.0168879963903021	1.0027082392363884	0.3900546650930623	0.8531733464024679	risk	risk	True	False	False	ieu-b-5144	Tang UKB, hypertension	
ANXA11	Glaucoma	1.1922062043746104	6.545828178554407e-05	1.0004855003604074	0.393964468512801	0.8537030534532243	risk	risk	True	False	False	ukb-d-H40	Neale UKB, glaucoma (ICD H40)	
CASP3	Type 2 diabetes	1.0847426735314722	0.0024651895370177	1.000416307386966	0.4471541651372761	0.8796954490609158	risk	risk	True	False	False	ukb-b-13806	UKB, T2D (self-report)	self-report
PRKCQ	Rheumatoid arthritis	1.3345586596586652	0.0431753205286493	1.0007211015093325	0.5132539466131187	0.9011225225736945	risk	risk	True	False	False	ukb-d-M13_RHEUMA	Neale UKB, RA (ICD M13)	
KIAA0319	Ankylosing spondylitis	0.6475203748690394	7.818706114387967e-06	0.9997687926620757	0.518515360993395	0.9011225225736945	protective	protective	True	False	False	ukb-b-18194	UKB, AS (self-report)	self-report
SERPING1	Venous thromboembolism	1.136976592701742	0.0215460538051828	1.0006490920047673	0.5232499745111605	0.9011225225736945	risk	risk	True	False	False	ukb-d-I9_VTE	Neale UKB, VTE	
SNX2	Psoriasis	0.6132116720854147	0.0315021171172835	0.9985007389210446	0.5299006715896044	0.9024039685814352	protective	protective	True	False	False	ukb-b-10537	UKB, psoriasis (self-report)	self-report
RAB44	Ankylosing spondylitis	0.8122566172256516	0.0019703888083313	0.9998619182945774	0.531394147924358	0.9024039685814352	protective	protective	True	False	False	ukb-b-18194	UKB, AS (self-report)	self-report
ERBB3	Rheumatoid arthritis	1.3135853777167552	0.0181029165869503	1.0005592862849588	0.5560182458407648	0.9063282725908345	risk	risk	True	False	False	ukb-d-M13_RHEUMA	Neale UKB, RA (ICD M13)	
IL4	Coronary heart disease	1.2473590950313898	0.0071016825880177	1.0023379436204662	0.570023660351525	0.9136161968360437	risk	risk	True	False	False	ukb-d-I9_CHD	Neale UKB, major CHD event	
TPPP3	Coronary heart disease	0.8232975362902791	0.0476434773090409	0.9987075520772379	0.6559185735252946	0.932483685220008	protective	protective	True	False	False	ukb-d-I9_CHD	Neale UKB, major CHD event	
GSTM4	Heart failure	1.0438119594405235	0.0442080241076727	1.0000984353419058	0.6581916987024656	0.932483685220008	risk	risk	True	False	False	ukb-d-I9_HEARTFAIL	Neale UKB, heart failure	
MERTK	Type 2 diabetes	1.0440200592823037	0.0466114470223556	1.0001252480923104	0.747998554067526	0.949017661223028	risk	risk	True	False	False	ukb-b-13806	UKB, T2D (self-report)	self-report
MYL6B	Rheumatoid arthritis	1.396184655655942	0.0055229402576664	1.0002888269342893	0.7891337475363416	0.9565032645172584	risk	risk	True	False	False	ukb-d-M13_RHEUMA	Neale UKB, RA (ICD M13)	
AAMDC	Venous thromboembolism	0.908892842795595	0.0115798177497776	0.9997785981795327	0.8042748568128828	0.9565032645172584	protective	protective	True	False	False	ukb-d-I9_VTE	Neale UKB, VTE	
CDKN1A	Heart failure	1.4800683450158931	3.3346146686789313e-14	1.0001635648951155	0.8295137317297183	0.9647355154763888	risk	risk	True	False	False	ukb-d-I9_HEARTFAIL	Neale UKB, heart failure	
MPO	Type 2 diabetes	1.0745197237685855	0.0432695410517407	1.0000656754340083	0.9084003577114208	0.9847158243685254	risk	risk	True	False	False	ukb-b-13806	UKB, T2D (self-report)	self-report
ADM	Atrial fibrillation	1.1149083465239968	0.004782442730421	1.0000674424886795	0.9211313761650035	0.9847158243685254	risk	risk	True	False	False	ukb-b-964	UKB, AF/flutter (ICD I48)	
NUMB	Rheumatoid arthritis	0.7193194403952133	0.0066459572647418	0.9999120671577719	0.9399165971517178	0.9885056883118666	protective	protective	True	False	False	ukb-d-M13_RHEUMA	Neale UKB, RA (ICD M13)	
CDKN1A	Atrial fibrillation	1.3317000490958273	2.1480269213038847e-06	1.0000134039196544	0.9909522376999822	0.9996680071871814	risk	risk	True	False	False	ukb-b-964	UKB, AF/flutter (ICD I48)	
PINLYP	Coronary heart disease	1.1791695035372822	0.0423195031735599	0.9921883079797014	0.001972159822396291	0.07066906030253377	risk	protective	False	False	False	ukb-d-I9_CHD	Neale UKB, major CHD event	
RAB44	Heart failure	0.9389576078792043	0.0174336532880649	1.0006570835528479	0.02580968089755853	0.32404225956695343	protective	risk	False	False	False	ukb-d-I9_HEARTFAIL	Neale UKB, heart failure	
CRISP3	Glaucoma	1.320205869625204	0.0037918629307705	0.9979857820145682	0.09120502970023181	0.5461274027056584	risk	protective	False	False	False	ukb-d-H40	Neale UKB, glaucoma (ICD H40)	
KRT18	Hypertension	1.2352797991689988	0.0090841805644236	0.9900027654049153	0.2786082326127133	0.7651558213177618	risk	protective	False	False	False	ieu-b-5144	Tang UKB, hypertension	
HAVCR1	Coeliac disease	2.414271024768988	0.0058800869391012	0.9984827116495538	0.29886460377688806	0.7814490064324034	risk	protective	False	False	False	ukb-b-8631	UKB, coeliac (self-report)	self-report
EDN1	Ankylosing spondylitis	2.024271739274989	0.0336766945926516	0.9992090377624148	0.38909290392053997	0.8531733464024679	risk	protective	False	False	False	ukb-b-18194	UKB, AS (self-report)	self-report
NRN1	Type 2 diabetes	1.0884674475658291	0.0427806795784465	0.9994692265060666	0.44128224806371197	0.8796954490609158	risk	protective	False	False	False	ukb-b-13806	UKB, T2D (self-report)	self-report
BMP6	Type 2 diabetes	0.825530025367144	0.0124510329798526	1.0010426140926618	0.4525340699716862	0.8812362971810956	protective	risk	False	False	False	ukb-b-13806	UKB, T2D (self-report)	self-report
CRIM1	Venous thromboembolism	0.7945175334649279	0.0154414805075911	1.0012042727077886	0.4965467815955211	0.9003649473509149	protective	risk	False	False	False	ukb-d-I9_VTE	Neale UKB, VTE	
PSAP	Coronary heart disease	0.8174569294129628	0.0336766945926516	1.002114211887378	0.5338978046700178	0.9033934507551198	protective	risk	False	False	False	ukb-d-I9_CHD	Neale UKB, major CHD event	
CLEC4A	Type 2 diabetes	0.905845101185168	0.010182537594924	1.0004018780142965	0.5699788826163097	0.9136161968360437	protective	risk	False	False	False	ukb-b-13806	UKB, T2D (self-report)	self-report
ADAMTSL4	Hypertension	1.064719000626806	0.010182537594924	0.9983575176026639	0.5880649445087549	0.9159676105207777	risk	protective	False	False	False	ieu-b-5144	Tang UKB, hypertension	
TNFSF13	Glaucoma	0.8996304613374326	0.0185452998335878	1.0001905214797722	0.633583161552135	0.932217264596192	protective	risk	False	False	False	ukb-d-H40	Neale UKB, glaucoma (ICD H40)	
FES	Atrial fibrillation	0.878125773021931	2.194601009134281e-05	1.0002636184313998	0.6576781407253811	0.932483685220008	protective	risk	False	False	False	ukb-b-964	UKB, AF/flutter (ICD I48)	
LDLR	Hypertension	0.7132227918364444	0.0090356114494124	1.0050484734709109	0.727204313988906	0.949017661223028	protective	risk	False	False	False	ieu-b-5144	Tang UKB, hypertension	
VNN2	Coronary heart disease	1.0454011597851285	0.0029875916748453	0.999805725563132	0.7296611889092435	0.949017661223028	risk	protective	False	False	False	ukb-d-I9_CHD	Neale UKB, major CHD event	
CD79B	Type 2 diabetes	0.813433330115456	0.0250542143483569	1.0003635427960622	0.816057743479339	0.9602555933826467	protective	risk	False	False	False	ukb-b-13806	UKB, T2D (self-report)	self-report
CD14	Atrial fibrillation	0.8999090916998057	0.0432695410517407	1.0000520295966047	0.9511205225362009	0.9929239999631313	protective	risk	False	False	False	ukb-b-964	UKB, AF/flutter (ICD I48)	
PACS2	Type 2 diabetes	1.387487383466108	0.038510778045853	0.9998735535424303	0.9627504507331057	0.993964116529344	risk	protective	False	False	False	ukb-b-13806	UKB, T2D (self-report)	self-report
PFKFB2	Hypertension	0.7249380606905292	0.0015827278390193	1.0002891070855642	0.9814628833904298	0.9995921949189395	protective	risk	False	False	False	ieu-b-5144	Tang UKB, hypertension	
