gene_symbol	disease	disease_category	immune_class	OR	FDR	PP_H4	n_categories	druggability	fda_target	category_label	novelty_priority	s_causal	s_coloc	s_pleio	s_drug	s_cell	p_known	p_mhc
ACE	Hypertension	Cardiovascular	Immune-cell-enriched	1.6114209191709736	7.261655342004011e-09	0.7351814866098264	2	3	1	novel nomination	4.862974360157077	1.6277928735472507	0.7351814866098264	0.5	1.5	0.5	0.0	0.0
ACE	Dementia	Neuro/Aging	Immune-cell-enriched	0.4395453890280715	3.3625736169061e-06	0.9947524105634636	2	3	1	NOVEL colocalized	4.58941805033662	1.0946656397731567	0.9947524105634636	0.5	1.5	0.5	0.0	0.0
IFNGR2	Hypertension	Cardiovascular	Interferon axis	1.0664311640761612	3.70299009302803e-06	0.9849415186142572	2	3	1	NOVEL colocalized	4.571231008586168	1.0862894899719109	0.9849415186142572	0.5	1.5	0.5	0.0	0.0
ERBB3	Type 1 diabetes	Metabolic	Immune-cell-enriched	0.4243341111823029	5.021886163506477e-08	0.9011520913604174	2	2	0	NOVEL colocalized	4.360978718586722	1.4598266272263043	0.9011520913604174	0.5	1.0	0.5	0.0	0.0
IL2RA	Type 1 diabetes	Metabolic	Cytokine/Interleukin	0.3016186946935759	2.080910072955154e-07	0.9943770538611344	1	3	1	NOVEL colocalized	4.3307263913664515	1.336349337505317	0.9943770538611344	0.0	1.5	0.5	0.0	0.0
PLAUR	Coronary heart disease	Cardiovascular	Immune-cell-enriched	1.5867849949293351	8.119212459425118e-07	0.8990723791980968	1	3	1	NOVEL colocalized	4.11716959800782	1.2180972188097234	0.8990723791980968	0.0	1.5	0.5	0.0	0.0
IFNGR2	Psoriasis	Autoimmune	Interferon axis	0.8757486654865103	0.0011422823584206	0.9737888978727246	2	3	1	NOVEL colocalized	4.062234203965222	0.5884453060924973	0.9737888978727246	0.5	1.5	0.5	0.0	0.0
PROCR	Venous thromboembolism	Cardiovascular	Immune-cell-enriched	0.5472792876050901	6.2893731265111856e-18	5.481312039401948e-06	1	3	1	novel nomination	4.000005481312039	2.0	5.481312039401948e-06	0.0	1.5	0.5	0.0	0.0
CTLA4	Rheumatoid arthritis	Autoimmune	Immune checkpoint	0.5105947113703064	2.3234833167925524e-12	0.9848967890091272	2	3	1	recovered known axis	3.9848967890091274	2.0	0.9848967890091272	0.5	1.5	0.5	1.5	0.0
ACE	Atrial fibrillation	Cardiovascular	Immune-cell-enriched	1.7242700415098282	0.0012627610870002	0.8780526437434321	2	3	1	NOVEL colocalized	3.9577884056849952	0.5797357619415633	0.8780526437434321	0.5	1.5	0.5	0.0	0.0
ACE	Alzheimer's disease	Neuro/Aging	Immune-cell-enriched	0.429980367299715	0.0060501015014594	0.9777564759228554	2	3	1	NOVEL colocalized	3.921403943764132	0.44364746784127657	0.9777564759228554	0.5	1.5	0.5	0.0	0.0
CTLA4	Autoimmune hyperthyroidism	Autoimmune	Immune checkpoint	0.1541189153607358	7.279827424007601e-16	0.8447370227532178	2	3	1	recovered known axis	3.8447370227532183	2.0	0.8447370227532178	0.5	1.5	0.5	1.5	0.0
ANXA2	Hypertension	Cardiovascular	Immune-cell-enriched	1.1095830136652372	0.0002750662942252	0.9966716957964176	1	3	1	NOVEL colocalized	3.7087842204875314	0.712112524691114	0.9966716957964176	0.0	1.5	0.5	0.0	0.0
CD2	Type 1 diabetes	Metabolic	CD/Leukocyte surface	4.075781345026908	0.002226241048356	0.9789146353913296	1	3	1	NOVEL colocalized	3.5094001981532097	0.5304855627618801	0.9789146353913296	0.0	1.5	0.5	0.0	0.0
SPINK8	Type 2 diabetes	Metabolic	Immune-cell-enriched	0.8340418525474392	8.440102664676625e-06	0.9744979213260146	2	1	0	NOVEL colocalized	3.4892283754503772	1.0147304541243627	0.9744979213260146	0.5	0.5	0.5	0.0	0.0
PSRC1	Coronary heart disease	Cardiovascular	Immune-cell-enriched	0.8503219654685883	2.2447716911302464e-16	0.9881190066630412	1	0	0	NOVEL colocalized	3.488119006663041	2.0	0.9881190066630412	0.0	0.0	0.5	0.0	0.0
FES	Hypertension	Cardiovascular	Immune-cell-enriched	0.8468839990603911	1.4824127620138616e-29	0.9776632698994542	1	0	0	NOVEL colocalized	3.477663269899454	2.0	0.9776632698994542	0.0	0.0	0.5	0.0	0.0
MERTK	Hypertension	Cardiovascular	Immune-cell-enriched	1.062439129279221	5.031927448444981e-06	0.8717894380259383	2	1	0	NOVEL colocalized	3.4314425638821824	1.0596531258562438	0.8717894380259383	0.5	0.5	0.5	0.0	0.0
PM20D1	Type 1 diabetes	Metabolic	Immune-cell-enriched	0.7583369269397326	0.0029875916748453	0.9176603999405608	3	1	0	NOVEL colocalized	3.4225961518259016	0.504935751885341	0.9176603999405608	1.0	0.5	0.5	0.0	0.0
F12	Obesity	Metabolic	Immune-cell-enriched	1.4764441467768443	0.0068069385875538	0.946927534538036	1	3	1	NOVEL colocalized	3.380337168057687	0.43340963351965084	0.946927534538036	0.0	1.5	0.5	0.0	0.0
PM20D1	Epilepsy	Neuro/Aging	Immune-cell-enriched	0.8688247894944074	0.0071016825880177	0.886886868037533	3	1	0	NOVEL colocalized	3.3166146165439065	0.4297277485063734	0.886886868037533	1.0	0.5	0.5	0.0	0.0
SPINK8	Hypertension	Cardiovascular	Immune-cell-enriched	0.8476635987428299	1.6181736097945674e-06	0.6198862408478872	2	1	0	novel nomination	3.27808121801921	1.1581949771713227	0.6198862408478872	0.5	0.5	0.5	0.0	0.0
ERBB2	Atrial fibrillation	Cardiovascular	Immune-cell-enriched	1.6536516909796315	0.0187891603626897	0.9022210085466218	1	3	1	NOVEL colocalized	3.2474395339315	0.3452185253848779	0.9022210085466218	0.0	1.5	0.5	0.0	0.0
CTLA4	Type 1 diabetes	Metabolic	Immune checkpoint	0.3894445301487476	1.0439306159685276e-06	0.961018876302924	2	3	1	recovered known axis	3.1572845493864126	1.196265673083488	0.961018876302924	0.5	1.5	0.5	1.5	0.0
PM20D1	Obesity	Metabolic	Immune-cell-enriched	1.0965950066155064	0.023121290091953	0.6939971358444582	3	1	0	novel nomination	3.0211947233187635	0.3271975874743055	0.6939971358444582	1.0	0.5	0.5	0.0	0.0
LYPD3	Dementia	Neuro/Aging	Immune-cell-enriched	0.3549918138470115	6.2893731265111856e-18	3.630477406140191e-27	1	1	0	novel nomination	3.0	2.0	3.630477406140191e-27	0.0	0.5	0.5	0.0	0.0
LYPD3	Alzheimer's disease	Neuro/Aging	Immune-cell-enriched	0.2404317489141367	1.5967895998916502e-16	3.598003960133139e-27	1	1	0	novel nomination	3.0	2.0	3.598003960133139e-27	0.0	0.5	0.5	0.0	0.0
IL6ST	Rheumatoid arthritis	Autoimmune	Cytokine/Interleukin	2.632384596643061	1.747727882469251e-14	0.9999999994501394	1	2	0	recovered known axis	2.9999999994501394	2.0	0.9999999994501394	0.0	1.0	0.5	1.5	0.0
PM20D1	Dementia	Neuro/Aging	Immune-cell-enriched	0.8981727785173355	0.0409863144737823	0.6647904472635763	3	1	0	novel nomination	2.942262673679129	0.2774722264155528	0.6647904472635763	1.0	0.5	0.5	0.0	0.0
ERBB3	Rheumatoid arthritis	Autoimmune	Immune-cell-enriched	1.3135853777167552	0.0181029165869503	0.5544326195978327	2	2	0	novel nomination	2.9028829095347524	0.3484502899369199	0.5544326195978327	0.5	1.0	0.5	0.0	0.0
PM20D1	Atrial fibrillation	Cardiovascular	Immune-cell-enriched	1.0976354247760896	0.0305225001002795	0.5860270991811377	3	1	0	novel nomination	2.8891030784144367	0.3030759792332989	0.5860270991811377	1.0	0.5	0.5	0.0	0.0
PVR	Dementia	Neuro/Aging	Immune-cell-enriched	0.5883559376868374	2.288849461903128e-07	1.1448751386226949e-45	1	2	0	novel nomination	2.828076554004602	1.328076554004602	1.1448751386226949e-45	0.0	1.0	0.5	0.0	0.0
LTBP2	Glaucoma	Neuro/Aging	Cytokine/Interleukin	0.6674232931893709	2.281108233734189e-07	0.4550880465894441	2	1	0	novel nomination	2.7834588681664383	1.3283708215769943	0.4550880465894441	0.5	0.5	0.0	0.0	0.0
TGFA	Coeliac disease	Autoimmune	Immune-cell-enriched	0.6354901322318747	0.0328195830058625	0.8803795309036702	1	2	0	NOVEL colocalized	2.6771529191519883	0.2967733882483181	0.8803795309036702	0.0	1.0	0.5	0.0	0.0
CD226	Sarcoidosis	Autoimmune	CD/Leukocyte surface	0.8056068854711766	0.0154414805075911	0.8036050546880004	2	1	0	NOVEL colocalized	2.6658672671790877	0.3622622124910875	0.8036050546880004	0.5	0.5	0.5	0.0	0.0
ANPEP	Type 2 diabetes	Metabolic	Immune-cell-enriched	1.048103391096572	2.3806320706054373e-06	2.493247025954946e-06	2	1	0	novel nomination	2.6246640372700396	1.1246615440230134	2.493247025954946e-06	0.5	0.5	0.5	0.0	0.0
CRIM1	Venous thromboembolism	Cardiovascular	Immune-cell-enriched	0.7945175334649279	0.0154414805075911	0.745751889932544	2	1	0	novel nomination	2.6080141024236316	0.3622622124910875	0.745751889932544	0.5	0.5	0.5	0.0	0.0
PIK3IP1	Hypertension	Cardiovascular	Immune-cell-enriched	1.0484890304176304	0.0036287801965646	0.6181371264452468	2	1	0	novel nomination	2.6061849938858814	0.48804786744063466	0.6181371264452468	0.5	0.5	0.5	0.0	0.0
MAPT	Hypertension	Cardiovascular	Immune-cell-enriched	1.5741270163303778	0.0010268261551648	1.0335211152450364e-06	1	3	1	novel nomination	2.5977016490360225	0.5977006155149072	1.0335211152450364e-06	0.0	1.5	0.5	0.0	0.0
CRIM1	Alzheimer's disease	Neuro/Aging	Immune-cell-enriched	1.4507399690392742	0.0154414805075911	0.7302980120411406	2	1	0	novel nomination	2.592560224532228	0.3622622124910875	0.7302980120411406	0.5	0.5	0.5	0.0	0.0
LIF	Type 1 diabetes	Metabolic	Cytokine/Interleukin	53.92530987716778	5.104031272300649e-08	0.6339948927876629	1	1	0	novel nomination	2.5924122274606374	1.4584173346729743	0.6339948927876629	0.0	0.5	0.0	0.0	0.0
TEX101	Dementia	Neuro/Aging	Immune-cell-enriched	1.334027282151228	3.70299009302803e-06	2.1532171477020964e-63	1	2	0	novel nomination	2.586289489971911	1.0862894899719109	2.1532171477020964e-63	0.0	1.0	0.5	0.0	0.0
SERPING1	Obesity	Metabolic	Complement/Coagulation	1.154874680022266	0.0011461126632473	0.4836078606113315	2	1	0	novel nomination	2.5717623984076283	0.5881545377962969	0.4836078606113315	0.5	0.5	0.5	0.0	0.0
LTBP3	Obesity	Metabolic	Cytokine/Interleukin	1.127322097167107	0.0010268261551648	0.9473317069552676	1	1	0	NOVEL colocalized	2.545032322470175	0.5977006155149072	0.9473317069552676	0.0	0.5	0.5	0.0	0.0
LPL	Coronary heart disease	Cardiovascular	Immune-cell-enriched	0.9316830096525952	0.0023056521538664	3.791162104921719e-06	1	3	1	novel nomination	2.527445033697111	0.5274412425350063	3.791162104921719e-06	0.0	1.5	0.5	0.0	0.0
KIAA0319	Ankylosing spondylitis	Autoimmune	Immune-cell-enriched	0.6475203748690394	7.818706114387967e-06		1	2	0	novel nomination	2.5213730221213932	1.0213730221213932	0.0	0.0	1.0	0.5	0.0	0.0
PLAU	Sjogren syndrome	Autoimmune	Immune-cell-enriched	1.6562031611902714	0.002226241048356	0.9772632816690164	1	1	0	NOVEL colocalized	2.5077488444308966	0.5304855627618801	0.9772632816690164	0.0	0.5	0.5	0.0	0.0
CDKN1A	Heart failure	Cardiovascular	Immune-cell-enriched	1.4800683450158931	3.3346146686789313e-14		1	0	0	novel nomination	2.5	2.0	0.0	0.0	0.0	0.5	0.0	0.0
IL1RL1	Coeliac disease	Autoimmune	Cytokine/Interleukin	0.7121080698308815	0.0443392728593514	0.7188025395401767	1	2	0	novel nomination	2.4894448262128126	0.2706422866726357	0.7188025395401767	0.0	1.0	0.5	0.0	0.0
CD226	Type 1 diabetes	Metabolic	CD/Leukocyte surface	0.8017598821443859	0.0409863144737823	0.7039276317776381	2	1	0	novel nomination	2.481399858193191	0.2774722264155528	0.7039276317776381	0.5	0.5	0.5	0.0	0.0
PILRA	Dementia	Neuro/Aging	Immune-cell-enriched	1.55180149240283	0.0168879963903021	0.5989808734973336	1	2	0	novel nomination	2.453465248002928	0.35448437450559456	0.5989808734973336	0.0	1.0	0.5	0.0	0.0
TSPAN15	Venous thromboembolism	Cardiovascular	Immune-cell-enriched	0.7318646631299554	5.469846078904369e-08	6.584747121739462e-30	1	1	0	novel nomination	2.4524049789023454	1.4524049789023452	6.584747121739462e-30	0.0	0.5	0.5	0.0	0.0
TEX101	Alzheimer's disease	Neuro/Aging	Immune-cell-enriched	1.4732948698958162	1.90303760042823e-05	5.441429119862999e-43	1	2	0	novel nomination	2.444110526157922	0.9441105261579217	5.441429119862999e-43	0.0	1.0	0.5	0.0	0.0
SWAP70	Rheumatoid arthritis	Autoimmune	Immune-cell-enriched	0.8293131115972837	0.0041256713681346	0.9660752635970076	2	0	0	NOVEL colocalized	2.4429763373712725	0.476901073774265	0.9660752635970076	0.5	0.0	0.5	0.0	0.0
SCARB1	Coronary heart disease	Cardiovascular	Immune-cell-enriched	0.9072242638039276	0.0037890983792303	0.955567799016398	1	1	0	NOVEL colocalized	2.4398606227488266	0.4842928237324286	0.955567799016398	0.0	0.5	0.5	0.0	0.0
FES	Atrial fibrillation	Cardiovascular	Immune-cell-enriched	0.878125773021931	2.194601009134281e-05	0.9908787169742403	1	0	0	NOVEL colocalized	2.422607602061524	0.9317288850872837	0.9908787169742403	0.0	0.0	0.5	0.0	0.0
CRIM1	Dementia	Neuro/Aging	Immune-cell-enriched	1.2773466170308592	0.0315021171172835	0.6156493080704599	2	1	0	novel nomination	2.415981359715988	0.300332051645528	0.6156493080704599	0.5	0.5	0.5	0.0	0.0
ERBB3	Psoriasis	Autoimmune	Immune-cell-enriched	0.7391027180989734	0.0150069051666599	1.599947270527193e-05	2	2	0	novel nomination	2.3647577718518242	0.3647417723791187	1.599947270527193e-05	0.5	1.0	0.5	0.0	0.0
HAVCR1	Coeliac disease	Autoimmune	Immune-cell-enriched	2.414271024768988	0.0058800869391012	0.9123792884754937	1	1	0	NOVEL colocalized	2.3585025390122123	0.44612325053671836	0.9123792884754937	0.0	0.5	0.5	0.0	0.0
CD79B	Type 2 diabetes	Metabolic	Ig/B-cell/Fc	0.813433330115456	0.0250542143483569	0.0002619547252424	1	3	1	novel nomination	2.3204857969936223	0.32022384226837985	0.0002619547252424	0.0	1.5	0.5	0.0	0.0
PM20D1	Type 2 diabetes	Metabolic	Immune-cell-enriched	1.0635449479173618	0.0402253282954766	0.0338904879770865	3	1	0	novel nomination	2.312990568528742	0.2791000805516555	0.0338904879770865	1.0	0.5	0.5	0.0	0.0
SIGLEC9	Guillain-Barre	Autoimmune	Immune-cell-enriched	2.9426871908214847	0.0154601815515017	0.947765099372724	1	1	0	NOVEL colocalized	2.3099221814517037	0.3621570820789798	0.947765099372724	0.0	0.5	0.5	0.0	0.0
SIGLEC7	Guillain-Barre	Autoimmune	Immune-cell-enriched	3.0533665432002017	0.0154601815515017	0.947669118664208	1	1	0	NOVEL colocalized	2.3098262007431876	0.3621570820789798	0.947669118664208	0.0	0.5	0.5	0.0	0.0
CTSH	Type 1 diabetes	Metabolic	Immune-cell-enriched	1.2279126557902569	0.0001205251959873	0.9983971816934452	1	0	0	NOVEL colocalized	2.2821816124201484	0.7837844307267032	0.9983971816934452	0.0	0.0	0.5	0.0	0.0
LTBR	Sarcoidosis	Autoimmune	Cytokine/Interleukin	1.391202658282484	0.00378619611444	0.7926753978617789	1	1	0	novel nomination	2.277034776770177	0.48435937890839825	0.7926753978617789	0.0	0.5	0.5	0.0	0.0
SLC12A2	Hypertension	Cardiovascular	Immune-cell-enriched	1.1212092156400697	0.045551128494679	1.3149745486805363e-20	1	3	1	novel nomination	2.2683001718482254	0.2683001718482252	1.3149745486805363e-20	0.0	1.5	0.5	0.0	0.0
CLEC4A	Type 2 diabetes	Metabolic	Immune-cell-enriched	0.905845101185168	0.010182537594924	0.8614949374707648	1	1	0	NOVEL colocalized	2.2599237330270308	0.39842879555626626	0.8614949374707648	0.0	0.5	0.5	0.0	0.0
NOMO1	Type 2 diabetes	Metabolic	Immune-cell-enriched	1.0969062500032989	0.0002382796778016	0.5352549833119766	1	1	0	novel nomination	2.259837582475903	0.7245825991639266	0.5352549833119766	0.0	0.5	0.5	0.0	0.0
SCPEP1	Venous thromboembolism	Cardiovascular	Immune-cell-enriched	1.2766681509025382	0.010182537594924	0.8596461708225693	1	1	0	NOVEL colocalized	2.2580749663788353	0.39842879555626626	0.8596461708225693	0.0	0.5	0.5	0.0	0.0
SPON2	Glaucoma	Neuro/Aging	Immune-cell-enriched	1.272214258130565	0.0046759749953051	0.7501038989933925	1	1	0	novel nomination	2.2161294629706267	0.4660255639772342	0.7501038989933925	0.0	0.5	0.5	0.0	0.0
SPRY2	Type 2 diabetes	Metabolic	Immune-cell-enriched	1.3349625036172446	8.88067752141048e-07	1.3466530182329053e-08	1	1	0	novel nomination	2.2103107934507764	1.2103107799842463	1.3466530182329053e-08	0.0	0.5	0.5	0.0	0.0
ARG1	Type 2 diabetes	Metabolic	Immune-cell-enriched	0.922169312756154	3.247529686596671e-09		1	0	0	novel nomination	2.1976893740453707	1.6976893740453707	0.0	0.0	0.0	0.5	0.0	0.0
IL4	Psoriasis	Autoimmune	Cytokine/Interleukin	1.7955955190555564	1.6181736097945674e-06	4.305775456975156e-06	2	3	1	recovered known axis	2.1581992829467795	1.1581949771713227	4.305775456975156e-06	0.5	1.5	0.5	1.5	0.0
TNFSF14	Multiple sclerosis	Autoimmune	TNF superfamily	0.4980323826686125	1.7344106899583085e-06	0.9990245528450764	1	2	0	recovered known axis	2.1511941645210655	1.1521696116759892	0.9990245528450764	0.0	1.0	0.5	1.5	0.0
AAMDC	Hypertension	Cardiovascular	Immune-cell-enriched	0.9468317704952888	0.0079503976381341	0.7269055920169191	2	0	0	novel nomination	2.146827821940247	0.4199222299233279	0.7269055920169191	0.5	0.0	0.5	0.0	0.0
SEZ6	Osteoporosis	Neuro/Aging	Immune-cell-enriched	0.1941459348771198	0.0086754434117129	0.7312387194225011	1	1	0	novel nomination	2.143580383160149	0.41234166373764775	0.7312387194225011	0.0	0.5	0.5	0.0	0.0
HAVCR2	Alzheimer's disease	Neuro/Aging	Immune checkpoint	0.7565394926828077	0.0244394305289586	0.8183465050249855	1	1	0	NOVEL colocalized	2.1407282886144197	0.32238178358943415	0.8183465050249855	0.0	0.5	0.5	0.0	0.0
PFKFB2	Atrial fibrillation	Cardiovascular	Immune-cell-enriched	0.5606971049270295	0.0006512810502508	0.9898981604038328	1	0	0	NOVEL colocalized	2.1271444719888035	0.6372463115849707	0.9898981604038328	0.0	0.0	0.5	0.0	0.0
SCARF1	Alzheimer's disease	Neuro/Aging	Immune-cell-enriched	2.557846857173077	0.0320904681951792	0.8033638104865007	1	1	0	NOVEL colocalized	2.1020885997997185	0.2987247893132179	0.8033638104865007	0.0	0.5	0.5	0.0	0.0
IL12RB2	Autoimmune hyperthyroidism	Autoimmune	Cytokine/Interleukin	1.3241705859078028	0.0404101809893762	0.8228502476284897	1	1	0	NOVEL colocalized	2.10155208851491	0.27870184088642047	0.8228502476284897	0.0	0.5	0.5	0.0	0.0
DPEP2	Osteoporosis	Neuro/Aging	Immune-cell-enriched	0.8037253365658946	0.0315021171172835	0.7926432582683223	1	1	0	novel nomination	2.09297530991385	0.300332051645528	0.7926432582683223	0.0	0.5	0.5	0.0	0.0
SWAP70	Hypertension	Cardiovascular	Immune-cell-enriched	0.8981950163318115	5.031927448444981e-06	3.926138941246438e-06	2	0	0	novel nomination	2.059657051995185	1.0596531258562438	3.926138941246438e-06	0.5	0.0	0.5	0.0	0.0
PIK3IP1	Type 2 diabetes	Metabolic	Immune-cell-enriched	1.0561174416647163	0.0040013774922742	0.0510221932963237	2	1	0	novel nomination	2.030580288315292	0.4795580950189682	0.0510221932963237	0.5	0.5	0.5	0.0	0.0
PFKFB2	Hypertension	Cardiovascular	Immune-cell-enriched	0.7249380606905292	0.0015827278390193	0.9681097271726352	1	0	0	NOVEL colocalized	2.028228478903134	0.5601187517304987	0.9681097271726352	0.0	0.0	0.5	0.0	0.0
CASP3	Type 2 diabetes	Metabolic	Immune-cell-enriched	1.0847426735314722	0.0024651895370177	5.384142256271635e-07	1	2	1	novel nomination	2.021630475256167	0.5216299368419411	5.384142256271635e-07	0.0	1.0	0.5	0.0	0.0
AAMDC	Venous thromboembolism	Cardiovascular	Immune-cell-enriched	0.908892842795595	0.0115798177497776	0.6252990366296263	2	0	0	novel nomination	2.0125586917787825	0.3872596551491564	0.6252990366296263	0.5	0.0	0.5	0.0	0.0
LTBP2	Hypertension	Cardiovascular	Cytokine/Interleukin	0.86835959147363	0.0100239646098155	0.6054446851238643	2	1	0	novel nomination	2.0052367801864417	0.39979209506257724	0.6054446851238643	0.5	0.5	0.0	0.0	0.0
TNFSF13	Glaucoma	Neuro/Aging	TNF superfamily	0.8996304613374326	0.0185452998335878	0.6585841636050902	1	1	0	novel nomination	2.0049373917581175	0.34635322815302705	0.6585841636050902	0.0	0.5	0.5	0.0	0.0
NGFR	Hypertension	Cardiovascular	Immune-cell-enriched	0.6333947538585684	1.0035657120076827e-05	0.001856944055482	1	1	0	novel nomination	2.001547781111711	0.9996908370562286	0.001856944055482	0.0	0.5	0.5	0.0	0.0
SCARF1	Dementia	Neuro/Aging	Immune-cell-enriched	1.9892701904588983	0.0170296491530536	0.6181991019169373	1	1	0	novel nomination	1.9719579617837522	0.35375885986681493	0.6181991019169373	0.0	0.5	0.5	0.0	0.0
CA8	Rheumatoid arthritis	Autoimmune	Immune-cell-enriched	0.746217049064143	0.001181574898891	0.8827742868653535	1	0	0	NOVEL colocalized	1.968282035595658	0.5855077487303045	0.8827742868653535	0.0	0.0	0.5	0.0	0.0
LILRB2	Dementia	Neuro/Aging	Immune-cell-enriched	0.8281129908821212	0.0397098379009748	0.6618138490734694	1	1	0	novel nomination	1.9420342262255674	0.280220377152098	0.6618138490734694	0.0	0.5	0.5	0.0	0.0
ANPEP	Coronary heart disease	Cardiovascular	Immune-cell-enriched	1.0406550991706236	0.0065151867679505	2.2179540354375152e-23	2	1	0	novel nomination	1.9372146260093834	0.43721462600938343	2.2179540354375152e-23	0.5	0.5	0.5	0.0	0.0
PF4	Type 2 diabetes	Metabolic	Chemokine axis	0.7140693785147311	0.0402253282954766	0.6421299505326118	1	1	0	novel nomination	1.9212300310842674	0.2791000805516555	0.6421299505326118	0.0	0.5	0.5	0.0	0.0
PDLIM7	Venous thromboembolism	Cardiovascular	Immune-cell-enriched	0.7184121014283523	0.0048180997702861	0.954968490081428	1	0	0	NOVEL colocalized	1.918393332309026	0.463424842227598	0.954968490081428	0.0	0.0	0.5	0.0	0.0
PVR	Alzheimer's disease	Neuro/Aging	Immune-cell-enriched	0.6131208119857751	0.0086754434117129	1.1388573288255053e-45	1	2	0	novel nomination	1.9123416637376478	0.41234166373764775	1.1388573288255053e-45	0.0	1.0	0.5	0.0	0.0
HAVCR2	Dementia	Neuro/Aging	Immune checkpoint	0.8140496555749581	0.01236132727695	0.5158040084254029	1	1	0	novel nomination	1.8973909874446222	0.38158697901921923	0.5158040084254029	0.0	0.5	0.5	0.0	0.0
ADM	Atrial fibrillation	Cardiovascular	Immune-cell-enriched	1.1149083465239968	0.004782442730421	0.4225282108609871	1	1	0	novel nomination	1.8865982552470402	0.4640700443860532	0.4225282108609871	0.0	0.5	0.5	0.0	0.0
RAPGEF2	Dementia	Neuro/Aging	Immune-cell-enriched	1.1085152246160994	0.0065151867679505	0.9403049796453072	1	0	0	NOVEL colocalized	1.8775196056546908	0.43721462600938343	0.9403049796453072	0.0	0.0	0.5	0.0	0.0
NPDC1	Type 2 diabetes	Metabolic	Immune-cell-enriched	1.084949738906209	4.209410607881306e-05	1.8605153427240207e-26	1	1	0	novel nomination	1.87515574176703	0.8751557417670298	1.8605153427240207e-26	0.0	0.5	0.5	0.0	0.0
AAMDC	Chronic kidney disease	Renal	Immune-cell-enriched	0.8847875172798205	0.0408992724181256	0.5888946019073391	2	0	0	novel nomination	1.8665514854775274	0.27765688357018836	0.5888946019073391	0.5	0.0	0.5	0.0	0.0
PILRB	Dementia	Neuro/Aging	Immune-cell-enriched	1.0492520068472584	0.022614420078291	0.5326866773174385	1	1	0	novel nomination	1.8618095862725073	0.3291229089550688	0.5326866773174385	0.0	0.5	0.5	0.0	0.0
NUMB	Coeliac disease	Autoimmune	Immune-cell-enriched	0.5647687861390079	0.0055373746945546	0.9018358607018012	1	0	0	NOVEL colocalized	1.8531750783663377	0.45133921766453655	0.9018358607018012	0.0	0.0	0.5	0.0	0.0
MAPRE3	Hypertension	Cardiovascular	Immune-cell-enriched	0.8382669413697186	5.537486089312875e-05	1.2284103307296088e-45	2	0	0	novel nomination	1.8513374703512375	0.8513374703512374	1.2284103307296088e-45	0.5	0.0	0.5	0.0	0.0
ANXA11	Glaucoma	Neuro/Aging	Immune-cell-enriched	1.1922062043746104	6.545828178554407e-05	0.004340706066066	2	0	0	novel nomination	1.8411477858009402	0.8368070797348741	0.004340706066066	0.5	0.0	0.5	0.0	0.0
NUMB	Rheumatoid arthritis	Autoimmune	Immune-cell-enriched	0.7193194403952133	0.0066459572647418	0.9025751114062138	1	0	0	NOVEL colocalized	1.838063602541494	0.43548849113528015	0.9025751114062138	0.0	0.0	0.5	0.0	0.0
RAPGEF2	Alzheimer's disease	Neuro/Aging	Immune-cell-enriched	1.1525479017124547	0.0103893231597417	0.9394581158998632	1	0	0	NOVEL colocalized	1.8361406648593444	0.3966825489594811	0.9394581158998632	0.0	0.0	0.5	0.0	0.0
SERPING1	Venous thromboembolism	Cardiovascular	Complement/Coagulation	1.136976592701742	0.0215460538051828	0.0008879900035633	2	1	0	novel nomination	1.8342144419957922	0.333326451992229	0.0008879900035633	0.5	0.5	0.5	0.0	0.0
TMEM106A	Hypertension	Cardiovascular	Immune-cell-enriched	1.1129202440874162	0.0156175229077421	0.4586829520487956	1	1	0	novel nomination	1.8199605217206862	0.36127756967189073	0.4586829520487956	0.0	0.5	0.5	0.0	0.0
HNMT	Crohn's disease	Autoimmune	Immune-cell-enriched	0.6415181114658792	0.0168879963903021	0.925597686868574	1	0	0	NOVEL colocalized	1.7800820613741686	0.35448437450559456	0.925597686868574	0.0	0.0	0.5	0.0	0.0
MERTK	Type 2 diabetes	Metabolic	Immune-cell-enriched	1.0440200592823037	0.0466114470223556	0.0109512859085961	2	1	0	novel nomination	1.7772527688017208	0.2663014828931247	0.0109512859085961	0.5	0.5	0.5	0.0	0.0
PRKCQ	Rheumatoid arthritis	Autoimmune	Immune-cell-enriched	1.3345586596586652	0.0431753205286493	3.2053121059202626e-05	1	2	1	novel nomination	1.7729849390402381	0.27295288591917904	3.2053121059202626e-05	0.0	1.0	0.5	0.0	0.0
TNFRSF1A	Ankylosing spondylitis	Autoimmune	TNF superfamily	1.4604796934690565	0.0093220785064288	0.8592172926938795	1	3	1	recovered known axis	1.7653147414842154	0.40609744879033577	0.8592172926938795	0.0	1.5	0.5	1.5	0.0
MYL6B	Rheumatoid arthritis	Autoimmune	Immune-cell-enriched	1.396184655655942	0.0055229402576664	0.8096145801038143	1	0	0	NOVEL colocalized	1.7611805110175125	0.4515659309136983	0.8096145801038143	0.0	0.0	0.5	0.0	0.0
EPHB4	Dementia	Neuro/Aging	Immune-cell-enriched	1.067878096390665	0.0275275844220724	0.4319512431118273	1	1	0	novel nomination	1.7439976224691356	0.3120463793573084	0.4319512431118273	0.0	0.5	0.5	0.0	0.0
EVI2B	Type 2 diabetes	Metabolic	Immune-cell-enriched	0.774322451553972	0.0005284088001027	0.0774307203519533	1	1	0	novel nomination	1.7328367120062191	0.6554059916542658	0.0774307203519533	0.0	0.5	0.5	0.0	0.0
LTBP3	Type 2 diabetes	Metabolic	Cytokine/Interleukin	1.0757284166045944	0.010182537594924	0.328130644381161	1	1	0	novel nomination	1.7265594399374273	0.39842879555626626	0.328130644381161	0.0	0.5	0.5	0.0	0.0
FES	Coronary heart disease	Cardiovascular	Immune-cell-enriched	0.8904816949537475	1.5862140255712516e-06	0.0330073421947021	1	0	0	novel nomination	1.6929349850620061	1.159927642867304	0.0330073421947021	0.0	0.0	0.5	0.0	0.0
IL4	Coronary heart disease	Cardiovascular	Cytokine/Interleukin	1.2473590950313898	0.0071016825880177	0.2595698599568171	2	3	1	recovered known axis	1.6892976084631908	0.4297277485063734	0.2595698599568171	0.5	1.5	0.5	1.5	0.0
BCL7A	Crohn's disease	Autoimmune	Immune-cell-enriched	0.5728053077443792	0.0275275844220724	0.8741708810130064	1	0	0	NOVEL colocalized	1.6862172603703147	0.3120463793573084	0.8741708810130064	0.0	0.0	0.5	0.0	0.0
MAPRE3	Obesity	Metabolic	Immune-cell-enriched	0.7675585525647268	0.0006819829828028	0.0050269191694593	2	0	0	novel nomination	1.6382722115598778	0.6332452923904186	0.0050269191694593	0.5	0.0	0.5	0.0	0.0
CDKN1A	Atrial fibrillation	Cardiovascular	Immune-cell-enriched	1.3317000490958273	2.1480269213038847e-06		1	0	0	novel nomination	1.6335920559817911	1.1335920559817911	0.0	0.0	0.0	0.5	0.0	0.0
IL1RN	Hypertension	Cardiovascular	Cytokine/Interleukin	0.8305428779673497	0.0055373746945546	0.1779421062435512	1	1	0	novel nomination	1.6292813239080877	0.45133921766453655	0.1779421062435512	0.0	0.5	0.5	0.0	0.0
ADAM15	Atrial fibrillation	Cardiovascular	Immune-cell-enriched	0.9299855235794624	0.0009651095797988	1.983331869769996e-43	1	1	0	novel nomination	1.6030846746990892	0.6030846746990892	1.983331869769996e-43	0.0	0.5	0.5	0.0	0.0
ANXA11	Sarcoidosis	Autoimmune	Immune-cell-enriched	0.7251670635232493	0.0009651095797988	1.4036874810500105e-18	2	0	0	novel nomination	1.6030846746990892	0.6030846746990892	1.4036874810500105e-18	0.5	0.0	0.5	0.0	0.0
SLC16A1	Hypertension	Cardiovascular	Immune-cell-enriched	0.8276151343209475	0.0010533075436071	7.215970130861856e-50	1	1	0	novel nomination	1.595488961092323	0.5954889610923231	7.215970130861856e-50	0.0	0.5	0.5	0.0	0.0
ADM	Hypertension	Cardiovascular	Immune-cell-enriched	1.0699589450331417	0.0017384306889075	6.258705334462916e-09	1	1	0	novel nomination	1.5519685302430661	0.5519685239843608	6.258705334462916e-09	0.0	0.5	0.5	0.0	0.0
PVALB	Sarcoidosis	Autoimmune	Immune-cell-enriched	0.8824007148858183	0.0432695410517407	0.7736110441665229	1	0	0	novel nomination	1.546374586410594	0.27276354224407096	0.7736110441665229	0.0	0.0	0.5	0.0	0.0
JMJD1C	Hypertension	Cardiovascular	Immune-cell-enriched	1.6671465461882875	5.178939659045666e-05	0.1890030739110917	1	0	0	novel nomination	1.5461549037135436	0.8571518298024519	0.1890030739110917	0.0	0.0	0.5	0.0	0.0
RAB44	Ankylosing spondylitis	Autoimmune	Immune-cell-enriched	0.8122566172256516	0.0019703888083313		2	0	0	novel nomination	1.5410896135847614	0.5410896135847614	0.0	0.5	0.0	0.5	0.0	0.0
PSAP	Coronary heart disease	Cardiovascular	Immune-cell-enriched	0.8174569294129628	0.0336766945926516	0.745136053465194	1	0	0	novel nomination	1.5396701617845798	0.29453410831938587	0.745136053465194	0.0	0.0	0.5	0.0	0.0
TNFSF8	Coeliac disease	Autoimmune	TNF superfamily	0.7603789611279782	0.0183618964692358	0.6884886543893418	1	1	0	novel nomination	1.5357051475175005	0.34721649312815883	0.6884886543893418	0.0	0.5	0.0	0.0	0.0
SNX2	Psoriasis	Autoimmune	Immune-cell-enriched	0.6132116720854147	0.0315021171172835	0.7074472232582114	1	0	0	novel nomination	1.5077792749037395	0.300332051645528	0.7074472232582114	0.0	0.0	0.5	0.0	0.0
VNN2	Coronary heart disease	Cardiovascular	Immune-cell-enriched	1.0454011597851285	0.0029875916748453		1	1	0	novel nomination	1.504935751885341	0.504935751885341	0.0	0.0	0.5	0.5	0.0	0.0
TNFSF12	Hypertension	Cardiovascular	TNF superfamily	1.059272096895342	9.45764429027128e-06	1.8018632630945025e-08	1	1	0	novel nomination	1.5048434228553758	1.0048434048367432	1.8018632630945025e-08	0.0	0.5	0.0	0.0	0.0
MPO	Type 2 diabetes	Metabolic	Immune-cell-enriched	1.0745197237685855	0.0432695410517407	0.2290931491296866	2	0	0	novel nomination	1.5018566913737574	0.27276354224407096	0.2290931491296866	0.5	0.0	0.5	0.0	0.0
C2	Rheumatoid arthritis	Autoimmune	Complement/Coagulation	4.411784661989173	1.042320866837852e-34		2	1	0	MHC-caution	1.5	2.0	0.0	0.5	0.5	0.5	0.0	2.0
C2	Type 1 diabetes	Metabolic	Complement/Coagulation	25.666559507748048	1.3235340248547082e-37		2	1	0	MHC-caution	1.5	2.0	0.0	0.5	0.5	0.5	0.0	2.0
CRISP3	Glaucoma	Neuro/Aging	Immune-cell-enriched	1.320205869625204	0.0037918629307705		1	1	0	novel nomination	1.484229474007613	0.4842294740076129	0.0	0.0	0.5	0.5	0.0	0.0
TGFB2	Venous thromboembolism	Cardiovascular	Cytokine/Interleukin	1.900106039681458	0.0115886799288324	0.5734450340939056	1	1	0	novel nomination	1.4606382404693479	0.38719320637544236	0.5734450340939056	0.0	0.5	0.0	0.0	0.0
PFKFB2	Heart failure	Cardiovascular	Immune-cell-enriched	0.6648552824020466	0.0423195031735599	0.6516989025385677	1	0	0	novel nomination	1.426390790441308	0.27469188790274024	0.6516989025385677	0.0	0.0	0.5	0.0	0.0
ADAMTSL4	Hypertension	Cardiovascular	Immune-cell-enriched	1.064719000626806	0.010182537594924	0.0174263323739403	1	1	0	novel nomination	1.4158551279302065	0.39842879555626626	0.0174263323739403	0.0	0.5	0.5	0.0	0.0
LDLR	Hypertension	Cardiovascular	Immune-cell-enriched	0.7132227918364444	0.0090356114494124	1.316313653227311e-10	1	1	0	novel nomination	1.4088084907196885	0.40880849058805707	1.316313653227311e-10	0.0	0.5	0.5	0.0	0.0
DENR	Atrial fibrillation	Cardiovascular	Immune-cell-enriched	1.2341789500838978	0.002255868825721	0.3777568615216816	1	0	0	novel nomination	1.407094092984403	0.5293372314627214	0.3777568615216816	0.0	0.0	0.5	0.0	0.0
PACS2	Type 2 diabetes	Metabolic	Immune-cell-enriched	1.387487383466108	0.038510778045853	0.6151813637041613	1	0	0	novel nomination	1.3980649051231766	0.2828835414190153	0.6151813637041613	0.0	0.0	0.5	0.0	0.0
GSTM4	Heart failure	Cardiovascular	Immune-cell-enriched	1.0438119594405235	0.0442080241076727	0.6225287105003765	1	0	0	novel nomination	1.3934284896196822	0.27089977911930585	0.6225287105003765	0.0	0.0	0.5	0.0	0.0
MPO	Hypertension	Cardiovascular	Immune-cell-enriched	1.071594531946834	0.0124510329798526	1.8870763541741658e-08	2	0	0	novel nomination	1.3809589421773447	0.3809589233065811	1.8870763541741658e-08	0.5	0.0	0.5	0.0	0.0
BMP6	Type 2 diabetes	Metabolic	Immune-cell-enriched	0.825530025367144	0.0124510329798526		1	1	0	novel nomination	1.380958923306581	0.3809589233065811	0.0	0.0	0.5	0.5	0.0	0.0
SORT1	Coronary heart disease	Cardiovascular	Immune-cell-enriched	0.7139935677466863	0.0129360834268435	9.078216880477684e-14	1	1	0	novel nomination	1.3776394384518853	0.37763943845179454	9.078216880477684e-14	0.0	0.5	0.5	0.0	0.0
GDF15	Obesity	Metabolic	Immune-cell-enriched	0.841960417511216	0.0179577741912377	0.0037122979751081	1	1	0	novel nomination	1.3528617967245276	0.3491494987494194	0.0037122979751081	0.0	0.5	0.5	0.0	0.0
RAB44	Heart failure	Cardiovascular	Immune-cell-enriched	0.9389576078792043	0.0174336532880649		2	0	0	novel nomination	1.3517223190599696	0.35172231905996976	0.0	0.5	0.0	0.5	0.0	0.0
TGFB2	Atrial fibrillation	Cardiovascular	Cytokine/Interleukin	1.853451991987692	0.0100492198756967	0.4417292846165523	1	1	0	novel nomination	1.3413028148887434	0.39957353027219106	0.4417292846165523	0.0	0.5	0.0	0.0	0.0
LDLR	Coronary heart disease	Cardiovascular	Immune-cell-enriched	0.6425092545955702	0.0206417010702856	1.4054557250208054e-10	1	1	0	novel nomination	1.337050903264657	0.3370509031241114	1.4054557250208054e-10	0.0	0.5	0.5	0.0	0.0
TPPP3	Coronary heart disease	Cardiovascular	Immune-cell-enriched	0.8232975362902791	0.0476434773090409	0.5472745460308236	1	0	0	novel nomination	1.3116738557498842	0.26439930971906067	0.5472745460308236	0.0	0.0	0.5	0.0	0.0
EDN1	Ankylosing spondylitis	Autoimmune	Immune-cell-enriched	2.024271739274989	0.0336766945926516		1	1	0	novel nomination	1.294534108319386	0.29453410831938587	0.0	0.0	0.5	0.5	0.0	0.0
VAT1	Hypertension	Cardiovascular	Immune-cell-enriched	1.0693810397620036	0.0168879963903021	0.4240708865185141	1	0	0	novel nomination	1.2785552610241087	0.35448437450559456	0.4240708865185141	0.0	0.0	0.5	0.0	0.0
CD14	Atrial fibrillation	Cardiovascular	HLA/Antigen presentation	0.8999090916998057	0.0432695410517407	0.0023970977484307	1	1	0	novel nomination	1.2751606399925017	0.27276354224407096	0.0023970977484307	0.0	0.5	0.5	0.0	0.0
PINLYP	Coronary heart disease	Cardiovascular	Immune-cell-enriched	1.1791695035372822	0.0423195031735599	2.7375964180672512e-05	1	1	0	novel nomination	1.274719263866921	0.27469188790274024	2.7375964180672512e-05	0.0	0.5	0.5	0.0	0.0
NRN1	Type 2 diabetes	Metabolic	Immune-cell-enriched	1.0884674475658291	0.0427806795784465		1	1	0	novel nomination	1.2737504641734443	0.27375046417344434	0.0	0.0	0.5	0.5	0.0	0.0
RELB	Dementia	Neuro/Aging	Immune-cell-enriched	0.3709450450168854	0.0004974764306812	4.463957874315477e-06	1	0	0	novel nomination	1.160649962023967	0.6606454980660926	4.463957874315477e-06	0.0	0.0	0.5	0.0	0.0
STK11	Coronary heart disease	Cardiovascular	Immune-cell-enriched	1.1093549553793438	0.0136424038425075	0.2860182804384474	1	0	0	novel nomination	1.1590401001638748	0.3730218197254274	0.2860182804384474	0.0	0.0	0.5	0.0	0.0
IL6ST	Psoriasis	Autoimmune	Cytokine/Interleukin	1.578291354919277	0.0252279586907883	0.8120194518935863	1	2	0	recovered known axis	1.1316430296552484	0.3196235777616622	0.8120194518935863	0.0	1.0	0.5	1.5	0.0
CLINT1	Hypertension	Cardiovascular	Immune-cell-enriched	1.4368403263327851	0.0009005485913327	7.271173208394247e-12	1	0	0	novel nomination	1.109098569762542	0.6090985697552708	7.271173208394247e-12	0.0	0.0	0.5	0.0	0.0
MYL4	Hypertension	Cardiovascular	Immune-cell-enriched	1.6566342513940038	0.0010548098707932	4.136818779541329e-06	1	0	0	novel nomination	1.095369299774826	0.5953651629560466	4.136818779541329e-06	0.0	0.0	0.5	0.0	0.0
HIP1R	Atrial fibrillation	Cardiovascular	Immune-cell-enriched	1.4647311240006111	0.008565631038483	0.1776341143371893	1	0	0	novel nomination	1.0910822416606365	0.41344812732344705	0.1776341143371893	0.0	0.0	0.5	0.0	0.0
C2	Coeliac disease	Autoimmune	Complement/Coagulation	3.676316273878641	1.7169434259454512e-08		2	1	0	MHC-caution	1.0530488029601868	1.553048802960187	0.0	0.5	0.5	0.5	0.0	2.0
KRT18	Hypertension	Cardiovascular	Immune-cell-enriched	1.2352797991689988	0.0090841805644236	2.244322663911587e-21	1	0	0	novel nomination	0.9083428483965494	0.4083428483965494	2.244322663911587e-21	0.0	0.0	0.5	0.0	0.0
PHOSPHO1	Coronary heart disease	Cardiovascular	Immune-cell-enriched	0.8505198613697235	0.0368286582055251	0.0043036061821252	1	0	0	novel nomination	0.7910664269213337	0.2867628207392084	0.0043036061821252	0.0	0.0	0.5	0.0	0.0
RELB	Alzheimer's disease	Neuro/Aging	Immune-cell-enriched	0.3568883843979301	0.0476434773090409	4.4489363097868015e-06	1	0	0	novel nomination	0.7644037586553705	0.26439930971906067	4.4489363097868015e-06	0.0	0.0	0.5	0.0	0.0
C2	Ankylosing spondylitis	Autoimmune	Complement/Coagulation	3.3482720524801994	2.6988395901181023e-05		2	1	0	MHC-caution	0.41376458553381257	0.9137645855338127	0.0	0.5	0.5	0.5	0.0	2.0
TNFRSF14	Obesity	Metabolic	TNF superfamily	1.0928516730640638	0.013161553730333	0.4606300149700093	2	1	0	recovered known axis	0.3367685827575906	0.3761385677875812	0.4606300149700093	0.5	0.5	0.0	1.5	0.0
TNFRSF14	Multiple sclerosis	Autoimmune	TNF superfamily	0.7302166192022661	0.0026384172873563	0.0359298748437962	2	1	0	recovered known axis	0.05166117806766346	0.5157313032238673	0.0359298748437962	0.5	0.5	0.0	1.5	0.0
TNFRSF14	Rheumatoid arthritis	Autoimmune	TNF superfamily	0.8739742552963211	0.0046759749953051	0.0832306904289751	2	1	0	recovered known axis	0.04925625440620918	0.4660255639772342	0.0832306904289751	0.5	0.5	0.0	1.5	0.0
C2	Psoriasis	Autoimmune	Complement/Coagulation	1.6201595163871174	0.0059591516846031		2	1	0	MHC-caution	-0.055036888024635466	0.44496311197536464	0.0	0.5	0.5	0.5	0.0	2.0
C2	Sjogren syndrome	Autoimmune	Complement/Coagulation	2.6145118762831148	0.0066215761611703		2	1	0	MHC-caution	-0.06419227573153652	0.43580772426846337	0.0	0.5	0.5	0.5	0.0	2.0
C2	Systemic lupus erythematosus	Autoimmune	Complement/Coagulation	4.063588070051411	0.0275275844220724		2	1	0	MHC-caution	-0.18795362064269172	0.3120463793573084	0.0	0.5	0.5	0.5	0.0	2.0
