gene	disease	rep_gwas	rep_cite	snp	disc_tier	disc_OR	rep_found	rep_beta	rep_p	rep_dir_OR	rep_concordant	rep_sig
TNFSF14	Multiple sclerosis	ieu-b-18	Patsopoulos/IMSGC 2019	rs2291668	5	0.4980323826686125	True	-0.166107	1.55489e-12	0.5301975623445798	yes	True
TNFRSF14	Multiple sclerosis	ieu-b-18	Patsopoulos/IMSGC 2019	rs3748825	3	0.7302166192022661	True	-0.101147	7.97499e-09	0.7607140933249332	yes	True
SWAP70	Rheumatoid arthritis	ieu-a-833	Okada 2014	rs360155	5	0.8293131115972837	True	0.0582689	0.000969996	0.8219777418482912	yes	True
IL6ST	Rheumatoid arthritis	ieu-a-833	Okada 2014	rs7731626	4	2.632384596643061	True	-0.18633	7.29962e-24	0.20345732909083172	yes	True
CTLA4	Rheumatoid arthritis	ieu-a-833	Okada 2014	rs13030124	4	0.5105947113703064	True	-0.127833	3.29989e-20	0.427647706405292	yes	True
CA8	Rheumatoid arthritis	ieu-a-833	Okada 2014	rs7824045	4	0.746217049064143	True	0.040822	0.00530005	1.2439176248303911	yes	True
MYL6B	Rheumatoid arthritis	ieu-a-833	Okada 2014	rs11171747	4	1.396184655655942	True	0.0618754	1.79999e-05	1.5149173906303086	yes	True
NUMB	Rheumatoid arthritis	ieu-a-833	Okada 2014	rs61985842	4	0.7193194403952133	True	0.0304592	0.14	1.2142464102101425	yes	False
TNFRSF14	Rheumatoid arthritis	ieu-a-833	Okada 2014	rs3748825	3	0.8739742552963211	True	-0.0582689	6.19998e-05	0.8542309122085258	yes	True
ERBB3	Rheumatoid arthritis	ieu-a-833	Okada 2014	rs11171739	3	1.3135853777167552	True	0.076961	8.60003e-09	0.6292840220284112	yes	True
C2	Rheumatoid arthritis	ieu-a-833	Okada 2014	rs488755	2	4.411784661989173	True	-0.597837	2.19989e-59	0.12242722221572998	yes	True
TNFRSF1A	Ankylosing spondylitis	ebi-a-GCST005529	Cortes/IGAS 2013	rs1800692	4	1.4604796934690565	True	-0.0188218	5.87219e-06	1.0765153208228129	yes	True
KIAA0319	Ankylosing spondylitis	ebi-a-GCST005529	Cortes/IGAS 2013	rs6935076	2	0.6475203748690394	False					False
C2	Ankylosing spondylitis	ebi-a-GCST005529	Cortes/IGAS 2013	rs488755	2	3.3482720524801994	False					False
RAB44	Ankylosing spondylitis	ebi-a-GCST005529	Cortes/IGAS 2013	rs12526889	2	0.8122566172256516	False					False
NUMB	Coeliac disease	ieu-a-1058	Trynka 2011	rs61985842	4	0.5647687861390079	False					False
HAVCR1	Coeliac disease	ieu-a-1058	Trynka 2011	rs1501909	4	2.414271024768988	False					False
TNFSF8	Coeliac disease	ieu-a-1058	Trynka 2011	rs10817679	3	0.7603789611279782	False					False
C2	Coeliac disease	ieu-a-1058	Trynka 2011	rs488755	2	3.676316273878641	False					False
IFNGR2	Psoriasis	ebi-a-GCST90019017	Stuart 2021	rs17879003	4	0.8757486654865103	True	-0.0654	0.00261102	0.8934308218910658	yes	True
IL4	Psoriasis	ebi-a-GCST90019017	Stuart 2021	rs2070874	3	1.7955955190555564	True	-0.0761	0.000369496	0.5787924527328278	yes	True
ERBB3	Psoriasis	ebi-a-GCST90019017	Stuart 2021	rs11171739	3	0.7391027180989734	True	-0.097	4.35301e-10	1.7923039981142481	yes	True
C2	Psoriasis	ebi-a-GCST90019017	Stuart 2021	rs488755	2	1.6201595163871174	True	-0.0899	0.00577205	0.7298856733358592	yes	True
CD226	Sarcoidosis	ebi-a-GCST005538	Fischer 2015	rs763361	4	0.8056068854711766	True	-0.0525924	0.1784	1.1628024166942041	yes	False
ANXA11	Sarcoidosis	ebi-a-GCST005538	Fischer 2015	rs11591611	3	0.7251670635232493	False					False
LTBR	Sarcoidosis	ebi-a-GCST005538	Fischer 2015	rs2364480	3	1.391202658282484	True	-0.155293	0.0006092	1.7029964569937686	yes	True
HNMT	Crohn's disease	ieu-a-12	Liu/IIBDGC 2015	rs1522907	4	0.6415181114658792	False					False
CTLA4	Autoimmune hyperthyroidism	ebi-a-GCST90018860	Sakaue 2021	rs13030124	4	0.1541189153607358	True	-0.2008	4.36315e-19	0.262251809939838	yes	True
