gene_symbol	disease_code	disease	disease_category	SNP	chr	eqtl_Z	eqtl_N	eaf	b_exp	b_out_oriented	se_out	MR_beta	MR_se	MR_z	MR_p	OR	OR_l95	OR_u95	FDR	immune_class	immune_source_cells	direction	mhc
C2	T1D	Type 1 diabetes	Metabolic	rs488755	6	-9.4807	13564	0.0422	-0.2854736694676074	-0.926416	0.0683256	3.2451889581540554	0.2393411628029424	13.558841781118645	7.023636302561602e-42	25.666559507748048	16.0559625504874	41.02975918717335	1.3235340248547082e-37	Complement/Coagulation	Myeloid/Monocyte	risk (block)	True
C2	M13_RHEUMA	Rheumatoid arthritis	Autoimmune	rs488755	6	-9.4807	13564	0.0424	-0.2846519533312235	-0.422503	0.032481	1.4842792928540764	0.1141077713322586	13.007696807364304	1.1062628601547995e-38	4.411784661989173	3.527636362726879	5.51753125957611	1.042320866837852e-34	Complement/Coagulation	Myeloid/Monocyte	risk (block)	True
FES	I9_HYPTENS	Hypertension	Cardiovascular	rs8027450	15	-46.898	31173	0.2639	-0.4118843617805493	0.0684517	0.00568828	-0.1661915487737571	0.0138103810870845	-12.033813384713833	2.3600288081307497e-33	0.8468839990603911	0.8242677226583646	0.8701208213654444	1.4824127620138616e-29	Immune-cell-enriched	Granulocyte	protective (agonise)	False
LYPD3	F5_DEMENTIA	Dementia	Neuro/Aging	rs2599437	19	11.853	31565	0.3578	0.0981953016005043	-0.101697	0.0106584	-1.0356605493584807	0.1085428714640789	-9.54148840351272	1.4079685262281985e-21	0.3549918138470115	0.2869622579048697	0.4391489975666683	6.2893731265111856e-18	Immune-cell-enriched	T-cell	protective (agonise)	False
PROCR	I9_VTE	Venous thromboembolism	Cardiovascular	rs2378335	20	-15.9071	24554	0.3883	-0.1465334809060585	0.0883298	0.00927459	-0.6027960262312172	0.0632933166034994	-9.523849571787002	1.6687999168199918e-21	0.5472792876050901	0.4834289487627314	0.6195628528413547	6.2893731265111856e-18	Immune-cell-enriched	T-cell	protective (agonise)	False
LYPD3	G6_AD_WIDE	Alzheimer's disease	Neuro/Aging	rs2599437	19	11.853	31565	0.3575	0.0982123989304366	-0.139984	0.0152784	-1.4253190180106483	0.1555648794488933	-9.162215938841763	5.084237741111177e-20	0.2404317489141367	0.1772443160096754	0.3261454425582532	1.5967895998916502e-16	Immune-cell-enriched	T-cell	protective (agonise)	False
PSRC1	I9_CHD	Coronary heart disease	Cardiovascular	rs7528419	1	52.427	31683	0.2159	0.4855803255900371	-0.0787321	0.00864363	-0.1621402183136873	0.0178006182385931	-9.108684661421185	8.338676415788434e-20	0.8503219654685883	0.8211664659775809	0.8805126304050797	2.2447716911302464e-16	Immune-cell-enriched	Myeloid/Monocyte	protective (agonise)	False
CTLA4	AUTOIMMUNE_HYPERTHYROIDISM	Autoimmune hyperthyroidism	Autoimmune	rs13030124	2	17.7338	31567	0.3243	0.1500242672305174	-0.28055	0.0312924	-1.8700307968771837	0.2085822552422012	-8.96543569684652	3.090565665042496e-19	0.1541189153607358	0.1024016946546453	0.2319555369867322	7.2798274240076e-16	Immune checkpoint	T-cell	protective (agonise)	False
IL6ST	M13_RHEUMA	Rheumatoid arthritis	Autoimmune	rs7731626	5	-12.6042	28588	0.2804	-0.1170194807674573	-0.113262	0.0131781	0.9678901261327229	0.1126145827478733	8.59471395724725	8.347246307696489e-18	2.632384596643061	2.111007969210416	3.282530793683117	1.747727882469251e-14	Cytokine/Interleukin	T-cell	risk (block)	False
CDKN1A	I9_HEARTFAIL	Heart failure	Cardiovascular	rs12199346	6	-22.6917	31569	0.1923	-0.2272947389127759	-0.0891196	0.0104748	0.3920882657745964	0.0460846566449551	8.508000152747547	1.7695896140304237e-17	1.4800683450158931	1.3522398135135398	1.6199806306739477	3.3346146686789313e-14	Immune-cell-enriched	Myeloid/Monocyte	risk (block)	False
CTLA4	M13_RHEUMA	Rheumatoid arthritis	Autoimmune	rs13030124	2	17.7338	31567	0.3205	0.1504881588830561	-0.101155	0.0126612	-0.6721791319050371	0.084134194304543	-7.989369096136228	1.3563105754997917e-15	0.5105947113703064	0.4329720283404455	0.602133491806849	2.3234833167925524e-12	Immune checkpoint	T-cell	protective (agonise)	False
ARG1	T2D	Type 2 diabetes	Metabolic	rs2246012	6	-67.6381	31684	0.2299	-0.596968131065975	0.0483702	0.00688072	-0.0810264358896811	0.0115261094218102	-7.029816647095072	2.068051169558483e-12	0.922169312756154	0.9015699825392722	0.9432393023933826	3.247529686596671e-09	Immune-cell-enriched	Granulocyte	protective (agonise)	False
ACE	I9_HYPTENS	Hypertension	Cardiovascular	rs4277405	17	8.5205	27395	0.371	0.075252923381889	0.0359044	0.00519954	0.4771163482619071	0.0690941928410366	6.905303161433512	5.009632744961375e-12	1.6114209191709736	1.4073263945433376	1.8451138192319767	7.261655342004011e-09	Immune-cell-enriched	B-cell	risk (block)	False
C2	K11_COELIAC	Coeliac disease	Autoimmune	rs488755	6	-9.4807	13564	0.0421	-0.2858482122682032	-0.372149	0.0549591	1.3019112383002178	0.1922667263296838	6.7713808996144405	1.2755894694988494e-11	3.676316273878641	2.522040899987243	5.358874769101999	1.7169434259454512e-08	Complement/Coagulation	Myeloid/Monocyte	risk (block)	True
ERBB3	T1D	Type 1 diabetes	Metabolic	rs11171739	12	-20.614	30971	0.4281	-0.1662556284416286	0.14252	0.0215803	-0.8572341359861867	0.1298019213080459	-6.604171397061209	3.9974682897790895e-11	0.4243341111823029	0.3290169855460281	0.5472648702742596	5.021886163506477e-08	Immune-cell-enriched	Granulocyte	protective (agonise)	False
LIF	T1D	Type 1 diabetes	Metabolic	rs3747150	22	4.3416	30714	0.3457	0.0368201430075372	0.146824	0.0222724	3.987599938705956	0.604897161736736	6.592194824087211	4.333713667841773e-11	53.92530987716778	16.47759372028605	176.47837995717296	5.1040312723006485e-08	Cytokine/Interleukin		risk (block)	False
TSPAN15	I9_VTE	Venous thromboembolism	Cardiovascular	rs17569412	10	24.6381	31682	0.1976	0.2435023087810868	-0.0760116	0.0115644	-0.3121596685489165	0.0474919521621317	-6.572896129500881	4.934588375152529e-11	0.7318646631299554	0.6668141585272939	0.8032611159926336	5.469846078904368e-08	Immune-cell-enriched	T-cell	protective (agonise)	False
IL2RA	T1D	Type 1 diabetes	Metabolic	rs61839660	10	15.7344	30836	0.0411	0.3176961869497714	-0.380788	0.0598508	-1.1985916597110546	0.188390048286801	-6.362287555053566	1.9877086241346199e-10	0.3016186946935759	0.2084958474281877	0.4363340474682149	2.080910072955154e-07	Cytokine/Interleukin	Granulocyte;T-cell	protective (agonise)	False
LTBP2	H7_GLAUCOMA	Glaucoma	Neuro/Aging	rs754458	14	16.5993	26410	0.54	0.1441661092528887	-0.0582908	0.00919436	-0.4043308118813783	0.0637761541020138	-6.339843121217789	2.2999923817103367e-10	0.6674232931893709	0.5889982456126462	0.7562906266866828	2.281108233734189e-07	Cytokine/Interleukin		protective (agonise)	False
PVR	F5_DEMENTIA	Dementia	Neuro/Aging	rs79572806	19	-14.9139	31568	0.07	-0.2318563839126967	0.122982	0.0194241	-0.53042317802346	0.0837764294957431	-6.331413038441935	2.4292607322257767e-10	0.5883559376868374	0.499261646066242	0.693349293178889	2.288849461903128e-07	Immune-cell-enriched	Myeloid/Monocyte;Granulocyte;Dendritic	protective (agonise)	False
PLAUR	I9_CHD	Coronary heart disease	Cardiovascular	rs4760	19	11.5325	30333	0.1671	0.1252403149863753	0.0578247	0.00944022	0.4617099534306556	0.0753768465132572	6.125355129435543	9.048156529819967e-10	1.5867849949293351	1.3688504968789137	1.8394168142349143	8.119212459425118e-07	Immune-cell-enriched	Granulocyte	risk (block)	False
SPRY2	T2D	Type 2 diabetes	Metabolic	rs7995973	13	-15.6463	31470	0.3132	-0.1339462471400617	-0.0386975	0.00634007	0.2889032042796667	0.0473329423956944	6.1036392342671295	1.0368016635057874e-09	1.3349625036172446	1.2166858393647388	1.4647370984399	8.88067752141048e-07	Immune-cell-enriched	NK-cell	risk (block)	False
CTLA4	T1D	Type 1 diabetes	Metabolic	rs13030124	2	17.7338	31567	0.3199	0.1505672378465111	-0.14199	0.0233897	-0.9430338367815791	0.1553438871200091	-6.070620828826364	1.274167064703679e-09	0.3894445301487476	0.2872196986526297	0.5280523681845669	1.0439306159685276e-06	Immune checkpoint	T-cell	protective (agonise)	False
FES	I9_CHD	Coronary heart disease	Cardiovascular	rs8027450	15	-46.898	31173	0.266	-0.4108395329682937	0.0476544	0.00794747	-0.1159927323831265	0.0193444626484212	-5.996172366803524	2.0202258869512863e-09	0.8904816949537475	0.8573509972557346	0.9248926654145736	1.5862140255712516e-06	Immune-cell-enriched	Granulocyte	protective (agonise)	False
IL4	L12_PSORIASIS	Psoriasis	Autoimmune	rs2070874	5	-15.811	28533	0.3394	-0.139170490231778	-0.0814616	0.0136193	0.5853367324088017	0.0978605448419279	5.981335310919063	2.2131575048631887e-09	1.7955955190555564	1.4822038448073327	2.175249564591092	1.6181736097945674e-06	Cytokine/Interleukin	Granulocyte	risk (block)	False
SPINK8	I9_HYPTENS	Hypertension	Cardiovascular	rs11713476	3	21.1064	26175	0.2297	0.2174749855450846	-0.0359424	0.00601053	-0.1652714214920538	0.0276377992849847	-5.979905266257718	2.2326742652652704e-09	0.8476635987428299	0.8029671233996742	0.8948480650010344	1.6181736097945674e-06	Immune-cell-enriched	Granulocyte	protective (agonise)	False
TNFSF14	G6_MS	Multiple sclerosis	Autoimmune	rs2291668	19	29.6628	31590	0.2713	0.2617896587755406	-0.182491	0.0306068	-0.6970901786325654	0.1169137090561792	-5.9624331847824665	2.485092794994392e-09	0.4980323826686125	0.3960396096414442	0.6262915328371719	1.7344106899583085e-06	TNF superfamily	Granulocyte	protective (agonise)	False
CDKN1A	I9_AF	Atrial fibrillation	Cardiovascular	rs12199346	6	-22.6917	31569	0.1915	-0.2276549222570684	-0.0652132	0.0110131	0.2864563583929941	0.048376287632226	5.921420853347378	3.1917190509715963e-09	1.3317000490958273	1.211232982554859	1.4641485546580282	2.1480269213038847e-06	Immune-cell-enriched	Myeloid/Monocyte	risk (block)	False
ANPEP	T2D	Type 2 diabetes	Metabolic	rs11073891	15	-108.5755	31684	0.3921	-0.754208452378101	-0.0354344	0.00600715	0.046982236659204	0.0079648404642758	5.898704044347152	3.663677035000938e-09	1.048103391096572	1.0318684101133264	1.0645938064016196	2.3806320706054373e-06	Immune-cell-enriched	Granulocyte	risk (block)	False
ACE	F5_DEMENTIA	Dementia	Neuro/Aging	rs4277405	17	8.5205	27395	0.3738	0.0751406642557468	-0.0617667	0.0105841	-0.8220142929502517	0.14085715244646	-5.835800871117997	5.3532800099332935e-09	0.4395453890280715	0.3335060370320026	0.579300305131507	3.3625736169060997e-06	Immune-cell-enriched	B-cell	protective (agonise)	False
TEX101	F5_DEMENTIA	Dementia	Neuro/Aging	rs36081957	19	24.1383	27561	0.182	0.2636855222238463	0.0759948	0.0130818	0.2882023986720323	0.0496113699746271	5.809200568729074	6.2771852772904305e-09	1.334027282151228	1.2104160137339453	1.4702620994197804	3.70299009302803e-06	Immune-cell-enriched	Granulocyte	risk (block)	False
IFNGR2	I9_HYPTENS	Hypertension	Cardiovascular	rs17879003	21	60.0366	31679	0.1845	0.5826326559813296	0.0374736	0.00645106	0.064317713082668	0.0110722595683114	5.8089058232290505	6.288244692045052e-09	1.0664311640761612	1.0435371876568038	1.0898274073648644	3.70299009302803e-06	Interferon axis	Granulocyte	risk (block)	False
SWAP70	I9_HYPTENS	Hypertension	Cardiovascular	rs360155	11	34.7888	31566	0.2987	0.2968843617584342	-0.0318759	0.00554214	-0.1073680668500028	0.0186676723798253	-5.751550844980459	8.842847708979214e-09	0.8981950163318115	0.8659252377280594	0.9316673682822736	5.031927448444981e-06	Immune-cell-enriched	B-cell	protective (agonise)	False
MERTK	I9_HYPTENS	Hypertension	Cardiovascular	rs55812028	2	-63.7253	31349	0.3717	-0.4955196135904701	-0.0300123	0.00522217	0.06056733008515	0.010538775573707	5.747093641149178	9.079045491781434e-09	1.062439129279221	1.0407184895516222	1.084613096390654	5.031927448444981e-06	Immune-cell-enriched	Myeloid/Monocyte	risk (block)	False
KIAA0319	M13_ANKYLOSPON	Ankylosing spondylitis	Autoimmune	rs6935076	6	39.0285	31567	0.3487	0.3183419288218022	-0.138353	0.0244133	-0.4346050189243078	0.0766889240457728	-5.667115875363019	1.4522113882592809e-08	0.6475203748690394	0.5571530450754603	0.7525448161442858	7.818706114387967e-06	Immune-cell-enriched	Granulocyte	protective (agonise)	False
SPINK8	T2D	Type 2 diabetes	Metabolic	rs11713476	3	21.1064	26175	0.2289	0.2177320270586312	-0.0395122	0.00699436	-0.1814716949719118	0.0321237077268221	-5.649151602148016	1.612416132075772e-08	0.8340418525474392	0.7831475474450809	0.8882436190602332	8.440102664676625e-06	Immune-cell-enriched	Granulocyte	protective (agonise)	False
TNFSF12	I9_HYPTENS	Hypertension	Cardiovascular	rs62059804	17	65.5844	31569	0.2343	0.578101084581663	0.0332882	0.00591809	0.0575819711946893	0.0102371196972975	5.624821521808555	1.8569987196987762e-08	1.059272096895342	1.0382298717038907	1.0807407933847928	9.45764429027128e-06	TNF superfamily		risk (block)	False
NGFR	I9_HYPTENS	Hypertension	Cardiovascular	rs2671661	17	7.2478	27069	0.2601	0.0709389890513263	-0.0323951	0.00577457	-0.4566614274212626	0.0814019212456204	-5.609958836761873	2.023747455757373e-08	0.6333947538585684	0.5399875511785105	0.7429595614565015	1.0035657120076827e-05	Immune-cell-enriched	Myeloid/Monocyte;Dendritic	protective (agonise)	False
TEX101	G6_AD_WIDE	Alzheimer's disease	Neuro/Aging	rs36081957	19	24.1383	27561	0.1821	0.2636145990271951	0.102151	0.0185946	0.3875013006751643	0.0705370645958865	5.493584158841814	3.938572830434143e-08	1.4732948698958162	1.283061031752053	1.6917338458150526	1.90303760042823e-05	Immune-cell-enriched	Granulocyte	risk (block)	False
FES	I9_AF	Atrial fibrillation	Cardiovascular	rs8027450	15	-46.898	31173	0.2642	-0.4117348232539776	0.0535113	0.00979365	-0.1299654461507417	0.0237863047934587	-5.463877104041905	4.658461067998898e-08	0.878125773021931	0.8381261913119505	0.9200343352095036	2.194601009134281e-05	Immune-cell-enriched	Granulocyte	protective (agonise)	False
C2	M13_ANKYLOSPON	Ankylosing spondylitis	Autoimmune	rs488755	6	-9.4807	13564	0.0419	-0.2863706413323699	-0.346063	0.063818	1.2084444075339045	0.2228510565995171	5.422655050299289	5.87202415595639e-08	3.3482720524801994	2.163346517918758	5.182214520217229	2.6988395901181023e-05	Complement/Coagulation	Myeloid/Monocyte	risk (block)	True
NPDC1	T2D	Type 2 diabetes	Metabolic	rs10747042	9	-30.0972	11155	0.0887	-0.6815344535194955	-0.055568	0.0104093	0.0815336623307048	0.0152733290976642	5.338303248057026	9.382044445500681e-08	1.084949738906209	1.0529523045474702	1.1179195210162371	4.209410607881306e-05	Immune-cell-enriched	T-cell	risk (block)	False
JMJD1C	I9_HYPTENS	Hypertension	Cardiovascular	rs9919429	10	6.4891	30902	0.4824	0.0522009289054688	0.0266806	0.0050376	0.5111135100357342	0.0965040298252668	5.296291885024616	1.1817788438705354e-07	1.6671465461882875	1.3798373247134423	2.0142791883418165	5.178939659045666e-05	Immune-cell-enriched	Granulocyte	risk (block)	False
MAPRE3	I9_HYPTENS	Hypertension	Cardiovascular	rs6745807	2	19.0113	31231	0.3301	0.1608378401146731	-0.0283748	0.00537418	-0.1764186834377377	0.0334136543749179	-5.279838040408025	1.292981256260701e-07	0.8382669413697186	0.7851272707378951	0.8950032576666516	5.537486089312875e-05	Immune-cell-enriched	Granulocyte	protective (agonise)	False
ANXA11	H7_GLAUCOMA	Glaucoma	Neuro/Aging	rs11591611	10	-35.5311	31569	0.2241	-0.3325253498463839	-0.0584598	0.0111459	0.1758055439292269	0.0335189482701064	5.244960030145615	1.563162110140885e-07	1.1922062043746104	1.1163990874994325	1.2731608702161696	6.545828178554407e-05	Immune-cell-enriched	Granulocyte	risk (block)	False
CTSH	T1D	Type 1 diabetes	Metabolic	rs34843303	15	-76.3926	31355	0.1294	-0.834612258144237	-0.171359	0.0334221	0.2053156999886597	0.0400450624512922	5.127116488790351	2.9421349052312336e-07	1.2279126557902569	1.1352210362687414	1.3281726131552647	0.0001205251959873	Immune-cell-enriched	Myeloid/Monocyte;B-cell;Dendritic	risk (block)	False
NOMO1	T2D	Type 2 diabetes	Metabolic	rs7405130	16	18.1677	6416	0.1249	0.4731564616341891	0.043764	0.00876497	0.0924937172977576	0.0185244643383449	4.993057591754449	5.943082602780469e-07	1.0969062500032989	1.0577941689410235	1.137464505500959	0.0002382796778016	Immune-cell-enriched	Granulocyte	risk (block)	False
ANXA2	I9_HYPTENS	Hypertension	Cardiovascular	rs62004990	15	30.6132	31555	0.2155	0.2920893388576633	0.0303727	0.00612207	0.1039842813804333	0.0209595804624122	4.961181430463879	7.006570856935792e-07	1.1095830136652372	1.0649240730127014	1.1561147835933518	0.0002750662942252	Immune-cell-enriched	Myeloid/Monocyte;Granulocyte;T-cell;Dendritic	risk (block)	False
RELB	F5_DEMENTIA	Dementia	Neuro/Aging	rs8111826	19	-6.2413	31682	0.497	-0.0495592748789478	0.049148	0.010153	-0.991701353985659	0.2048657900019613	-4.840736728060671	1.2935865582350628e-06	0.3709450450168854	0.2482700280457772	0.5542361577258442	0.0004974764306812	Immune-cell-enriched	Granulocyte	protective (agonise)	False
EVI2B	T2D	Type 2 diabetes	Metabolic	rs9902893	17	-13.7761	31260	0.3517	-0.1150352190687584	0.0294222	0.00609823	-0.2557668880728941	0.0530118519299292	-4.824711432661608	1.4020611337898491e-06	0.774322451553972	0.6979065149991247	0.8591054046562457	0.0005284088001027	Immune-cell-enriched	Granulocyte	protective (agonise)	False
PFKFB2	I9_AF	Atrial fibrillation	Cardiovascular	rs1564879	1	8.9806	31565	0.5142	0.0714229616818541	-0.0413235	0.00864709	-0.5785744391848531	0.1210687683117584	-4.778890933250376	1.7626477161321873e-06	0.5606971049270295	0.4422547413285556	0.7108600860425717	0.0006512810502508	Immune-cell-enriched	Myeloid/Monocyte;Granulocyte;Dendritic	protective (agonise)	False
MAPRE3	E4_OBESITY	Obesity	Metabolic	rs6745807	2	19.0113	31231	0.3289	0.1609825262926351	-0.0425864	0.00893601	-0.2645405124441031	0.0555091922446046	-4.765706394688458	1.8819313896066636e-06	0.7675585525647268	0.6884321389804078	0.8557795289566299	0.0006819829828028	Immune-cell-enriched	Granulocyte	protective (agonise)	False
CLINT1	I9_HYPTENS	Hypertension	Cardiovascular	rs11750888	5	-8.249	31678	0.4619	-0.0656656940787283	-0.0238003	0.00505801	0.3624464849402975	0.0770266738357446	4.70546716989488	2.532852650214278e-06	1.4368403263327851	1.2354980945833594	1.670994178321504	0.0009005485913327	Immune-cell-enriched	Granulocyte	risk (block)	False
ADAM15	I9_AF	Atrial fibrillation	Cardiovascular	rs41264285	1	-74.9462	31168	0.1766	-0.7246798598658601	0.0526018	0.011224	-0.0725862589995763	0.0154882184832314	-4.686546685673557	2.778534602554338e-06	0.9299855235794624	0.9021782453162256	0.9586498882648375	0.0009651095797988	Immune-cell-enriched	Myeloid/Monocyte;Dendritic	protective (agonise)	False
ANXA11	D3_SARCOIDOSIS	Sarcoidosis	Autoimmune	rs11591611	10	-35.5311	31569	0.2233	-0.3329233812881874	0.106986	0.022842	-0.3213532182270792	0.068610380897902	-4.683740478066719	2.8168662114698157e-06	0.7251670635232493	0.6339218705009846	0.8295458706975084	0.0009651095797988	Immune-cell-enriched	Granulocyte	protective (agonise)	False
LTBP3	E4_OBESITY	Obesity	Metabolic	rs12789028	11	41.1803	31259	0.1136	0.5054804344367042	0.0605793	0.0129891	0.1198449947276558	0.0256965435555873	4.663856618241449	3.103376504549013e-06	1.127322097167107	1.071950374741888	1.18555405241334	0.0010268261551648	Cytokine/Interleukin	B-cell	risk (block)	False
MAPT	I9_HYPTENS	Hypertension	Cardiovascular	rs17698176	17	6.4739	31026	0.3133	0.0559935040393854	0.0254043	0.00544726	0.4537008432644397	0.0972837848506218	4.663684127432875	3.1059801976436794e-06	1.5741270163303778	1.300858752148437	1.9048000864420025	0.0010268261551648	Immune-cell-enriched	Myeloid/Monocyte	risk (block)	False
SLC16A1	I9_HYPTENS	Hypertension	Cardiovascular	rs7169	1	15.5363	31300	0.4243	0.1251560154116785	-0.0236804	0.00508724	-0.1892070462782594	0.0406471872987201	-4.65486196837578	3.241978217427939e-06	0.8276151343209475	0.7642383718928348	0.8962476051295765	0.0010533075436071	Immune-cell-enriched	T-cell	protective (agonise)	False
MYL4	I9_HYPTENS	Hypertension	Cardiovascular	rs11570546	17	-5.8751	31684	0.1257	-0.0703709301284077	-0.0355224	0.00763751	0.5047879846860244	0.1085321735276715	4.651044646750053	3.302578135045632e-06	1.6566342513940038	1.339189961151649	2.049326176647611	0.0010548098707932	Immune-cell-enriched	Myeloid/Monocyte;Dendritic	risk (block)	False
IFNGR2	L12_PSORIASIS	Psoriasis	Autoimmune	rs17879003	21	60.0366	31679	0.1864	0.5803718706331399	-0.0770015	0.016627	-0.1326761407578169	0.0286488729749449	-4.631112046671077	3.637069704162429e-06	0.8757486654865103	0.8279289546933061	0.9263303581229424	0.0011422823584206	Interferon axis	Granulocyte	protective (agonise)	False
SERPING1	E4_OBESITY	Obesity	Metabolic	rs28362951	11	34.0428	31568	0.2869	0.2941708446382732	0.0423582	0.00915458	0.1439918359417491	0.0311199432807725	4.6269954492723855	3.71008663012562e-06	1.154874680022266	1.0865382741545622	1.2275090148980845	0.0011461126632473	Complement/Coagulation	Myeloid/Monocyte;Granulocyte;Dendritic	risk (block)	False
CA8	M13_RHEUMA	Rheumatoid arthritis	Autoimmune	rs7824045	8	-23.3019	31684	0.4043	-0.1870288649715286	0.0547506	0.0118577	-0.2927387706081341	0.0634003740642124	-4.617303524292232	3.887584574997024e-06	0.746217049064143	0.6590186108878073	0.8449532002804017	0.001181574898891	Immune-cell-enriched	Granulocyte	protective (agonise)	False
ACE	I9_AF	Atrial fibrillation	Cardiovascular	rs4277405	17	8.5205	27395	0.3702	0.0752872873818788	0.0410168	0.00891639	0.5448037965818978	0.1184315481413681	4.600157687135713	4.22171240081814e-06	1.7242700415098282	1.367081208340312	2.174784612581844	0.0012627610870002	Immune-cell-enriched	B-cell	risk (block)	False
PFKFB2	I9_HYPTENS	Hypertension	Cardiovascular	rs1564879	1	8.9806	31565	0.5141	0.0714224734782416	-0.0229744	0.00504979	-0.3216690613074186	0.0707030960155472	-4.549575328875062	5.375428873765444e-06	0.7249380606905292	0.6311276559721865	0.8326923830143574	0.0015827278390193	Immune-cell-enriched	Myeloid/Monocyte;Granulocyte;Dendritic	protective (agonise)	False
ADM	I9_HYPTENS	Hypertension	Cardiovascular	rs7107290	11	-43.6104	31684	0.4592	-0.3376575854080003	-0.0228325	0.00504417	0.067620278609796	0.0149387137087561	4.526512786048051	5.996497281840021e-06	1.0699589450331417	1.0390848769075112	1.101750366595253	0.0017384306889075	Immune-cell-enriched	Granulocyte	risk (block)	False
RAB44	M13_ANKYLOSPON	Ankylosing spondylitis	Autoimmune	rs12526889	6	27.8832	5500	0.4575	0.4995023595289895	-0.103866	0.0230982	-0.2079389576816842	0.0462424242035226	-4.496714029664649	6.90117073603651e-06	0.8122566172256516	0.7418753000867295	0.8893149726776574	0.0019703888083313	Immune-cell-enriched	Granulocyte	protective (agonise)	False
PLAU	M13_SJOGREN	Sjogren syndrome	Autoimmune	rs2227551	10	27.6698	31684	0.3627	0.2259063142644569	0.113976	0.0255224	0.504527730316445	0.1129778071192921	4.465724226561766	7.979834585504233e-06	1.6562031611902714	1.327226236970771	2.066722940466597	0.002226241048356	Immune-cell-enriched	Myeloid/Monocyte;Granulocyte;Dendritic	risk (block)	False
CD2	T1D	Type 1 diabetes	Metabolic	rs798034	1	-8.7828	31300	0.1876	-0.0898095300002946	-0.126188	0.0282661	1.405062469423746	0.3147338595348096	4.464287609539342	8.033559291456605e-06	4.075781345026908	2.19939891974477	7.552969778850803	0.002226241048356	CD/Leukocyte surface	T-cell;NK-cell	risk (block)	False
DENR	I9_AF	Atrial fibrillation	Cardiovascular	rs7967318	12	-19.1982	21649	0.5516	-0.1839563161124397	-0.0387055	0.00868162	0.2104059312447962	0.0471939218150766	4.458326902121954	8.260186211778558e-06	1.2341789500838978	1.1251381684186978	1.353787226835384	0.002255868825721	Immune-cell-enriched	Granulocyte	risk (block)	False
LPL	I9_CHD	Coronary heart disease	Cardiovascular	rs80026582	8	59.4384	31235	0.0579	0.965085523529343	-0.068292	0.0153446	-0.0707626405484297	0.0158997307760709	-4.450555895885198	8.564829694897538e-06	0.9316830096525952	0.9030962763961994	0.9611746312798448	0.0023056521538664	Immune-cell-enriched	Myeloid/Monocyte	protective (agonise)	False
CASP3	T2D	Type 2 diabetes	Metabolic	rs72689261	4	-41.3091	31568	0.1343	-0.4696113723553917	-0.0381995	0.00861686	0.0813427916117232	0.0183489168006752	4.433111365392962	9.288285774159533e-06	1.0847426735314722	1.046424290324945	1.1244642146206458	0.0024651895370177	Immune-cell-enriched	Granulocyte	risk (block)	False
TNFRSF14	G6_MS	Multiple sclerosis	Autoimmune	rs3748825	1	43.5891	25942	0.4771	0.3698276203525724	-0.116279	0.0263347	-0.3144140502246594	0.0712080400455055	-4.41542907266838	1.0080983055065548e-05	0.7302166192022661	0.6350942863227397	0.8395860621681291	0.0026384172873563	TNF superfamily		protective (agonise)	False
VNN2	I9_CHD	Coronary heart disease	Cardiovascular	rs2300079	6	-92.1967	26492	0.3523	-0.7295876505930768	-0.0323942	0.00739161	0.0444006967136395	0.0101312158915949	4.3825634739928105	1.172909775894357e-05	1.0454011597851285	1.0248471848927103	1.066367357972985	0.0029875916748453	Immune-cell-enriched	Granulocyte	risk (block)	False
PM20D1	T1D	Type 1 diabetes	Metabolic	rs823080	1	-43.9073	31568	0.4445	-0.3413879707147739	0.0944373	0.0215487	-0.2766274974547986	0.0631208532476491	-4.382505673196063	1.1732210992281549e-05	0.7583369269397326	0.6700892477841727	0.858206420505977	0.0029875916748453	Immune-cell-enriched	T-cell	protective (agonise)	False
PIK3IP1	I9_HYPTENS	Hypertension	Cardiovascular	rs4820963	22	-58.6091	28802	0.3222	-0.4939291677641406	-0.0233876	0.00539255	0.047350109137851	0.0109176585468931	4.337020519049429	1.4442714643512436e-05	1.0484890304176304	1.0262911704880318	1.0711670123629136	0.0036287801965646	Immune-cell-enriched	T-cell	risk (block)	False
LTBR	D3_SARCOIDOSIS	Sarcoidosis	Autoimmune	rs2364480	12	30.6041	28917	0.2438	0.2916906741135803	0.0963071	0.0222688	0.3301685948399548	0.0763438874680266	4.324754813910045	1.527016051249426e-05	1.391202658282484	1.1978575371711326	1.615755443659025	0.00378619611444	Cytokine/Interleukin	Myeloid/Monocyte;Granulocyte;Dendritic	risk (block)	False
SCARB1	I9_CHD	Coronary heart disease	Cardiovascular	rs7954697	12	40.2763	31461	0.3955	0.3202270599025982	-0.0311791	0.00721454	-0.0973656005506954	0.0225294514529609	-4.321703116206993	1.548294285718196e-05	0.9072242638039276	0.8680349280881435	0.9481828878100196	0.0037890983792303	Immune-cell-enriched	Myeloid/Monocyte;Dendritic	protective (agonise)	False
CRISP3	H7_GLAUCOMA	Glaucoma	Neuro/Aging	rs78730163	6	-18.2081	31564	0.2797	-0.1606165507130038	-0.0446173	0.0103312	0.2777876862747724	0.0643221383732751	4.318694827319188	1.5695463203147233e-05	1.320205869625204	1.163830005272076	1.4975928875329028	0.0037918629307705	Immune-cell-enriched	Myeloid/Monocyte;Granulocyte	risk (block)	False
PIK3IP1	T2D	Type 2 diabetes	Metabolic	rs4820963	22	-58.6091	28802	0.3216	-0.4941593416588574	-0.0269808	0.00626879	0.0545993927979331	0.0126857664553221	4.303988489006651	1.677503830872793e-05	1.0561174416647163	1.0301817989953024	1.082706034678751	0.0040013774922742	Immune-cell-enriched	T-cell	risk (block)	False
SWAP70	M13_RHEUMA	Rheumatoid arthritis	Autoimmune	rs360155	11	34.7888	31566	0.2975	0.2972266718088001	-0.0556282	0.0129536	-0.1871574972106961	0.0435815531667117	-4.294420083992096	1.7515055691507833e-05	0.8293131115972837	0.7614145380182337	0.9032664898377588	0.0041256713681346	Immune-cell-enriched	B-cell	protective (agonise)	False
SPON2	H7_GLAUCOMA	Glaucoma	Neuro/Aging	rs73067776	4	20.2748	31566	0.1123	0.2538917641824866	0.0611267	0.0143392	0.2407588926597269	0.056477609843593	4.262908669939746	2.017830053837105e-05	1.272214258130565	1.1388998782152842	1.4211338060085006	0.0046759749953051	Immune-cell-enriched	T-cell	risk (block)	False
TNFRSF14	M13_RHEUMA	Rheumatoid arthritis	Autoimmune	rs3748825	1	43.5891	25942	0.4769	0.3698350968077641	-0.0498184	0.0116916	-0.1347043599431424	0.0316130083405176	-4.261042115707003	2.0347588071270665e-05	0.8739742552963211	0.8214650748459353	0.9298398949754676	0.0046759749953051	TNF superfamily		protective (agonise)	False
ADM	I9_AF	Atrial fibrillation	Cardiovascular	rs7107290	11	-43.6104	31684	0.4597	-0.3376322224465325	-0.036725	0.00863448	0.1087722011065332	0.0255736254597777	4.253296087315044	2.1064675579757257e-05	1.1149083465239968	1.0604018024404345	1.1722166241967478	0.004782442730421	Immune-cell-enriched	Granulocyte	risk (block)	False
PDLIM7	I9_VTE	Venous thromboembolism	Cardiovascular	rs2731664	5	12.2763	21871	0.5635	0.1179473674083863	-0.0390066	0.00918029	-0.3307119171633714	0.07783378469325	-4.248950741207522	2.1477413537679535e-05	0.7184121014283523	0.6167656585009654	0.8368104487741891	0.0048180997702861	Immune-cell-enriched	Granulocyte	protective (agonise)	False
MYL6B	M13_RHEUMA	Rheumatoid arthritis	Autoimmune	rs11171747	12	12.4896	14263	0.421	0.1489677977259575	0.049717	0.0117936	0.3337432704178107	0.0791687880201841	4.215591507258174	2.491243482814952e-05	1.396184655655942	1.1955094898951553	1.630544641565376	0.0055229402576664	Immune-cell-enriched	Myeloid/Monocyte;Dendritic	risk (block)	False
NUMB	K11_COELIAC	Coeliac disease	Autoimmune	rs61985842	14	-17.9714	29948	0.3186	-0.1567593355238061	0.0895627	0.021269	-0.5713388596649073	0.1356793196968483	-4.210950209224692	2.5429879525430923e-05	0.5647687861390079	0.4328905621311384	0.7368231366067589	0.0055373746945546	Immune-cell-enriched	Granulocyte	protective (agonise)	False
IL1RN	I9_HYPTENS	Hypertension	Cardiovascular	rs72950883	2	14.4332	31567	0.1685	0.1529472979523867	-0.0283986	0.00674591	-0.1856757221617647	0.0441061077267284	-4.20975079714968	2.556525145543679e-05	0.8305428779673497	0.7617600306454347	0.9055364476892064	0.0055373746945546	Cytokine/Interleukin	Myeloid/Monocyte;Granulocyte;Dendritic	protective (agonise)	False
HAVCR1	K11_COELIAC	Coeliac disease	Autoimmune	rs1501909	5	10.9007	26078	0.4131	0.0967169872727661	0.0852461	0.0203278	0.881397388439992	0.2101781762770433	4.193572349196667	2.745954418599629e-05	2.414271024768988	1.5991115006945622	3.644964455891564	0.0058800869391012	Immune-cell-enriched	T-cell	risk (block)	False
C2	L12_PSORIASIS	Psoriasis	Autoimmune	rs488755	6	-9.4807	13564	0.0422	-0.2855170425984081	-0.137769	0.0328963	0.4825246113023732	0.1152165898771585	4.1879785872575335	2.8145006364343208e-05	1.6201595163871174	1.292657394390019	2.03063616850959	0.0059591516846031	Complement/Coagulation	Myeloid/Monocyte	risk (block)	True
ACE	G6_AD_WIDE	Alzheimer's disease	Neuro/Aging	rs4277405	17	8.5205	27395	0.3734	0.0751536942228952	-0.0634309	0.0151676	-0.8440157287793849	0.2018210835386885	-4.181999789023972	2.8895623812956576e-05	0.429980367299715	0.2895043221091594	0.6386195374087938	0.0060501015014594	Immune-cell-enriched	B-cell	protective (agonise)	False
RAPGEF2	F5_DEMENTIA	Dementia	Neuro/Aging	rs11100203	4	-49.6367	26190	0.4726	-0.4153191952621151	-0.0427868	0.0102792	0.1030214844103136	0.0247501201901169	4.162464004980933	3.148317820900404e-05	1.1085152246160994	1.056024355393477	1.1636152110789393	0.0065151867679505	Immune-cell-enriched	Granulocyte	risk (block)	False
ANPEP	I9_CHD	Coronary heart disease	Cardiovascular	rs11073891	15	-108.5755	31684	0.3913	-0.7544964792649972	-0.030067	0.00722744	0.0398504178963037	0.0095791566940653	4.160117551996281	3.180838371107258e-05	1.0406550991706236	1.0212989227067943	1.0603781237324672	0.0065151867679505	Immune-cell-enriched	Granulocyte	risk (block)	False
C2	M13_SJOGREN	Sjogren syndrome	Autoimmune	rs488755	6	-9.4807	13564	0.0422	-0.2854442265709098	-0.274334	0.0660418	0.9610774171039336	0.2313649878064496	4.153944925789425	3.267918610639147e-05	2.6145118762831148	1.6613026790029048	4.114645956827174	0.0066215761611703	Complement/Coagulation	Myeloid/Monocyte	risk (block)	True
NUMB	M13_RHEUMA	Rheumatoid arthritis	Autoimmune	rs61985842	14	-17.9714	29948	0.3175	-0.156906181448769	0.0516927	0.0124541	-0.3294497356490573	0.0793729086069585	-4.150657213287191	3.315219607757043e-05	0.7193194403952133	0.6156844910486744	0.840398718585843	0.0066459572647418	Immune-cell-enriched	Granulocyte	protective (agonise)	False
F12	E4_OBESITY	Obesity	Metabolic	rs2731673	5	-9.8254	24179	0.2606	-0.1015856843893991	-0.0395815	0.0095544	0.3896365933636462	0.0940526222511431	4.142750983839907	3.431644904572361e-05	1.4764441467768443	1.2278853396578306	1.7753183038727895	0.0068069385875538	Immune-cell-enriched	Granulocyte	risk (block)	False
IL4	I9_CHD	Coronary heart disease	Cardiovascular	rs2070874	5	-15.811	28533	0.3392	-0.1391910416086517	-0.0307652	0.00744959	0.2210285923895817	0.0535206139267582	4.129784323701036	3.631037030238736e-05	1.2473590950313898	1.1231398371828758	1.3853170018972327	0.0071016825880177	Cytokine/Interleukin	Granulocyte	risk (block)	False
PM20D1	G6_EPLEPSY	Epilepsy	Neuro/Aging	rs823080	1	-43.9073	31568	0.4443	-0.3414060423807549	0.0480064	0.0116288	-0.1406137971818923	0.0340614943980133	-4.128233351678591	3.655610332401391e-05	0.8688247894944074	0.812715372382934	0.9288079695437694	0.0071016825880177	Immune-cell-enriched	T-cell	protective (agonise)	False
AAMDC	I9_HYPTENS	Hypertension	Cardiovascular	rs12419883	11	-18.7555	4523	0.194	-0.4803267901065623	0.0262421	0.00640079	-0.0546338462490882	0.0133259067198395	-4.0998220532153065	4.13467930660766e-05	0.9468317704952888	0.9224218487853472	0.9718876485848084	0.0079503976381341	Immune-cell-enriched	Granulocyte	protective (agonise)	False
HIP1R	I9_AF	Atrial fibrillation	Cardiovascular	rs4426165	12	11.5794	31251	0.1113	0.1469422571786657	0.0560837	0.0137454	0.3816716925193844	0.0935428668642751	4.080179550977054	4.5000927234653936e-05	1.4647311240006111	1.2193618809005082	1.7594754266318968	0.008565631038483	Immune-cell-enriched	B-cell	risk (block)	False
PVR	G6_AD_WIDE	Alzheimer's disease	Neuro/Aging	rs79572806	19	-14.9139	31568	0.0702	-0.2315362961739224	0.113266	0.0278037	-0.4891932792900786	0.1200835482792502	-4.073774353773059	4.6257301266045925e-05	0.6131208119857751	0.4845391558362213	0.7758240496401897	0.0086754434117129	Immune-cell-enriched	Myeloid/Monocyte;Granulocyte;Dendritic	protective (agonise)	False
SEZ6	M13_OSTEOPOROSIS	Osteoporosis	Neuro/Aging	rs4795461	17	-4.2943	30351	0.1515	-0.0486038100174712	0.0796687	0.0195623	-1.6391451610760992	0.4024849079314584	-4.072563042178066	4.649860881888177e-05	0.1941459348771198	0.0882117080346791	0.4272975194459738	0.0086754434117129	Immune-cell-enriched	Granulocyte	protective (agonise)	False
LDLR	I9_HYPTENS	Hypertension	Cardiovascular	rs8110515	19	7.601	31349	0.1305	0.0900475519572984	-0.0304326	0.00749427	-0.3379614363578864	0.0832256939483914	-4.060782437782466	4.890853151348304e-05	0.7132227918364444	0.605873659999779	0.8395921202370107	0.0090356114494124	Immune-cell-enriched	Granulocyte	protective (agonise)	False
KRT18	I9_HYPTENS	Hypertension	Cardiovascular	rs902771	12	10.5509	23841	0.2962	0.1055800458652387	0.0223088	0.0054985	0.2112975024511232	0.0520789696096384	4.057251977812131	4.965350234215847e-05	1.2352797991689988	1.1154107492094634	1.368030730667138	0.0090841805644236	Immune-cell-enriched	Granulocyte	risk (block)	False
TNFRSF1A	M13_ANKYLOSPON	Ankylosing spondylitis	Autoimmune	rs1800692	12	31.2148	31075	0.3706	0.2552826042287025	0.0966921	0.0238808	0.3787649389277442	0.0935465229687396	4.048947271448193	5.1448533467873045e-05	1.4604796934690565	1.2158139302013475	1.7543810628014678	0.0093220785064288	TNF superfamily	Granulocyte	risk (block)	False
LTBP2	I9_HYPTENS	Hypertension	Cardiovascular	rs754458	14	16.5993	26410	0.5405	0.1441770472776929	-0.0203505	0.00505016	-0.1411493742190726	0.0350274894329963	-4.029674307348678	5.585418616167628e-05	0.86835959147363	0.8107437412668141	0.930069936680638	0.0100239646098155	Cytokine/Interleukin		protective (agonise)	False
TGFB2	I9_AF	Atrial fibrillation	Cardiovascular	rs12034138	1	6.8959	30765	0.1453	0.0788357709361555	0.0486456	0.0120803	0.617049841998694	0.1532337396660093	4.026853637740784	5.652819501294078e-05	1.853451991987692	1.3726068091573258	2.502744605144528	0.0100492198756967	Cytokine/Interleukin		risk (block)	False
ADAMTSL4	I9_HYPTENS	Hypertension	Cardiovascular	rs72700822	1	-34.076	20469	0.048	-0.7663370861267935	-0.0480577	0.0119527	0.0627109151703623	0.0155971832975109	4.020656420725024	5.803619805947771e-05	1.064719000626806	1.0326625180199758	1.097770598345485	0.010182537594924	Immune-cell-enriched	Myeloid/Monocyte	risk (block)	False
CLEC4A	T2D	Type 2 diabetes	Metabolic	rs6486847	12	30.3246	31640	0.3804	0.2447734322055726	-0.0242049	0.0060243	-0.0988869575504892	0.0246117397044157	-4.017877595737264	5.872468655706356e-05	0.905845101185168	0.8631852373924511	0.9506132771917388	0.010182537594924	Immune-cell-enriched	Myeloid/Monocyte;Granulocyte;Dendritic	protective (agonise)	False
LTBP3	T2D	Type 2 diabetes	Metabolic	rs12789028	11	41.1803	31259	0.1132	0.5061999690739954	0.0369516	0.00920203	0.0729980289560201	0.0181786459150392	4.015592211718501	5.929670825631579e-05	1.0757284166045944	1.0380748406490687	1.114747782122414	0.010182537594924	Cytokine/Interleukin	B-cell	risk (block)	False
SCPEP1	I9_VTE	Venous thromboembolism	Cardiovascular	rs8072896	17	18.8871	31346	0.5613	0.1511551450800889	0.0369202	0.00919551	0.2442536771106137	0.0608349123354537	4.015024724022919	5.943956354498253e-05	1.2766681509025382	1.1331679988372847	1.4383406248687634	0.010182537594924	Immune-cell-enriched	Granulocyte	risk (block)	False
RAPGEF2	G6_AD_WIDE	Alzheimer's disease	Neuro/Aging	rs11100203	4	-49.6367	26190	0.4724	-0.4153250626721264	-0.0589658	0.0147115	0.1419750583329229	0.0354216523928242	4.008143289263501	6.119798719652588e-05	1.1525479017124547	1.0752450828513582	1.2354082682426135	0.0103893231597417	Immune-cell-enriched	Granulocyte	risk (block)	False
AAMDC	I9_VTE	Venous thromboembolism	Cardiovascular	rs12419883	11	-18.7555	4523	0.1942	-0.4801802956420091	0.0458707	0.0115244	-0.0955280764669239	0.0240001518275373	-3.980311339418972	6.882506834934709e-05	0.908892842795595	0.867128263195024	0.9526689819119236	0.0115798177497776	Immune-cell-enriched	Granulocyte	protective (agonise)	False
TGFB2	I9_VTE	Venous thromboembolism	Cardiovascular	rs12034138	1	6.8959	30765	0.1461	0.0786481344577092	0.050485	0.012691	0.6419096949737167	0.1613642852116755	3.978015916791427	6.949272086383269e-05	1.900106039681458	1.3849107483784326	2.606957138762416	0.0115886799288324	Cytokine/Interleukin		risk (block)	False
HAVCR2	F5_DEMENTIA	Dementia	Neuro/Aging	rs6891966	5	25.1163	31564	0.2352	0.2333616238665478	-0.0480104	0.0121222	-0.2057339129053011	0.0519459875156349	-3.960535216379865	7.478196293633534e-05	0.8140496555749581	0.7352475392047799	0.9012975989806616	0.01236132727695	Immune checkpoint	Myeloid/Monocyte;NK-cell;Dendritic	protective (agonise)	False
BMP6	T2D	Type 2 diabetes	Metabolic	rs9406052	6	15.1826	31565	0.473	0.1205906375484286	-0.0231208	0.00584396	-0.1917296439428376	0.0484611419162046	-3.956358359742367	7.610097506076804e-05	0.825530025367144	0.7507267946912287	0.9077867309411488	0.0124510329798526	Immune-cell-enriched	Granulocyte	protective (agonise)	False
MPO	I9_HYPTENS	Hypertension	Cardiovascular	rs12940119	17	36.7476	31567	0.1549	0.395829186556986	0.0273707	0.00692114	0.0691477559754415	0.0174851684389463	3.954651979298209	7.664613806319823e-05	1.071594531946834	1.0354921550626688	1.1089556162102043	0.0124510329798526	Immune-cell-enriched	Myeloid/Monocyte	risk (block)	False
SORT1	I9_CHD	Coronary heart disease	Cardiovascular	rs657420	1	10.2362	30520	0.5087	0.0827338825133499	-0.0278715	0.0070678	-0.3368813254412742	0.0854281194752287	-3.943447748945923	8.031849718428654e-05	0.7139935677466863	0.6039158332913103	0.8441355345915175	0.0129360834268435	Immune-cell-enriched	Myeloid/Monocyte	protective (agonise)	False
TNFRSF14	E4_OBESITY	Obesity	Metabolic	rs3748825	1	43.5891	25942	0.4764	0.3698504042495872	0.0328392	0.00834062	0.0887904937311871	0.022551334010092	3.9372612587553446	8.241686161002411e-05	1.0928516730640638	1.0455989499499638	1.1422398419356452	0.013161553730333	TNF superfamily		risk (block)	False
STK11	I9_CHD	Coronary heart disease	Cardiovascular	rs3764640	19	-27.1023	19721	0.2777	-0.2991807806630652	-0.0310486	0.00790723	0.1037787251279575	0.0264296054795881	3.92660893890781	8.61518816205903e-05	1.1093549553793438	1.0533511974464564	1.1683362775948831	0.0136424038425075	Immune-cell-enriched	Granulocyte	risk (block)	False
ERBB3	L12_PSORIASIS	Psoriasis	Autoimmune	rs11171739	12	-20.614	30971	0.4285	-0.1662376643897848	0.0502567	0.0128811	-0.3023183716186056	0.0774860501516498	-3.9015844920076703	9.556509339838637e-05	0.7391027180989734	0.634961425031963	0.8603244328957338	0.0150069051666599	Immune-cell-enriched	Granulocyte	protective (agonise)	False
CRIM1	I9_VTE	Venous thromboembolism	Cardiovascular	rs10172196	2	-17.7989	26609	0.334	-0.1626283082253809	0.0374078	0.00961777	-0.2300202246964152	0.0591395809558017	-3.889446306160368	0.0001004731947195	0.7945175334649279	0.707559323599174	0.8921628051936957	0.0154414805075911	Immune-cell-enriched	Myeloid/Monocyte;Dendritic	protective (agonise)	False
CRIM1	G6_AD_WIDE	Alzheimer's disease	Neuro/Aging	rs10172196	2	-17.7989	26609	0.3346	-0.1625470757954114	-0.0604795	0.0155509	0.372073749737104	0.0956701307845919	3.88913181873718	0.0001006034665621	1.4507399690392742	1.2026894933367118	1.749949982458893	0.0154414805075911	Immune-cell-enriched	Myeloid/Monocyte;Dendritic	risk (block)	False
CD226	D3_SARCOIDOSIS	Sarcoidosis	Autoimmune	rs763361	18	-44.915	31470	0.4526	-0.3486797394702817	0.0753704	0.019382	-0.2161593906044084	0.0555868259780317	-3.888680218759674	0.0001007908141813	0.8056068854711766	0.7224481910027563	0.8983377105806796	0.0154414805075911	CD/Leukocyte surface	T-cell;NK-cell	protective (agonise)	False
SIGLEC7	G6_GUILBAR	Guillain-Barre	Autoimmune	rs12983058	19	20.6735	21470	0.2409	0.2310004111341281	0.257853	0.0663805	1.116244766552732	0.2873609604160262	3.884469083541101	0.0001025537409221	3.0533665432002017	1.7384906324162128	5.362725040500716	0.0154601815515017	Immune-cell-enriched	Granulocyte	risk (block)	False
SIGLEC9	G6_GUILBAR	Guillain-Barre	Autoimmune	rs12983058	19	18.6966	16395	0.2409	0.2389024956755093	0.257853	0.0663805	1.0793231743808582	0.2778560341628314	3.8844690835411	0.0001025537409221	2.9426871908214847	1.7069793515861404	5.072942385025597	0.0154601815515017	Immune-cell-enriched	Myeloid/Monocyte;Granulocyte;Dendritic	risk (block)	False
TMEM106A	I9_HYPTENS	Hypertension	Cardiovascular	rs2171462	17	-18.0146	18908	0.3855	-0.1887212688765533	-0.0201908	0.00520372	0.1069874112239423	0.0275735746743196	3.880070411167395	0.000104426230438	1.1129202440874162	1.054369760343039	1.1747221101035925	0.0156175229077421	Immune-cell-enriched	Granulocyte	risk (block)	False
VAT1	I9_HYPTENS	Hypertension	Cardiovascular	rs4520874	17	-34.2709	26494	0.3855	-0.2993261170798851	-0.0200788	0.0052033	0.0670800135847862	0.0173833812123094	3.858858801145427	0.0001139177275931	1.0693810397620036	1.033559413766706	1.1064441898263149	0.0168879963903021	Immune-cell-enriched	Granulocyte	risk (block)	False
HNMT	CHRONNAS	Crohn's disease	Autoimmune	rs1522907	2	30.7941	31679	0.5184	0.2412608482067141	-0.1071	0.0277786	-0.4439178623306336	0.1151392785297641	-3.8554858776180234	0.0001154999985993	0.6415181114658792	0.5119179870843293	0.8039285544208735	0.0168879963903021	Immune-cell-enriched	Myeloid/Monocyte;Dendritic	protective (agonise)	False
PILRA	F5_DEMENTIA	Dementia	Neuro/Aging	rs2005763	7	-10.4963	27100	0.2682	-0.1015576316901479	-0.0446261	0.0115754	0.4394165092009444	0.1139786326971124	3.8552533821725383	0.000115609824578	1.55180149240283	1.241125201984401	1.9402457286125727	0.0168879963903021	Immune-cell-enriched	Myeloid/Monocyte;Granulocyte	risk (block)	False
SCARF1	F5_DEMENTIA	Dementia	Neuro/Aging	rs150715762	17	-5.0588	14843	0.1036	-0.0962510847743849	-0.0661984	0.0171885	0.6877678330085396	0.1785798055189745	3.8513191959740527	0.0001174832514273	1.9892701904588983	1.4017919944934196	2.822955121867732	0.0170296491530536	Immune-cell-enriched	Granulocyte	risk (block)	False
RAB44	I9_HEARTFAIL	Heart failure	Cardiovascular	rs12526889	6	27.8832	5500	0.458	0.4994653736732219	-0.0314588	0.00818452	-0.062984946821523	0.016386561374232	-3.8436951708835703	0.0001211955307119	0.9389576078792043	0.9092796311218256	0.96960424408332	0.0174336532880649	Immune-cell-enriched	Granulocyte	protective (agonise)	False
GDF15	E4_OBESITY	Obesity	Metabolic	rs4808795	19	20.7374	24224	0.3204	0.2001275696102716	-0.0344264	0.00897794	-0.1720222759265101	0.0448610854440676	-3.834554474634493	0.0001257920926153	0.841960417511216	0.7710901367273841	0.9193443293987936	0.0179577741912377	Immune-cell-enriched	Granulocyte	protective (agonise)	False
ERBB3	M13_RHEUMA	Rheumatoid arthritis	Autoimmune	rs11171739	12	-20.614	30971	0.4301	-0.1661605274481949	-0.045322	0.0118312	0.2727603281960594	0.07120343309989	3.8307187774697407	0.0001277694707102	1.3135853777167552	1.142480298367527	1.5103162365397642	0.0181029165869503	Immune-cell-enriched	Granulocyte	risk (block)	False
TNFSF8	K11_COELIAC	Coeliac disease	Autoimmune	rs10817679	9	36.4306	31564	0.2913	0.3126148788244963	-0.0856372	0.0223866	-0.2739383369147864	0.071610794995359	-3.8253776812914873	0.0001305717537082	0.7603789611279782	0.6608056575755428	0.8749564382474537	0.0183618964692358	TNF superfamily		protective (agonise)	False
TNFSF13	H7_GLAUCOMA	Glaucoma	Neuro/Aging	rs11552708	17	-36.1707	23339	0.076	-0.6147136548318094	0.065019	0.0170158	-0.1057711984904413	0.0276808557386864	-3.821095687537464	0.0001328600868995	0.8996304613374326	0.8521219098262028	0.9497877681977128	0.0185452998335878	TNF superfamily	Myeloid/Monocyte	protective (agonise)	False
ERBB2	I9_AF	Atrial fibrillation	Cardiovascular	rs903506	17	8.149	31268	0.3259	0.0694526304797967	0.0349337	0.00915441	0.5029859885603895	0.1318079666206876	3.816051498676594	0.0001356042140376	1.6536516909796315	1.27716448427631	2.1411211701751185	0.0187891603626897	Immune-cell-enriched	T-cell	risk (block)	False
LDLR	I9_CHD	Coronary heart disease	Cardiovascular	rs8110515	19	7.601	31349	0.1301	0.0901492735703221	-0.0398797	0.0105197	-0.4423740582767015	0.1166920107436469	-3.790954114661065	0.0001500696798253	0.6425092545955702	0.5111509151867117	0.8076247737718754	0.0206417010702856	Immune-cell-enriched	Granulocyte	protective (agonise)	False
SERPING1	I9_VTE	Venous thromboembolism	Cardiovascular	rs28362951	11	34.0428	31568	0.2871	0.2941203330293497	0.037757	0.00999264	0.1283726276626794	0.0339746657331672	3.778480961988023	0.0001577879126042	1.136976592701742	1.0637307270672338	1.2152659873949057	0.0215460538051828	Complement/Coagulation	Myeloid/Monocyte;Granulocyte;Dendritic	risk (block)	False
PILRB	F5_DEMENTIA	Dementia	Neuro/Aging	rs6955367	7	119.7268	31185	0.2112	0.9722232877663292	0.0467421	0.0124162	0.0480775358790154	0.0127709345746346	3.764605918074773	0.0001668119502697	1.0492520068472584	1.0233141267562187	1.0758473327860845	0.022614420078291	Immune-cell-enriched	Granulocyte	risk (block)	False
PM20D1	E4_OBESITY	Obesity	Metabolic	rs823080	1	-43.9073	31568	0.4446	-0.3413775484062818	-0.0314784	0.008378	0.0922099304624942	0.0245417428272967	3.757269037956552	0.0001717777867158	1.0965950066155064	1.045095338762677	1.1506324484785917	0.023121290091953	Immune-cell-enriched	T-cell	risk (block)	False
HAVCR2	G6_AD_WIDE	Alzheimer's disease	Neuro/Aging	rs6891966	5	25.1163	31564	0.2351	0.2334217682255201	-0.0651248	0.0174057	-0.2790005426446764	0.0745675955259815	-3.741578908058855	0.000182867740638	0.7565394926828077	0.6536697464756043	0.8755981243964777	0.0244394305289586	Immune checkpoint	Myeloid/Monocyte;NK-cell;Dendritic	protective (agonise)	False
CD79B	T2D	Type 2 diabetes	Metabolic	rs12603821	17	-13.2244	31374	0.3678	-0.1091789286133547	0.0225445	0.00603835	-0.2064913100570796	0.0553069175223742	-3.733553040151697	0.0001887974123045	0.813433330115456	0.7298670619062468	0.9065675341131014	0.0250542143483569	Ig/B-cell/Fc	B-cell	protective (agonise)	False
IL6ST	L12_PSORIASIS	Psoriasis	Autoimmune	rs7731626	5	-12.6042	28588	0.2798	-0.1170983637859594	-0.053437	0.0143261	0.4563428409441815	0.1223424438806527	3.730045162326104	0.0001914454517503	1.578291354919277	1.2417872231724256	2.005982630944693	0.0252279586907883	Cytokine/Interleukin	T-cell	risk (block)	False
BCL7A	CHRONNAS	Crohn's disease	Autoimmune	rs10840637	12	21.2647	26268	0.6002	0.1877821884396024	-0.104634	0.0282348	-0.557209397065122	0.1503593084872441	-3.705852352416168	0.000210681011071	0.5728053077443792	0.4265977950147158	0.7691224015089312	0.0275275844220724	Immune-cell-enriched	Myeloid/Monocyte;B-cell;Dendritic	protective (agonise)	False
EPHB4	F5_DEMENTIA	Dementia	Neuro/Aging	rs314320	7	78.6836	31086	0.4802	0.5767934843787769	0.0378801	0.010226	0.0656735920670081	0.0177290490911382	3.7042929786817913	0.0002119811456426	1.067878096390665	1.0314077904139858	1.1056379827160625	0.0275275844220724	Immune-cell-enriched	Myeloid/Monocyte;Granulocyte	risk (block)	False
C2	SLE_FG	Systemic lupus erythematosus	Autoimmune	rs488755	6	-9.4807	13564	0.0437	-0.2807905642738873	-0.393687	0.106323	1.4020663444231405	0.3786558863719186	3.702745407860952	0.0002132788858852	4.063588070051411	1.9346004263237289	8.535482458485188	0.0275275844220724	Complement/Coagulation	Myeloid/Monocyte	risk (block)	True
PM20D1	I9_AF	Atrial fibrillation	Cardiovascular	rs823080	1	-43.9073	31568	0.4449	-0.3413589160313406	-0.0318004	0.00865381	0.0931582522282217	0.0253510589399852	3.674728241086874	0.0002381027125207	1.0976354247760896	1.0444288455388704	1.1535525190342395	0.0305225001002795	Immune-cell-enriched	T-cell	risk (block)	False
SNX2	L12_PSORIASIS	Psoriasis	Autoimmune	rs4836231	5	-12.0297	31684	0.4434	-0.095976629240113	0.0469369	0.0128106	-0.4890450974536092	0.1334762441797223	-3.663911136090425	0.0002483929937573	0.6132116720854147	0.4720555847422301	0.7965768586068603	0.0315021171172835	Immune-cell-enriched	B-cell	protective (agonise)	False
CRIM1	F5_DEMENTIA	Dementia	Neuro/Aging	rs10172196	2	-17.7989	26609	0.3346	-0.1625528718003418	-0.0397905	0.0108629	0.2447849709408598	0.066826872264321	3.662972134512883	0.0002493056681972	1.2773466170308592	1.12053281661329	1.4561058416580683	0.0315021171172835	Immune-cell-enriched	Myeloid/Monocyte;Dendritic	risk (block)	False
DPEP2	M13_OSTEOPOROSIS	Osteoporosis	Neuro/Aging	rs12934863	16	27.5177	25545	0.4957	0.2399645513625982	-0.0524317	0.0143198	-0.2184976893556795	0.0596746474372461	-3.661482702272378	0.0002507597945018	0.8037253365658946	0.7150091076961514	0.9034492144014372	0.0315021171172835	Immune-cell-enriched	Granulocyte	protective (agonise)	False
SCARF1	G6_AD_WIDE	Alzheimer's disease	Neuro/Aging	rs150715762	17	-5.0588	14843	0.1036	-0.0962782043446472	-0.0904212	0.0247388	0.9391658331756902	0.2569511985437792	3.655035814186622	0.0002571460781931	2.557846857173077	1.5457998583108183	4.232488772446668	0.0320904681951792	Immune-cell-enriched	Granulocyte	risk (block)	False
TGFA	K11_COELIAC	Coeliac disease	Autoimmune	rs113971512	2	21.1353	31516	0.1057	0.2719281567520898	-0.123281	0.0337981	-0.4533587160390758	0.1242905493998287	-3.647571904929568	0.0002647302386378	0.6354901322318747	0.4980931392378533	0.8107875341989743	0.0328195830058625	Immune-cell-enriched	Granulocyte	protective (agonise)	False
PSAP	I9_CHD	Coronary heart disease	Cardiovascular	rs4747202	10	16.1779	31468	0.1218	0.1963915297514942	-0.0395841	0.010878	-0.2015570633320494	0.0553893541832714	-3.638913403199117	0.0002737908395458	0.8174569294129628	0.7333588030088455	0.9111990320476314	0.0336766945926516	Immune-cell-enriched	Myeloid/Monocyte	protective (agonise)	False
EDN1	M13_ANKYLOSPON	Ankylosing spondylitis	Autoimmune	rs557768	6	-14.8482	30931	0.443	-0.1197545410394381	-0.0844521	0.0232166	0.7052100009484221	0.1938682224363767	3.637573977240424	0.0002752181578894	2.024271739274989	1.3843466354460223	2.960007247828618	0.0336766945926516	Immune-cell-enriched	Myeloid/Monocyte	risk (block)	False
PHOSPHO1	I9_CHD	Coronary heart disease	Cardiovascular	rs11650975	17	19.9735	31684	0.2398	0.1846825950595853	-0.0299015	0.00827659	-0.1619075148383781	0.0448152138934893	-3.612780142546628	0.0003029315443566	0.8505198613697235	0.778999142354012	0.9286069717592008	0.0368286582055251	Immune-cell-enriched	Granulocyte	protective (agonise)	False
PACS2	T2D	Type 2 diabetes	Metabolic	rs4555082	14	8.1058	31684	0.3754	0.0664313500037613	0.0217559	0.00604412	0.3274944735997113	0.0909829470522243	3.599514900432156	0.0003188113656948	1.387487383466108	1.160867879520265	1.658346546786352	0.038510778045853	Immune-cell-enriched	Myeloid/Monocyte;Dendritic	risk (block)	False
LILRB2	F5_DEMENTIA	Dementia	Neuro/Aging	rs12984962	19	-22.0051	25455	0.2901	-0.2128864931950924	0.0401516	0.0111847	-0.1886056714890054	0.0525383260916894	-3.589868302234302	0.0003308450727262	0.8281129908821212	0.74708165396823	0.9179332968828262	0.0397098379009748	Immune-cell-enriched	Myeloid/Monocyte;Granulocyte	protective (agonise)	False
PF4	T2D	Type 2 diabetes	Metabolic	rs11574452	4	-7.0587	26609	0.0349	-0.1666289795162477	0.0561165	0.0156593	-0.3367751525749948	0.0939770503633978	-3.5835893047581946	0.0003389048183201	0.7140693785147311	0.5939440409053903	0.8584900970723532	0.0402253282954766	Chemokine axis	Granulocyte	protective (agonise)	False
PM20D1	T2D	Type 2 diabetes	Metabolic	rs823080	1	-43.9073	31568	0.4445	-0.3413879707147739	-0.0210321	0.00586964	0.0616076189092558	0.017193458772758	3.583201014031525	0.0003394092124273	1.0635449479173618	1.0283015285296428	1.0999962801357803	0.0402253282954766	Immune-cell-enriched	T-cell	risk (block)	False
IL12RB2	AUTOIMMUNE_HYPERTHYROIDISM	Autoimmune hyperthyroidism	Autoimmune	rs72678531	1	44.2676	31024	0.0875	0.6099300634419657	0.17126	0.0478331	0.2807862905355791	0.078423909341454	3.5803658972552475	0.0003431134025843	1.3241705859078028	1.1355026635032937	1.544186373965584	0.0404101809893762	Cytokine/Interleukin	T-cell;NK-cell	risk (block)	False
AAMDC	N14_CHRONKIDNEYDIS	Chronic kidney disease	Renal	rs12419883	11	-18.7555	4523	0.1945	-0.4799197517372628	0.0587459	0.0164297	-0.122407756270388	0.0342342650839563	-3.575591763696233	0.0003494365771236	0.8847875172798205	0.8273669949440963	0.9461931108178716	0.0408992724181256	Immune-cell-enriched	Granulocyte	protective (agonise)	False
CD226	T1D	Type 1 diabetes	Metabolic	rs763361	18	-44.915	31470	0.4523	-0.3486999537479809	0.0770439	0.0215669	-0.2209461147668595	0.061849448983831	-3.57232147411079	0.0003538306860127	0.8017598821443859	0.7102267208529717	0.9050897266216112	0.0409863144737823	CD/Leukocyte surface	T-cell;NK-cell	protective (agonise)	False
PM20D1	F5_DEMENTIA	Dementia	Neuro/Aging	rs823080	1	-43.9073	31568	0.4438	-0.3414427344812186	0.0366685	0.0102661	-0.1073928254930168	0.0300668280893371	-3.5718042878990075	0.0003545303151786	0.8981727785173355	0.8467719977805611	0.9526936910809474	0.0409863144737823	Immune-cell-enriched	T-cell	protective (agonise)	False
PINLYP	I9_CHD	Coronary heart disease	Cardiovascular	rs915927	19	15.2975	20028	0.4573	0.1525407561157794	0.0251403	0.00705944	0.1648103801250227	0.046279041613258	3.5612314857835754	0.0003691194704131	1.1791695035372822	1.0769182161440785	1.2911293515405973	0.0423195031735599	Immune-cell-enriched	Myeloid/Monocyte;Dendritic	risk (block)	False
PFKFB2	I9_HEARTFAIL	Heart failure	Cardiovascular	rs1564879	1	8.9806	31565	0.5131	0.0714189325326898	-0.0291522	0.00818833	-0.4081858824570987	0.1146520916740395	-3.56021313259236	0.0003705539176203	0.6648552824020466	0.5310474074607857	0.832378692236712	0.0423195031735599	Immune-cell-enriched	Myeloid/Monocyte;Granulocyte;Dendritic	protective (agonise)	False
NRN1	T2D	Type 2 diabetes	Metabolic	rs6906850	6	-30.8039	30590	0.2961	-0.2686647770574448	-0.0227749	0.00640504	0.0847706954720393	0.0238402669309736	3.5557779498644813	0.0003768622803025	1.0884674475658291	1.0387767015156089	1.1405351917133546	0.0427806795784465	Immune-cell-enriched	Granulocyte;T-cell	risk (block)	False
PRKCQ	M13_RHEUMA	Rheumatoid arthritis	Autoimmune	rs2255088	10	-18.0543	30902	0.3494	-0.1515214907885307	-0.0437292	0.0123119	0.2886006451786445	0.0812551403495822	3.55178323410684	0.0003826299367588	1.3345586596586652	1.1380776533843362	1.5649607131583505	0.0431753205286493	Immune-cell-enriched	T-cell;NK-cell	risk (block)	False
MPO	T2D	Type 2 diabetes	Metabolic	rs12940119	17	36.7476	31567	0.155	0.3957228184146795	0.0284421	0.00801323	0.0718737931614431	0.0202496030734394	3.5493926918358767	0.0003861208014933	1.0745197237685855	1.0327080958237769	1.118024194287656	0.0432695410517407	Immune-cell-enriched	Myeloid/Monocyte	risk (block)	False
CD14	I9_AF	Atrial fibrillation	Cardiovascular	rs57599368	5	-37.1783	31569	0.275	-0.324331535924286	0.0342045	0.00964143	-0.1054615299820394	0.0297270814955556	-3.547658386774576	0.0003886719800199	0.8999090916998057	0.848974091426213	0.953899985291076	0.0432695410517407	HLA/Antigen presentation	Myeloid/Monocyte	protective (agonise)	False
PVALB	D3_SARCOIDOSIS	Sarcoidosis	Autoimmune	rs4821544	22	-50.0875	14263	0.22	-0.660135557133867	0.0825889	0.0232873	-0.1251090008824536	0.0352765424439599	-3.546521065129921	0.0003903535331562	0.8824007148858183	0.8234511722554472	0.9455703602902394	0.0432695410517407	Immune-cell-enriched	Granulocyte	protective (agonise)	False
GSTM4	I9_HEARTFAIL	Heart failure	Cardiovascular	rs11101980	1	-88.2507	26390	0.4725	-0.6761085406818033	-0.0289911	0.00819116	0.0428793577592803	0.0121151553443472	3.539315554817633	0.000401166000977	1.0438119594405235	1.0193178746954334	1.0688946340675274	0.0442080241076727	Immune-cell-enriched	Granulocyte	risk (block)	False
IL1RL1	K11_COELIAC	Coeliac disease	Autoimmune	rs2058660	2	-25.9759	31086	0.1909	-0.2622438518604002	0.0890385	0.0251735	-0.3395255956177676	0.0959927175467227	-3.536993266728901	0.0004047099836451	0.7121080698308815	0.5899772382821619	0.8595211310097008	0.0443392728593514	Cytokine/Interleukin	Granulocyte	protective (agonise)	False
SLC12A2	I9_HYPTENS	Hypertension	Cardiovascular	rs17764730	5	-19.6799	31644	0.1555	-0.2145588731083956	-0.0245472	0.00695717	0.1144077597182322	0.0324254592653701	3.528331203635961	0.0004181885602621	1.1212092156400697	1.052169117587263	1.1947795123648075	0.045551128494679	Immune-cell-enriched	Myeloid/Monocyte;Dendritic	risk (block)	False
MERTK	T2D	Type 2 diabetes	Metabolic	rs55812028	2	-63.7253	31349	0.3709	-0.4957229080627519	-0.0213551	0.00606557	0.0430787031478011	0.0122358073458896	3.520707864223807	0.0004303965072113	1.0440200592823037	1.0192800255420045	1.0693605847953571	0.0466114470223556	Immune-cell-enriched	Myeloid/Monocyte	risk (block)	False
RELB	G6_AD_WIDE	Alzheimer's disease	Neuro/Aging	rs8111826	19	-6.2413	31682	0.4972	-0.049559161847113	0.0510624	0.0145379	-1.0303321948326	0.2933443476071797	-3.5123642341741244	0.0004441388582591	0.3568883843979301	0.2008318845555641	0.6342086526749964	0.0476434773090409	Immune-cell-enriched	Granulocyte	protective (agonise)	False
TPPP3	I9_CHD	Coronary heart disease	Cardiovascular	rs149025632	16	15.8701	29836	0.0396	0.3317686203992011	-0.0645083	0.0183687	-0.1944376171633721	0.0553659956686013	-3.5118598485467123	0.0004449825942682	0.8232975362902791	0.7386323572161839	0.917667397913978	0.0476434773090409	Immune-cell-enriched	Myeloid/Monocyte	protective (agonise)	False
