gene	acc	disease	disease_code	nsnp	PP_H0	PP_H1	PP_H2	PP_H3	PP_H4
TNFSF14	GCST90243143	Multiple sclerosis	G6_MS	3886	2.6229648185716897e-07	2.276207378823714e-06	0.0002735265725222373	0.0013753134202868825	0.9983486215033294
SWAP70	GCST90242931	Rheumatoid arthritis	M13_RHEUMA	3179	1.31424619165583e-19	0.014100530033156537	1.315751682297161e-19	0.013143926879276955	0.9727555430875652
TNFRSF1A	GCST90243170	Rheumatoid arthritis	M13_RHEUMA	2681	0.026547892306837285	0.6303284966081715	0.0025024025809540673	0.05913323461615932	0.2814879738878777
SIGLEC9	GCST90242813	Systemic lupus erythematosus	SLE_FG	3698	0.0	0.6046929627487622	0.0	0.14122536790337056	0.25408166934786897
IFNGR2	GCST90241556	Coeliac disease	K11_COELIAC	2801	0.32495635509339643	0.07472357560599287	0.2838042079497335	0.06500915016667794	0.2515067111841993
TNFRSF14	GCST90243162	Rheumatoid arthritis	M13_RHEUMA	2840	0.0011737264740559377	0.0003331950147368132	0.6040351756343513	0.17124903248713938	0.22320887038971654
TNFRSF14	GCST90243162	Multiple sclerosis	G6_MS	2840	0.00011770669139407149	3.341432918194541e-05	0.6297569589027963	0.17858257801163635	0.1915093420649921
HAVCR1	GCST90241394	Autoimmune hyperthyroidism	AUTOIMMUNE_HYPERTHYROIDISM	3015	6.52112149480834e-50	0.6792441150194499	1.272319493139848e-50	0.132337179664199	0.1884187053163464
TNFRSF14	GCST90243162	Autoimmune hyperthyroidism	AUTOIMMUNE_HYPERTHYROIDISM	2840	0.10633129059336009	0.030185104212406586	0.5317277680382331	0.1507647747728593	0.18099106238314092
HAVCR1	GCST90241394	Multiple sclerosis	G6_MS	3015	6.535463228676301e-50	0.6807379590364251	1.4471437020399464e-50	0.1505667025499181	0.16869533841366344
SWAP70	GCST90242931	Coeliac disease	K11_COELIAC	3179	6.511177384689236e-18	0.6985833616785808	1.3277540727714468e-18	0.14229543791207958	0.15912120040933664
HAVCR1	GCST90241394	Vitiligo	L12_VITILIGO	3015	6.695611044479147e-50	0.697419056222531	1.5319356174067674e-50	0.15942422038200818	0.1431567233954579
IL6ST	GCST90241649	Autoimmune thyroiditis	E4_THYROIDITAUTOIM	3155	0.07966840071456302	0.6077484818528281	0.021360668782904317	0.16282094739659847	0.12840150125310593
TNFSF14	GCST90243143	Autoimmune thyroiditis	E4_THYROIDITAUTOIM	3886	0.07109682033248832	0.6169778027744853	0.020196724161805776	0.17515047931690744	0.11657817341431292
SWAP70	GCST90242931	Psoriasis	L12_PSORIASIS	3179	7.447088727290046e-18	0.7989971660213405	9.186619797804229e-19	0.09846058023011871	0.102542253748542
TNFRSF1A	GCST90243170	Coeliac disease	K11_COELIAC	2681	0.03133448387058953	0.7439768807957274	0.004988151790307834	0.11833267518451286	0.10136780835886261
TNFSF14	GCST90243143	Sarcoidosis	D3_SARCOIDOSIS	3886	0.07613445526636495	0.6606943700998305	0.017628614138548833	0.15288835910267198	0.09265420139258349
IFNGR2	GCST90241558	Rheumatoid arthritis	M13_RHEUMA	2801	0.031969092335125016	0.005790637389251253	0.7365633232299812	0.13332310488703603	0.09235384215860626
TNFRSF1A	GCST90243170	Guillain-Barre	G6_GUILBAR	2681	0.030962180073714065	0.7351372452475005	0.006310408662782553	0.14975064250519193	0.0778395235108111
ERBB3	GCST90242599	Coeliac disease	K11_COELIAC	1793	0.0004992834242228639	0.8346091007916383	5.3323764565312283e-05	0.08906096752930033	0.07577732449027334
IL6ST	GCST90241649	Guillain-Barre	G6_GUILBAR	3155	0.07150617181844823	0.545483114710316	0.0358899976607157	0.27371257722530085	0.07340813858521916
ERBB3	GCST90242599	Vitiligo	L12_VITILIGO	1793	0.0004751594248306536	0.7942830886241615	7.895642129644026e-05	0.131911398168199	0.0732513973615127
ERBB3	GCST90242599	Systemic lupus erythematosus	SLE_FG	1793	0.0004952415680841248	0.8278526779788185	5.996577850510922e-05	0.10016820361978027	0.07142391105481173
TNFSF14	GCST90243143	Vitiligo	L12_VITILIGO	3886	0.07179735884359843	0.6230570719924663	0.024423014503528233	0.21187393243391303	0.06884862222649375
SIGLEC7	GCST90242811	Crohn's disease	CHRONNAS	3705	2.616455280777194e-11	0.7432819900806247	6.628452834792799e-12	0.18823244395490052	0.0684855659316819
SIGLEC7	GCST90242811	Autoimmune thyroiditis	E4_THYROIDITAUTOIM	3705	2.5388750319948383e-11	0.7212430115704432	7.421179867218709e-12	0.21075269579649444	0.06800429260025409
HAVCR1	GCST90241394	Guillain-Barre	G6_GUILBAR	3015	7.005827154818432e-50	0.7297313613221889	1.9464969058834648e-50	0.20268075368132846	0.06758788499647837
ERBB3	GCST90242599	Crohn's disease	CHRONNAS	1793	0.0004814363844055776	0.8047757413588023	7.6395171099931e-05	0.1276361979639219	0.06703022912177044
ERBB3	GCST90242599	Sjogren syndrome	M13_SJOGREN	1793	0.0004825928802731593	0.8067089559004506	7.643585285290928e-05	0.12770620656708878	0.06502580879933495
ERBB3	GCST90242599	Autoimmune thyroiditis	E4_THYROIDITAUTOIM	1793	0.0004810872658981387	0.8041921500168369	7.809474705305504e-05	0.1304794937681368	0.06476917420207554
IFNGR2	GCST90241556	Rheumatoid arthritis	M13_RHEUMA	2801	0.03165764453876911	0.007279661893427094	0.7293876104667973	0.1676583539908763	0.06401672911013008
ERBB3	GCST90242599	Multiple sclerosis	G6_MS	1793	0.0004881988457957254	0.8160799656653759	7.195543039315795e-05	0.12021855468924247	0.06314132536919295
ERBB3	GCST90242599	Guillain-Barre	G6_GUILBAR	1793	0.000488502997623715	0.8165883900819438	7.17750286734746e-05	0.11991719986441671	0.0629341320273426
TNFRSF1A	GCST90243170	Vitiligo	L12_VITILIGO	2681	0.03020920058548308	0.7172591996645299	0.007691359748705946	0.18255421592797919	0.06228602407330222
IFNGR2	GCST90241557	Rheumatoid arthritis	M13_RHEUMA	2801	0.032738237988648625	0.006287692478889382	0.7542843292775877	0.14480565294346126	0.06188408731141316
KIAA0319	GCST90240986	Psoriasis	L12_PSORIASIS	4217	4.686386270597686e-12	1.1033379898608987e-12	0.7594723299430888	0.17874436400872207	0.06178330604240044
IL6ST	GCST90241649	Sarcoidosis	D3_SARCOIDOSIS	3155	0.09442177547341414	0.7202942469425823	0.01435556947808442	0.10944963828771055	0.06147876981820865
SIGLEC7	GCST90242811	Psoriasis	L12_PSORIASIS	3705	2.944161439657647e-11	0.8363766772797073	3.6147814017979886e-12	0.10262762787060327	0.060995694816631627
SIGLEC7	GCST90242811	Vitiligo	L12_VITILIGO	3705	2.5000585718492307e-11	0.710216040860536	8.059416222372809e-12	0.22889081004511455	0.06089314906128839
SIGLEC9	GCST90242813	Sjogren syndrome	M13_SJOGREN	3698	0.0	0.8073534599178472	0.0	0.1320700410624452	0.06057649901969721
IL6ST	GCST90241649	Ankylosing spondylitis	M13_ANKYLOSPON	3155	0.09320281336321895	0.7109954237546853	0.015766077265718107	0.12021131747823051	0.05982436813814697
SIGLEC7	GCST90242811	Guillain-Barre	G6_GUILBAR	3705	2.512968424870692e-11	0.7138834688177185	7.976707323713031e-12	0.226542536785798	0.05957399436337539
TNFRSF1A	GCST90243170	Autoimmune thyroiditis	E4_THYROIDITAUTOIM	2681	0.03154379213370339	0.7489465017845188	0.006473977479881467	0.15365272509171024	0.05938300351018598
ERBB3	GCST90242599	Ankylosing spondylitis	M13_ANKYLOSPON	1793	0.000512535332995709	0.8567611754011494	5.084203491080288e-05	0.08493050618178707	0.05774494104915723
IL6ST	GCST90241649	Systemic lupus erythematosus	SLE_FG	3155	0.09013530093185979	0.6875949788291926	0.019132909522139748	0.14589770176112515	0.05723910895568254
KIAA0319	GCST90240986	Ankylosing spondylitis	M13_ANKYLOSPON	4217	8.51085777763841e-66	2.0037513278165706e-66	0.7633201445592858	0.17965503160700827	0.057024823833697294
SIGLEC7	GCST90242811	Systemic lupus erythematosus	SLE_FG	3705	2.6887806277284978e-11	0.7638281573360682	6.31441647527805e-12	0.17932294323480796	0.056848899395923046
TNFRSF1A	GCST90243170	Systemic lupus erythematosus	SLE_FG	2681	0.032225980210250416	0.7651437418412431	0.005995363163093236	0.14229399338456955	0.05434092140084362
KIAA0319	GCST90240986	Sarcoidosis	D3_SARCOIDOSIS	4217	0.11389095113316033	0.026813882985915388	0.6530833265782309	0.15370597735984137	0.05250586194285197
SWAP70	GCST90242931	Guillain-Barre	G6_GUILBAR	3179	7.232723956639249e-18	0.7759979980891588	1.6155359336917442e-18	0.1732799148765263	0.0507220870343146
KIAA0319	GCST90240986	Sjogren syndrome	M13_SJOGREN	4217	0.20744829146533122	0.04884052822138467	0.5610399434758452	0.13203764247242253	0.05063359436501629
KIAA0319	GCST90240986	Rheumatoid arthritis	M13_RHEUMA	4217	0.0003543798311261515	8.343331256646609e-05	0.7684505727246923	0.1808696953764229	0.05024191875519224
TNFSF14	GCST90243143	Ankylosing spondylitis	M13_ANKYLOSPON	3886	0.07953354646295462	0.6901916641854798	0.018665561359068286	0.1619299561184848	0.04967927187401221
ERBB3	GCST90242599	Sarcoidosis	D3_SARCOIDOSIS	1793	0.0004949317326793761	0.8273347528164656	7.379414166546093e-05	0.12330652129429642	0.0487900000148929
SIGLEC7	GCST90242811	Autoimmune hyperthyroidism	AUTOIMMUNE_HYPERTHYROIDISM	3705	2.7870546833329458e-11	0.79174582753652	5.672949505673844e-12	0.16110986950820863	0.04714430292172624
IFNGR2	GCST90241556	Ankylosing spondylitis	M13_ANKYLOSPON	2801	0.42593968827766054	0.0979446501098928	0.34922632461430736	0.08025781324828746	0.04663152374985172
TNFRSF1A	GCST90243170	Autoimmune hyperthyroidism	AUTOIMMUNE_HYPERTHYROIDISM	2681	0.030952121392845963	0.7348984212717146	0.00763112516088293	0.1811409704844364	0.04537736169012018
TNFRSF1A	GCST90243170	Sjogren syndrome	M13_SJOGREN	2681	0.03374635107855849	0.8012420155810636	0.004865257045713115	0.11547146941795323	0.044674906876711655
TNFRSF1A	GCST90243170	Crohn's disease	CHRONNAS	2681	0.03307151984157521	0.7852194494897301	0.005571982667809054	0.13225209612012062	0.04388495188076492
SIGLEC9	GCST90242813	Vitiligo	L12_VITILIGO	3698	0.0	0.7263989942897695	0.0	0.22986162581787808	0.04373937989246575
TNFRSF1A	GCST90243170	Multiple sclerosis	G6_MS	2681	0.031124570291830654	0.7389928877544929	0.007528828895898486	0.17871388051303985	0.04363983254473827
TNFRSF1A	GCST90243170	Sarcoidosis	D3_SARCOIDOSIS	2681	0.0012852011176269515	0.030514621611008305	0.03736966470524906	0.8872270054045904	0.043603507161525334
TNFRSF1A	GCST90243170	Ankylosing spondylitis	M13_ANKYLOSPON	2681	0.006300288064168584	0.14958818793546988	0.032354808267803056	0.7681589177832019	0.04359779794935651
IL6ST	GCST90241649	Multiple sclerosis	G6_MS	3155	0.09521426919326563	0.7263397662551044	0.015662578125941056	0.11943825601338967	0.04334513041229933
KIAA0319	GCST90240986	Coeliac disease	K11_COELIAC	4217	3.4146612002933835e-63	8.039297674681793e-64	0.7745232001951151	0.1823064742535554	0.043170325551339206
SIGLEC7	GCST90242811	Multiple sclerosis	G6_MS	3705	2.7884904230165554e-11	0.7921536921222866	5.865228474309725e-12	0.16657800184516236	0.04126830599879963
SIGLEC7	GCST90242811	Sjogren syndrome	M13_SJOGREN	3705	2.8989036091327067e-11	0.8235198436137724	4.7632007097022455e-12	0.13527168331119307	0.041208473041282355
IL6ST	GCST90241649	Crohn's disease	CHRONNAS	3155	0.09744033434707852	0.7433212508286734	0.0137177121181146	0.10460432112164988	0.04091638158448361
IL6ST	GCST90241649	Vitiligo	L12_VITILIGO	3155	0.07580139054212037	0.5782490876070258	0.035523939562620226	0.27095404841848475	0.03947153386974908
ERBB3	GCST90242599	Autoimmune hyperthyroidism	AUTOIMMUNE_HYPERTHYROIDISM	1793	0.0003335674390191197	0.5575959601832269	0.00024202323263981473	0.40453209803366463	0.03729635111145048
HAVCR1	GCST90241394	Crohn's disease	CHRONNAS	3015	7.736641915331095e-50	0.8058534862730543	1.5072011055778945e-50	0.15695382210999925	0.03719269161694242
TNFSF14	GCST90243143	Autoimmune hyperthyroidism	AUTOIMMUNE_HYPERTHYROIDISM	3886	0.07280676577771192	0.6318166996298514	0.02672717508219493	0.23190152562848737	0.03674783388175455
SIGLEC7	GCST90242811	Ankylosing spondylitis	M13_ANKYLOSPON	3705	2.599309985673769e-11	0.7384113587502823	7.93956744952174e-12	0.22551096444607266	0.036077676769713705
SIGLEC7	GCST90242811	Coeliac disease	K11_COELIAC	3705	2.7907819490724212e-11	0.7928046682959056	6.103206365074992e-12	0.173345890936796	0.033849440733288355
SIGLEC7	GCST90242811	Sarcoidosis	D3_SARCOIDOSIS	3705	2.8354020202405724e-11	0.8054803274363711	5.7105010218334595e-12	0.16219144815926437	0.032328224370299925
HAVCR1	GCST90241394	Psoriasis	L12_PSORIASIS	3015	7.177089523025779e-50	0.7475701572749628	2.1174473925902358e-50	0.2205227446478335	0.03190709807720337
TNFSF8	GCST90243150	Vitiligo	L12_VITILIGO	2993	0.5738421531431818	0.18960543890510878	0.1548042075424468	0.051118836660437574	0.03062936374882498
IFNGR2	GCST90241557	Coeliac disease	K11_COELIAC	2801	0.4342203906796645	0.08339618905585564	0.37923115557179116	0.07280463161889625	0.03034763307379249
HAVCR1	GCST90241394	Autoimmune thyroiditis	E4_THYROIDITAUTOIM	3015	7.533306072316027e-50	0.7846738970182825	1.7787893824950648e-50	0.1852497441261298	0.030076358855593614
TNFSF8	GCST90243150	Autoimmune thyroiditis	E4_THYROIDITAUTOIM	2993	0.5980999536282167	0.19762055400713574	0.13160708874999158	0.04345559811927983	0.029216805495375985
HAVCR1	GCST90241394	Systemic lupus erythematosus	SLE_FG	3015	7.2229205969513485e-50	0.7523439507510924	2.1001452109875086e-50	0.2187235130953608	0.028932536153545484
KIAA0319	GCST90240986	Systemic lupus erythematosus	SLE_FG	4217	0.40241363958860005	0.09474213830429036	0.3839432902101651	0.09036504107461964	0.02853589082232477
IL6ST	GCST90241649	Sjogren syndrome	M13_SJOGREN	3155	0.0794628977274818	0.6061808072504183	0.033128931136362325	0.2526947230407608	0.028532640844976705
SWAP70	GCST90242931	Autoimmune thyroiditis	E4_THYROIDITAUTOIM	3179	7.311614154558027e-18	0.7844621170049144	1.745965641299681e-18	0.18729618136546472	0.028241701629618834
IL6ST	GCST90241649	Rheumatoid arthritis	M13_RHEUMA	3155	0.09953860996386893	0.7593278959875497	0.013131340555284452	0.10014425822087043	0.027857895272426422
SIGLEC9	GCST90242813	Ankylosing spondylitis	M13_ANKYLOSPON	3698	0.0	0.7448799111322104	0.0	0.2273028934735407	0.02781719539414622
SWAP70	GCST90242931	Vitiligo	L12_VITILIGO	3179	6.677417885158198e-18	0.716419283018678	2.3841927587012125e-18	0.25577191740350397	0.027808799577817057
IL6ST	GCST90241649	Coeliac disease	K11_COELIAC	3155	0.09847172217165039	0.751189168082728	0.014226491110889816	0.10849883204622691	0.027613786588504947
KIAA0319	GCST90240986	Autoimmune hyperthyroidism	AUTOIMMUNE_HYPERTHYROIDISM	4217	0.2745783494970516	0.06464527392761465	0.5131157289587823	0.12077837027030344	0.026882277346248082
TNFRSF1A	GCST90243170	Psoriasis	L12_PSORIASIS	2681	0.03315691270823988	0.7872469384008532	0.006190054030119344	0.14694443175594085	0.026461663104846767
SWAP70	GCST90242931	Sarcoidosis	D3_SARCOIDOSIS	3179	7.132461481243874e-18	0.7652408503455546	1.943146674990154e-18	0.2084536446252127	0.026305505029232415
IFNGR2	GCST90241557	Ankylosing spondylitis	M13_ANKYLOSPON	2801	0.44908497389201585	0.08625107477385102	0.3682030559443557	0.07069115725005502	0.02576973813972237
SWAP70	GCST90242931	Multiple sclerosis	G6_MS	3179	8.013123201963626e-18	0.8597269300534583	1.0678849760926311e-18	0.1145475124930163	0.025725557453525654
HAVCR1	GCST90241394	Ankylosing spondylitis	M13_ANKYLOSPON	3015	7.819665132200941e-50	0.8145012367426203	1.5366525656405016e-50	0.16003323186779764	0.025465531389585124
TNFSF8	GCST90243150	Crohn's disease	CHRONNAS	2993	0.5883497797581951	0.19439896077648774	0.14427462716472197	0.04764501441124335	0.025331617889351846
SIGLEC9	GCST90242813	Guillain-Barre	G6_GUILBAR	3698	0.0	0.7241646762184594	0.0	0.25064646645182265	0.025188857329823858
TNFSF14	GCST90243143	Guillain-Barre	G6_GUILBAR	3886	0.0762412759426797	0.6616213593217863	0.02458344741614645	0.2133107738165346	0.024243143502852928
TNFRSF14	GCST90243162	Systemic lupus erythematosus	SLE_FG	2840	0.6013411005264582	0.1707074529548491	0.15879308277076798	0.04505374334794067	0.024104620399984122
TNFSF14	GCST90243143	Coeliac disease	K11_COELIAC	3886	0.06946097083681459	0.6027819101481968	0.0313859238683447	0.2723428405965471	0.02402835455009702
IL4	GCST90241639	Psoriasis	L12_PSORIASIS	2132	4.492710126923213e-06	6.980434670538112e-07	0.8456282548719846	0.13136434801063193	0.023002206363789066
HAVCR1	GCST90241394	Coeliac disease	K11_COELIAC	3015	6.60327393194313e-50	0.6878011645243145	2.7772091251334655e-50	0.28925290269649445	0.022945932779185177
KIAA0319	GCST90240986	Multiple sclerosis	G6_MS	4217	0.38756655432777265	0.09124661910013275	0.40380682370142607	0.09504781000820346	0.022332192862464996
SIGLEC7	GCST90242811	Rheumatoid arthritis	M13_RHEUMA	3705	2.9990343064592694e-11	0.851964948150373	4.426798411530892e-12	0.12573408237799982	0.02230096943721067
IL6ST	GCST90241649	Autoimmune hyperthyroidism	AUTOIMMUNE_HYPERTHYROIDISM	3155	0.09837968156527747	0.7504870385270919	0.014959626762002307	0.11409707696708986	0.0220765761785385
SWAP70	GCST90242931	Sjogren syndrome	M13_SJOGREN	3179	7.67444401778825e-18	0.8233900851123056	1.4471377929756548e-18	0.1552418546260449	0.021368060261646196
IL4	GCST90241639	Sarcoidosis	D3_SARCOIDOSIS	2132	0.2334425247480942	0.03627054155050763	0.613791163321933	0.09534509811477998	0.02115067226468525
TNFRSF14	GCST90243162	Coeliac disease	K11_COELIAC	2840	0.0001564290940624592	4.440676380187321e-05	0.7623482339554667	0.21639276282247388	0.021058167364194906
SIGLEC9	GCST90242813	Autoimmune thyroiditis	E4_THYROIDITAUTOIM	3698	0.0	0.7580878053945317	0.0	0.2210807590871347	0.020831435518422054
LTBR	GCST90243176	Ankylosing spondylitis	M13_ANKYLOSPON	2559	0.1390899280430582	0.0209115888361145	0.7121836829027276	0.10705307577183301	0.02076172444626674
SIGLEC9	GCST90242813	Autoimmune hyperthyroidism	AUTOIMMUNE_HYPERTHYROIDISM	3698	0.0	0.8147913345361827	0.0	0.1651561841661019	0.02005248129776128
CD226	GCST90240639	Crohn's disease	CHRONNAS	4049	0.4629587805671482	0.10974539343241575	0.3292271161382818	0.07802396458305211	0.020044745279102213
CD226	GCST90240640	Crohn's disease	CHRONNAS	4049	0.41257932574699147	0.16015400582442763	0.29340042201501665	0.11387144367689747	0.01999480273666667
CD226	GCST90240639	Ankylosing spondylitis	M13_ANKYLOSPON	4049	0.542658843351578	0.12863846796520745	0.24958313803672685	0.059144254496365484	0.019975296150122255
TNFSF14	GCST90243143	Systemic lupus erythematosus	SLE_FG	3886	0.07865296413226022	0.6825499757244053	0.02264510233183617	0.19649441178873822	0.01965754602276029
IFNGR2	GCST90241558	Psoriasis	L12_PSORIASIS	2801	0.10586190451764943	0.019175017419050207	0.7241918411680874	0.13115496662056084	0.019616270274652067
LTBR	GCST90243176	Sarcoidosis	D3_SARCOIDOSIS	2559	0.028347226007824	0.004261886847310165	0.8241618737046825	0.1238899509903766	0.019339062449806956
CD226	GCST90240640	Autoimmune thyroiditis	E4_THYROIDITAUTOIM	4049	0.4707305030963023	0.1827269837094368	0.23624158684114271	0.09168504960970968	0.01861587674340847
IFNGR2	GCST90241557	Psoriasis	L12_PSORIASIS	2801	0.10501192449857327	0.02016854688674203	0.7183772037139858	0.13795273972668354	0.0184895851740153
IFNGR2	GCST90241556	Vitiligo	L12_VITILIGO	2801	0.6280520376488147	0.1444202988621679	0.1699925040639481	0.03907124006942664	0.018463919355642483
TNFRSF14	GCST90243162	Vitiligo	L12_VITILIGO	2840	0.6133267803820233	0.17410992266510922	0.15168942070348784	0.0430434448178721	0.017830431431507632
SWAP70	GCST90242931	Crohn's disease	CHRONNAS	3179	6.801208903913908e-18	0.7297008050720213	2.3578283493538682e-18	0.25295374675795745	0.0173454481700209
IFNGR2	GCST90241558	Ankylosing spondylitis	M13_ANKYLOSPON	2801	0.4572980187825767	0.08283147290620611	0.3749369001010739	0.06789617103229713	0.01703743717784621
TNFSF14	GCST90243143	Psoriasis	L12_PSORIASIS	3886	0.0887363917839307	0.7700539035775654	0.012849615585301934	0.11149202295379404	0.01686806609940773
CD226	GCST90240640	Vitiligo	L12_VITILIGO	4049	0.5160125383515783	0.2003044503575419	0.19229070466950102	0.07462615634678672	0.016766150274591923
SWAP70	GCST90242931	Systemic lupus erythematosus	SLE_FG	3179	6.960771228849898e-18	0.7468202258411658	2.204282114016337e-18	0.2364804375588641	0.016699336599972903
IFNGR2	GCST90241556	Sarcoidosis	D3_SARCOIDOSIS	2801	0.6734158828392476	0.1548516957643507	0.12614642559165112	0.02899072162354284	0.01659527418120776
CD226	GCST90240639	Sjogren syndrome	M13_SJOGREN	4049	0.5716770962406961	0.1355173084013609	0.22349949762477003	0.052964704281347884	0.016341393451824997
IFNGR2	GCST90241556	Psoriasis	L12_PSORIASIS	2801	0.10200339827076312	0.023455638036569235	0.6977961442852177	0.1604416233155486	0.016303196091901208
HAVCR1	GCST90241394	Rheumatoid arthritis	M13_RHEUMA	3015	8.119120894240701e-50	0.8456927371978883	1.3296762360397137e-50	0.1384840895995048	0.01582317320260904
SIGLEC9	GCST90242813	Sarcoidosis	D3_SARCOIDOSIS	3698	0.0	0.8194737114292537	0.0	0.16477058279776918	0.015755705773061634
CD226	GCST90240640	Autoimmune hyperthyroidism	AUTOIMMUNE_HYPERTHYROIDISM	4049	0.5255216726645958	0.20399568221797248	0.18357094954408953	0.07124244061094173	0.015669254962400354
IFNGR2	GCST90241558	Coeliac disease	K11_COELIAC	2801	0.44495407705906265	0.08059558551454617	0.38860553866520814	0.0703735701077644	0.01547122865341866
CD226	GCST90240640	Sjogren syndrome	M13_SJOGREN	4049	0.5101501600629512	0.19802880708607673	0.1994452904218852	0.07740520107303347	0.014970541356053357
CD226	GCST90240640	Guillain-Barre	G6_GUILBAR	4049	0.518152952300792	0.20113531086532033	0.19154418814903085	0.0743383123538685	0.014829236330988246
IL4	GCST90241639	Crohn's disease	CHRONNAS	2132	0.0031495300885478156	0.0004893502675423755	0.8496714784442057	0.1320008670739239	0.014688774125780651
SWAP70	GCST90242931	Autoimmune hyperthyroidism	AUTOIMMUNE_HYPERTHYROIDISM	3179	7.77566859204171e-18	0.8342504563153303	1.4081375351087055e-18	0.15106420483163535	0.014685338853033903
HAVCR1	GCST90241394	Sjogren syndrome	M13_SJOGREN	3015	7.881134502551021e-50	0.8209039250068221	1.5790664891180933e-50	0.16446192418532954	0.014634150807854502
CD226	GCST90240639	Autoimmune thyroiditis	E4_THYROIDITAUTOIM	4049	0.5304703124679865	0.1257491500100663	0.26622270612430676	0.06309421225144098	0.014463619146199437
CD226	GCST90240639	Autoimmune hyperthyroidism	AUTOIMMUNE_HYPERTHYROIDISM	4049	0.5905264292601736	0.13998558409887982	0.20627788155819246	0.048884298040801084	0.014325807041952895
SIGLEC9	GCST90242813	Crohn's disease	CHRONNAS	3698	0.0	0.7877206213926339	0.0	0.1982513115464254	0.01402806706083155
IFNGR2	GCST90241556	Guillain-Barre	G6_GUILBAR	2801	0.6645067432862548	0.15280304291439775	0.13742904396564018	0.03158807710007099	0.013673092733636144
CD226	GCST90240640	Systemic lupus erythematosus	SLE_FG	4049	0.5614850760905366	0.21795586578101506	0.14912830321010562	0.0578746939080259	0.013556061010316773
IFNGR2	GCST90241558	Vitiligo	L12_VITILIGO	2801	0.6574623577894438	0.11908771356820408	0.17795288579401025	0.032219750257953136	0.013277292590388673
TNFSF14	GCST90243143	Sjogren syndrome	M13_SJOGREN	3886	0.0842445147548678	0.7310734202484397	0.017717079163287998	0.15373548278291924	0.013229503050485116
TNFRSF14	GCST90243162	Autoimmune thyroiditis	E4_THYROIDITAUTOIM	2840	0.6372566860660764	0.18090309420318995	0.13138470544436612	0.03728404371061745	0.01317147057575005
IFNGR2	GCST90241557	Sarcoidosis	D3_SARCOIDOSIS	2801	0.6973031235014187	0.13392375016230754	0.13062106021724953	0.02507394880812501	0.013078117310899279
IFNGR2	GCST90241557	Vitiligo	L12_VITILIGO	2801	0.6517720126471178	0.1251790637997327	0.17641270128421488	0.0338689833742544	0.01276723889468013
TNFSF14	GCST90243143	Crohn's disease	CHRONNAS	3886	0.08325105550018684	0.7224521864825331	0.018770591265627988	0.16287843659239876	0.012647730159253325
CD226	GCST90240639	Guillain-Barre	G6_GUILBAR	4049	0.5827546561599471	0.1381432682548927	0.2154253237554198	0.05105442273673662	0.012622329093003884
TNFRSF14	GCST90243162	Guillain-Barre	G6_GUILBAR	2840	0.6277508736847042	0.17820460408091146	0.14134789572214837	0.040112961117976006	0.012583665394260065
LTBR	GCST90243176	Autoimmune hyperthyroidism	AUTOIMMUNE_HYPERTHYROIDISM	2559	0.6918111661367699	0.10401091482344078	0.1666554080899594	0.02504346440187512	0.012479046547954712
CD226	GCST90240639	Vitiligo	L12_VITILIGO	4049	0.5816086901489071	0.1378716145007773	0.2167349367670588	0.05136507201347306	0.012419686569783716
TNFSF8	GCST90243150	Guillain-Barre	G6_GUILBAR	2993	0.6090460558458054	0.20123729861869488	0.1333162169579635	0.04403717142939882	0.012363257148137586
SIGLEC9	GCST90242813	Multiple sclerosis	G6_MS	3698	0.0	0.816430019903459	0.0	0.1712297032890813	0.012340276807561792
PLAU	GCST90243298	Coeliac disease	K11_COELIAC	2137	0.728147620474385	0.10679025304054142	0.13326357446342812	0.019532191985876187	0.012266360035769246
KIAA0319	GCST90240986	Guillain-Barre	G6_GUILBAR	4217	0.5784802996151733	0.13619434124667945	0.22106377965218854	0.052033859005826084	0.012227720480132705
KIAA0319	GCST90240986	Vitiligo	L12_VITILIGO	4217	0.5690196499703417	0.13396697594659815	0.23059157414905793	0.05427711557075313	0.012144684363249026
SWAP70	GCST90242931	Ankylosing spondylitis	M13_ANKYLOSPON	3179	7.84367358017727e-18	0.8415467025110435	1.3650494389915406e-18	0.14644396469588658	0.012009332793068976
KIAA0319	GCST90240986	Autoimmune thyroiditis	E4_THYROIDITAUTOIM	4217	0.5643053875518614	0.13285707494396068	0.2354899576966256	0.055430592775246604	0.011916987032305511
IFNGR2	GCST90241556	Sjogren syndrome	M13_SJOGREN	2801	0.560688657990407	0.1289301183684413	0.24297117560550102	0.05585956798204394	0.011550480053606692
CD226	GCST90240640	Ankylosing spondylitis	M13_ANKYLOSPON	4049	0.4877418875429148	0.18933042017298635	0.22432537926236124	0.08706652618804733	0.011535786833690283
IL4	GCST90241639	Vitiligo	L12_VITILIGO	2132	0.7047403694193605	0.10949725153516054	0.1508469246473993	0.023425969710434674	0.011489484687644906
CD226	GCST90240639	Multiple sclerosis	G6_MS	4049	0.617241598541347	0.14631847351893634	0.18192942155156377	0.04311537291410231	0.011395133474050561
TNFSF8	GCST90243150	Systemic lupus erythematosus	SLE_FG	2993	0.6324255943360365	0.20896222372668552	0.11081845848628699	0.03660477302620832	0.011188950424782641
CD226	GCST90240640	Multiple sclerosis	G6_MS	4049	0.5502318540252121	0.21358761831992262	0.16217857506463207	0.06294301276134585	0.011058939828887306
TNFSF8	GCST90243150	Sjogren syndrome	M13_SJOGREN	2993	0.6441454813105609	0.2128346375979065	0.09921270327293966	0.032770221872794075	0.011036955945798949
IFNGR2	GCST90241556	Systemic lupus erythematosus	SLE_FG	2801	0.6825060451671835	0.1569419747243884	0.12164540241104597	0.02796136331785615	0.010945214379525937
TNFSF8	GCST90243150	Multiple sclerosis	G6_MS	2993	0.6287595208084861	0.20775090197828797	0.11468887864742332	0.03788388588588306	0.010916812679919775
TNFRSF14	GCST90243162	Crohn's disease	CHRONNAS	2840	0.6456703932720822	0.18329155979416265	0.12479437306393769	0.03541553728262582	0.010828136587191546
IL6ST	GCST90241649	Psoriasis	L12_PSORIASIS	3155	0.09116930970311406	0.6954828899120796	0.02349120338881682	0.17919141579944628	0.010665181196542924
IL4	GCST90241639	Sjogren syndrome	M13_SJOGREN	2132	0.7529873849688798	0.11699350948587102	0.10338150987387633	0.016052054946396718	0.010585540724976004
CD226	GCST90240639	Systemic lupus erythematosus	SLE_FG	4049	0.6320108706641594	0.14981956184011005	0.16785968633169904	0.03978097757858242	0.010528903585449152
IL4	GCST90241639	Guillain-Barre	G6_GUILBAR	2132	0.6958050639493465	0.10810895105877413	0.16067685487858746	0.024954304904696904	0.01045482520859494
CD226	GCST90240640	Coeliac disease	K11_COELIAC	4049	0.5847428081584443	0.22698399376664002	0.128113529254706	0.04972034850648222	0.010439320313727591
IFNGR2	GCST90241557	Guillain-Barre	G6_GUILBAR	2801	0.6878812185098336	0.13211418297750854	0.14226320376255772	0.027312583399345974	0.010428811350754102
KIAA0319	GCST90240986	Crohn's disease	CHRONNAS	4217	0.6258334034570023	0.1473429054899454	0.17521191767165833	0.04124059574679379	0.010371177634600035
SIGLEC9	GCST90242813	Coeliac disease	K11_COELIAC	3698	0.0	0.8124910694124773	0.0	0.17724808542065357	0.010260845166786579
IFNGR2	GCST90241557	Sjogren syndrome	M13_SJOGREN	2801	0.5792901710426344	0.11125823121031288	0.2510320333202617	0.04820289206046786	0.010216672366323098
IFNGR2	GCST90241558	Sarcoidosis	D3_SARCOIDOSIS	2801	0.7058365472560629	0.12784984504393443	0.13221956855680447	0.023939088564053995	0.01015495057914439
IFNGR2	GCST90241558	Guillain-Barre	G6_GUILBAR	2801	0.6944436038089014	0.12578621422178957	0.14362039441095498	0.02600415646472579	0.010145631093628435
IL4	GCST90241639	Ankylosing spondylitis	M13_ANKYLOSPON	2132	0.7311706507560749	0.11360378961535551	0.12559172065783333	0.019503365310517308	0.010130473660218926
CD226	GCST90240640	Sarcoidosis	D3_SARCOIDOSIS	4049	0.6005888290761873	0.23313506234420242	0.11254326841004265	0.04367670696819361	0.010056133201374069
LTBR	GCST90243176	Psoriasis	L12_PSORIASIS	2559	0.7279287121714196	0.10944103678174837	0.132664245596367	0.019935483838750327	0.01003052161171463
IFNGR2	GCST90241557	Autoimmune thyroiditis	E4_THYROIDITAUTOIM	2801	0.6872071020439766	0.1319847124472456	0.14332184739397413	0.027516364896486158	0.009969973218317553
TNFSF8	GCST90243150	Autoimmune hyperthyroidism	AUTOIMMUNE_HYPERTHYROIDISM	2993	0.6346536507069532	0.20969840458025127	0.1095257898978711	0.03617890302111673	0.009943251793807742
IFNGR2	GCST90241556	Autoimmune thyroiditis	E4_THYROIDITAUTOIM	2801	0.666078215660067	0.15316440231819692	0.13891527036513904	0.03193359880822866	0.009908512848368413
IFNGR2	GCST90241558	Autoimmune thyroiditis	E4_THYROIDITAUTOIM	2801	0.6936146876100768	0.12563607066803603	0.14465819417784317	0.026192382559854684	0.00989866498418946
LTBR	GCST90243176	Vitiligo	L12_VITILIGO	2559	0.7031633546727624	0.10571766888101164	0.1576666816512217	0.023694768503977913	0.009757526291026488
IL4	GCST90241639	Autoimmune thyroiditis	E4_THYROIDITAUTOIM	2132	0.7302509496936098	0.11346089339010183	0.1268392295042249	0.019697572959880658	0.009751354452182743
IFNGR2	GCST90241558	Sjogren syndrome	M13_SJOGREN	2801	0.5849342195357156	0.1059505201583249	0.25347784897569775	0.045903308852857316	0.009734102477404387
IFNGR2	GCST90241556	Autoimmune hyperthyroidism	AUTOIMMUNE_HYPERTHYROIDISM	2801	0.6886262633984687	0.15834931630291876	0.1165089010257281	0.026781438142798028	0.009734081130086395
PLAU	GCST90243298	Systemic lupus erythematosus	SLE_FG	2137	0.728322068315623	0.10681583759041063	0.1353032748656018	0.01983387620848569	0.009724943019879034
PLAU	GCST90243298	Vitiligo	L12_VITILIGO	2137	0.7394425142840012	0.10844676407495107	0.12427796864594295	0.018217012137728934	0.00961574085737565
IFNGR2	GCST90241556	Multiple sclerosis	G6_MS	2801	0.6891302795943132	0.15846521461272717	0.11611042228704874	0.02668993806205167	0.009604145443859244
TNFRSF14	GCST90243162	Ankylosing spondylitis	M13_ANKYLOSPON	2840	0.6746105399145983	0.19150702804863362	0.09682458863567148	0.027476780496160435	0.0095810629049362
IFNGR2	GCST90241558	Systemic lupus erythematosus	SLE_FG	2801	0.7117419679819882	0.12891950788253903	0.1268562215984336	0.022968253732232168	0.009514048804807069
IFNGR2	GCST90241557	Systemic lupus erythematosus	SLE_FG	2801	0.7053036999845239	0.13546033758026946	0.1257087069252268	0.024134169293002102	0.009393086216977554
IFNGR2	GCST90241558	Autoimmune hyperthyroidism	AUTOIMMUNE_HYPERTHYROIDISM	2801	0.7173621448581924	0.12993750382725955	0.12137073413728446	0.021974813645443424	0.009354803531820307
PLAU	GCST90243298	Autoimmune thyroiditis	E4_THYROIDITAUTOIM	2137	0.7455926262857396	0.10934874054019786	0.11840552049617144	0.01735607660470762	0.009297036073183369
TNFSF8	GCST90243150	Sarcoidosis	D3_SARCOIDOSIS	2993	0.64757484544733	0.21396774726710027	0.09709786448270862	0.03207320029803151	0.00928634250482971
HAVCR1	GCST90241394	Sarcoidosis	D3_SARCOIDOSIS	3015	7.962780668830901e-50	0.8294082410211242	1.5493484301128322e-50	0.16137188675285616	0.009219872226019754
IL4	GCST90241639	Systemic lupus erythematosus	SLE_FG	2132	0.7456778830856988	0.11585781412765157	0.11187488138444093	0.017373060231713228	0.009216361170495239
SIGLEC9	GCST90242813	Psoriasis	L12_PSORIASIS	3698	0.0	0.8827465336382329	0.0	0.10805843498617261	0.009195031375507213
LTBR	GCST90243176	Multiple sclerosis	G6_MS	2559	0.6969270987488853	0.10478007389054955	0.16439448223906133	0.024706831190782694	0.009191513930720948
CD226	GCST90240639	Coeliac disease	K11_COELIAC	4049	0.6570207514244945	0.155748208879439	0.1439491791676093	0.03411430080320227	0.009167559725254914
PLAU	GCST90243298	Autoimmune hyperthyroidism	AUTOIMMUNE_HYPERTHYROIDISM	2137	0.7447701123064014	0.10922811050102299	0.11941310252139108	0.017504061177338364	0.009084613493846193
TNFRSF14	GCST90243162	Sarcoidosis	D3_SARCOIDOSIS	2840	0.6453341718366064	0.18319611395680238	0.1265174054307795	0.035906450382652645	0.009045858393159256
TNFSF8	GCST90243150	Psoriasis	L12_PSORIASIS	2993	0.6459813481105088	0.21344123355546862	0.09887585031411629	0.032660917269273615	0.00904065075063275
PLAU	GCST90243298	Guillain-Barre	G6_GUILBAR	2137	0.7491949525953795	0.10987705832538873	0.11509934696601215	0.01687153256271356	0.008957109550505984
TNFRSF14	GCST90243162	Sjogren syndrome	M13_SJOGREN	2840	0.674334909772759	0.1914287827408877	0.09764739369907088	0.027711059884353084	0.008877853902929233
LTBR	GCST90243176	Crohn's disease	CHRONNAS	2559	0.739876789096075	0.11123738016581652	0.1217227198213175	0.018291630250335724	0.008871480666455087
ERBB3	GCST90242599	Rheumatoid arthritis	M13_RHEUMA	1793	6.299131242357736e-05	0.10529715201612647	0.0005295822877549005	0.885248239512736	0.008862034870958463
LTBR	GCST90243176	Autoimmune thyroiditis	E4_THYROIDITAUTOIM	2559	0.7269534914310131	0.10929441642300092	0.13470921183665893	0.020244167767483966	0.008798712541843072
IFNGR2	GCST90241557	Autoimmune hyperthyroidism	AUTOIMMUNE_HYPERTHYROIDISM	2801	0.7111918803974087	0.13659121908065064	0.12032678509035703	0.02310112370069645	0.008788991730887204
IFNGR2	GCST90241558	Crohn's disease	CHRONNAS	2801	0.7327497984813578	0.13272470596203045	0.10656376967954986	0.019293479671455862	0.00866824620560611
IFNGR2	GCST90241557	Multiple sclerosis	G6_MS	2801	0.7118166232152318	0.13671120692844588	0.11993280684331097	0.02302573176162069	0.008513631251390744
LTBR	GCST90243176	Guillain-Barre	G6_GUILBAR	2559	0.7207877400259528	0.1083674214920063	0.14116248611036725	0.021214721640816482	0.008467630730857252
PLAU	GCST90243298	Sarcoidosis	D3_SARCOIDOSIS	2137	0.7757951044672208	0.11377824109305346	0.08892760632836408	0.0130336723928684	0.008465375718493312
IL4	GCST90241639	Coeliac disease	K11_COELIAC	2132	0.7606438571149375	0.11818311447066783	0.09758640957149098	0.01515380863207598	0.008432810210827696
LTBR	GCST90243176	Systemic lupus erythematosus	SLE_FG	2559	0.7337606755394175	0.11031784807768275	0.12833871645015607	0.019286893281261028	0.008295866651482657
TNFSF8	GCST90243150	Rheumatoid arthritis	M13_RHEUMA	2993	0.686895145007804	0.22695972182875962	0.058569052172734795	0.019343798206158527	0.008232282784543266
IFNGR2	GCST90241558	Multiple sclerosis	G6_MS	2801	0.7186595700872308	0.13017250953096457	0.12108576365644556	0.02192439330762637	0.00815776341773283
LTBR	GCST90243176	Sjogren syndrome	M13_SJOGREN	2559	0.7544627063477318	0.11343031180835654	0.10778210770984994	0.016196460603299035	0.008128413530762444
TNFSF8	GCST90243150	Ankylosing spondylitis	M13_ANKYLOSPON	2993	0.6635863800443224	0.21925818127962143	0.08201165942183619	0.02708974035427988	0.008054038899940228
IFNGR2	GCST90241556	Crohn's disease	CHRONNAS	2801	0.704203218008264	0.16193123038846305	0.10241224178697564	0.023541739859229003	0.007911569957068366
IFNGR2	GCST90241557	Crohn's disease	CHRONNAS	2801	0.7266112154013995	0.13955265019883378	0.10567103582299037	0.020287257694849847	0.007877840881926446
PLAU	GCST90243298	Ankylosing spondylitis	M13_ANKYLOSPON	2137	0.7747854321254134	0.11363016237681818	0.09045064337946157	0.013257630508210431	0.007876131610096412
PLAU	GCST90243298	Crohn's disease	CHRONNAS	2137	0.7782796397809281	0.1141426234619282	0.08700904114998788	0.012752944924698974	0.007815750682456792
CD226	GCST90240639	Sarcoidosis	D3_SARCOIDOSIS	4049	0.6755313116613142	0.16013617774646338	0.12658660642195052	0.029999886428569284	0.007746017741702769
PLAU	GCST90243298	Sjogren syndrome	M13_SJOGREN	2137	0.7769756900392681	0.11395138597251185	0.08837811060781867	0.012953807627620696	0.007741005752780522
LTBR	GCST90243176	Coeliac disease	K11_COELIAC	2559	0.7458861812362308	0.11214086713541944	0.1167495179129204	0.017545123317724388	0.007678310397704676
TNFSF8	GCST90243150	Coeliac disease	K11_COELIAC	2993	0.6643762298685566	0.21951915866124594	0.08151796142752517	0.02692701006048347	0.007659639982188814
IL4	GCST90241639	Autoimmune hyperthyroidism	AUTOIMMUNE_HYPERTHYROIDISM	2132	0.7620184238733867	0.11839668430238587	0.09694007960669526	0.015054228976319826	0.00759058324121235
PLAU	GCST90243298	Multiple sclerosis	G6_MS	2137	0.7787730522747138	0.11421498742162971	0.08676938150980112	0.012718087660927807	0.007524491132927442
TNFRSF14	GCST90243162	Psoriasis	L12_PSORIASIS	2840	0.6973879263143524	0.1979730248246171	0.0757708353971485	0.021502300243948447	0.007365913219933487
IL4	GCST90241639	Rheumatoid arthritis	M13_RHEUMA	2132	0.7459360160038971	0.11589792087660478	0.11330000919591486	0.017596432598944778	0.007269621324638534
CD226	GCST90240640	Psoriasis	L12_PSORIASIS	4049	0.6269662004561047	0.24337416407806625	0.0882353372962713	0.034243790982191526	0.007180507187366177
PLAU	GCST90243298	Psoriasis	L12_PSORIASIS	2137	0.7959219892576683	0.11673005341689162	0.0701062351050421	0.010274825388239936	0.006966896832157974
SIGLEC9	GCST90242813	Rheumatoid arthritis	M13_RHEUMA	3698	0.0	0.8655667282826389	0.0	0.12780211220983848	0.006631159507540857
CD226	GCST90240639	Psoriasis	L12_PSORIASIS	4049	0.7039774247997433	0.1668793912009647	0.09907341971700863	0.023478980463405696	0.006590783818877517
IL4	GCST90241639	Multiple sclerosis	G6_MS	2132	0.7797817848060711	0.12115662155666644	0.08008796798250438	0.012436928663657015	0.006536696991101025
PLAU	GCST90243298	Rheumatoid arthritis	M13_RHEUMA	2137	0.797148489327632	0.11690993212437177	0.0695330987238468	0.010191519045795277	0.006216960778354253
CD226	GCST90240640	Rheumatoid arthritis	M13_RHEUMA	4049	0.6463239320463772	0.25088839967928817	0.06964412482296478	0.02702816597518219	0.0061153774761875165
CD226	GCST90240639	Rheumatoid arthritis	M13_RHEUMA	4049	0.72576404568465	0.1720439574235729	0.07820413152526559	0.018533005890240165	0.005454859476271459
LTBR	GCST90243176	Rheumatoid arthritis	M13_RHEUMA	2559	0.7916575236978396	0.11902239700246954	0.07303779314518283	0.010975619999335853	0.005306666155172191
TNFSF14	GCST90243143	Rheumatoid arthritis	M13_RHEUMA	3886	0.011899084333779052	0.103260186221416	0.091004803245384	0.7897350644860813	0.004100861713339706
ERBB3	GCST90242599	Psoriasis	L12_PSORIASIS	1793	7.345779376719451e-10	1.2279306747986428e-06	0.000597764874814642	0.9992318911727387	0.00016911528719397453
