gene	acc	disease	disease_code	rsid	pqtl_p	b_exp	b_out	se_out	MR_beta	MR_se	MR_p	OR	OR_l95	OR_u95	FDR
KIAA0319	GCST90240986	Ankylosing spondylitis	M13_ANKYLOSPON	rs2799375	0.0021379620895022	0.0784	0.177337	0.0229056	2.261951530612245	0.29216326530612247	9.769962616701378e-15	9.60180911897189	5.415750842663586	17.023445323756498	2.4131807663252403e-12
TNFSF14	GCST90243143	Multiple sclerosis	G6_MS	rs2291668	2.8840315031266057e-07	0.1717	-0.182491	0.0306068	-1.062847990681421	0.17825742574257428	2.4850927982100757e-09	0.34547051113815597	0.24359883023792972	0.489944364467951	3.0690896057894435e-07
SWAP70	GCST90242931	Rheumatoid arthritis	M13_RHEUMA	rs10770059	4.1686938347033644e-24	0.2609	-0.0605969	0.013742	-0.2322610195477194	0.052671521655806824	1.0355557635399748e-05	0.7927391758780494	0.7149825072349327	0.8789521346503577	0.0008526075786479126
KIAA0319	GCST90240986	Coeliac disease	K11_COELIAC	rs2799375	0.0021379620895022	0.0784	-0.0777921	0.0199389	-0.9922461734693878	0.25432270408163266	9.558892053185275e-05	0.37074300197245874	0.22521074437877364	0.6103188988194003	0.005902615842841907
TNFRSF1A	GCST90243170	Sarcoidosis	D3_SARCOIDOSIS	rs4149584	2.6915348039269142e-09	-0.5351	0.246971	0.0848504	-0.4615417678938516	0.1585692393945057	0.0036066169831991957	0.6303111025607632	0.4619320497840059	0.860066077244768	0.17816687897004027
TNFSF8	GCST90243150	Autoimmune thyroiditis	E4_THYROIDITAUTOIM	rs7873851	0.0002754228703338	0.1089	-0.151238	0.0569759	-1.3887786960514235	0.5231946740128559	0.007944474478015717	0.24937968711864003	0.08943526091986577	0.6953658736805545	0.29207954570029643
IFNGR2	GCST90241556	Vitiligo	L12_VITILIGO	rs7279771	0.0005888436553555	0.0966	-0.198013	0.0772406	-2.049824016563147	0.799592132505176	0.010359672634426165	0.1287575607921684	0.026862484439638568	0.6171621801550686	0.29207954570029643
TNFRSF14	GCST90243162	Vitiligo	L12_VITILIGO	rs138251081	0.0003548133892335	-0.386	0.528398	0.20882	-1.3689067357512954	0.5409844559585493	0.011393275590239504	0.25438491752009534	0.08810409468448949	0.7344912457638365	0.29207954570029643
SIGLEC9	GCST90242813	Systemic lupus erythematosus	SLE_FG	rs2569444	0.0	1.0265	0.100748	0.0398915	0.09814710180224064	0.03886166585484657	0.011551715935953277	1.1031250448560597	1.0222215373417058	1.1904316433727282	0.29207954570029643
TNFRSF1A	GCST90243170	Rheumatoid arthritis	M13_RHEUMA	rs4149584	2.6915348039269142e-09	-0.5351	-0.139283	0.0565628	0.2602934031022239	0.10570510185012147	0.013799186645159667	1.297310665805387	1.0545471187903708	1.595959946809144	0.29207954570029643
CD226	GCST90240640	Autoimmune hyperthyroidism	AUTOIMMUNE_HYPERTHYROIDISM	rs17777386	0.0002511886431509	-0.1668	0.135654	0.0559232	-0.813273381294964	0.33527098321342924	0.015278071191854314	0.4434042568843342	0.22983249720661278	0.8554374921419592	0.29207954570029643
HAVCR1	GCST90241394	Autoimmune hyperthyroidism	AUTOIMMUNE_HYPERTHYROIDISM	rs6882177	1.3803842646028867e-57	-0.4282	-0.0794676	0.0329209	0.1855852405418029	0.07688206445586175	0.015783004564988712	1.2039228184347694	1.0355124181578692	1.3997226178382207	0.29207954570029643
SWAP70	GCST90242931	Psoriasis	L12_PSORIASIS	rs10770059	4.1686938347033644e-24	0.2609	-0.0358432	0.0148808	-0.13738290532771175	0.05703641241855116	0.01600999108700618	0.8716364080013664	0.7794441249609285	0.9747331507458713	0.29207954570029643
HAVCR1	GCST90241394	Multiple sclerosis	G6_MS	rs6882177	1.3803842646028867e-57	-0.4282	-0.0725252	0.0302637	0.16937225595516112	0.07067655301261093	0.01655511595062409	1.1845610167519174	1.031326886042952	1.360562612492483	0.29207954570029643
LTBR	GCST90243176	Autoimmune hyperthyroidism	AUTOIMMUNE_HYPERTHYROIDISM	rs117966544	0.0009549925860214	-0.2502	-0.14759	0.0626878	0.5898880895283773	0.25055075939248606	0.018554351935925695	1.8037865414996002	1.1038550027263458	2.9475301368921665	0.3055283285449098
TNFSF14	GCST90243143	Sarcoidosis	D3_SARCOIDOSIS	rs2291668	2.8840315031266057e-07	0.1717	0.0506927	0.022065	0.29523995340710546	0.1285090273733256	0.02159449210276332	1.343448685102331	1.0443161400444099	1.7282643639180277	0.33336497183640873
KIAA0319	GCST90240986	Psoriasis	L12_PSORIASIS	rs2799375	0.0021379620895022	0.0784	0.0275744	0.0127821	0.3517142857142857	0.16303698979591835	0.0309848820498142	1.4215023221719278	1.0326845654008308	1.9567144892456794	0.44809645781730867
TNFRSF1A	GCST90243170	Ankylosing spondylitis	M13_ANKYLOSPON	rs4149584	2.6915348039269142e-09	-0.5351	-0.239629	0.11217	0.44782096804335636	0.2096243692767707	0.03265480259397391	1.5648985037315444	1.0376486129485976	2.3600545468107694	0.44809645781730867
TNFSF14	GCST90243143	Autoimmune thyroiditis	E4_THYROIDITAUTOIM	rs2291668	2.8840315031266057e-07	0.1717	-0.123418	0.0614271	-0.7188002329644729	0.3577582993593477	0.044518221869933816	0.48733659573684823	0.24171244583142082	0.9825599038868664	0.5092765140929896
HAVCR1	GCST90241394	Vitiligo	L12_VITILIGO	rs6882177	1.3803842646028867e-57	-0.4282	-0.163419	0.0823409	0.3816417561886969	0.19229542269967304	0.04718189362415037	1.4646872759816425	1.0047539922315087	2.1351582904964626	0.5092765140929896
TNFRSF14	GCST90243162	Rheumatoid arthritis	M13_RHEUMA	rs138251081	0.0003548133892335	-0.386	0.0664118	0.0336639	-0.1720512953367876	0.0872121761658031	0.04851951083914452	0.8419359846709378	0.7096473229321113	0.9988851918090511	0.5092765140929896
LTBR	GCST90243176	Sjogren syndrome	M13_SJOGREN	rs117966544	0.0009549925860214	-0.2502	-0.104117	0.0537549	0.41613509192645887	0.214847721822542	0.05275953773840536	1.516090666645838	0.995045869540193	2.3099748261381796	0.5092765140929896
LTBR	GCST90243176	Psoriasis	L12_PSORIASIS	rs117966544	0.0009549925860214	-0.2502	-0.0535822	0.0277794	0.21415747402078342	0.11102877697841727	0.0537499143022111	1.2388177210416662	0.9965470463462512	1.539986849184484	0.5092765140929896
IL4	GCST90241639	Vitiligo	L12_VITILIGO	rs62384157	0.0011481536214968	-0.1068	-0.172633	0.0895088	1.6164138576779026	0.8380973782771535	0.053771755817607625	5.03500166913992	0.9740847140166354	26.0257054067772	0.5092765140929896
SWAP70	GCST90242931	Coeliac disease	K11_COELIAC	rs10770059	4.1686938347033644e-24	0.2609	0.0450099	0.0234813	0.17251782292065923	0.09000114986584898	0.055258234958840635	1.188292999278101	0.9961231038258895	1.417535891608185	0.5092765140929896
SIGLEC9	GCST90242813	Sjogren syndrome	M13_SJOGREN	rs2569444	0.0	1.0265	0.0480018	0.0251408	0.04676259132976132	0.024491768144179252	0.0562209892279828	1.0478732053624806	0.9987594958293781	1.0994020673663978	0.5092765140929896
IL6ST	GCST90241649	Autoimmune thyroiditis	E4_THYROIDITAUTOIM	rs3842913	1.3489628825916533e-07	-0.3475	-0.207406	0.109246	0.5968517985611511	0.3143769784172662	0.05762727349560515	1.8163914235597731	0.9808584914220011	3.3636633953164496	0.5092765140929896
HAVCR1	GCST90241394	Psoriasis	L12_PSORIASIS	rs6882177	1.3803842646028867e-57	-0.4282	0.0276635	0.0146769	-0.06460415693601121	0.034275805698271836	0.05945243831407332	0.9374384684583205	0.876529659961292	1.0025797440605597	0.5092765140929896
TNFSF14	GCST90243143	Ankylosing spondylitis	M13_ANKYLOSPON	rs2291668	2.8840315031266057e-07	0.1717	0.0495515	0.0263248	0.2885934769947583	0.15331857891671521	0.0597935988206344	1.3345490933310722	0.9881597167378812	1.8023617562455443	0.5092765140929896
CD226	GCST90240639	Autoimmune hyperthyroidism	AUTOIMMUNE_HYPERTHYROIDISM	rs78705411	0.0007244359600749	0.3003	0.342415	0.185077	1.1402430902430902	0.6163070263070263	0.064295990631698	3.1275285444604743	0.9345233354738961	10.466763562896904	0.5156811314289639
TNFSF8	GCST90243150	Vitiligo	L12_VITILIGO	rs7873851	0.0002754228703338	0.1089	-0.144205	0.0783101	-1.324196510560147	0.71910101010101	0.06555402149277567	0.2660166147831887	0.06498268102503797	1.0889799901213917	0.5156811314289639
PLAU	GCST90243298	Coeliac disease	K11_COELIAC	rs142017515	0.0007244359600749	-0.4553	-0.233286	0.127273	0.5123786514386119	0.27953656929497034	0.06680889152116132	1.6692570570743828	0.9651101641870756	2.887151359492379	0.5156811314289639
CD226	GCST90240639	Crohn's disease	CHRONNAS	rs78705411	0.0007244359600749	0.3003	0.32547	0.186541	1.0838161838161837	0.6211821511821513	0.08102597759940755	2.955938458879178	0.8748517526680882	9.987488904301227	0.5712764717125828
PLAU	GCST90243298	Sarcoidosis	D3_SARCOIDOSIS	rs142017515	0.0007244359600749	-0.4553	-0.209149	0.122545	0.4593652536788931	0.26915220733582257	0.08787562912796387	1.5830688189066322	0.9340987925868707	2.6829141684832796	0.5712764717125828
SWAP70	GCST90242931	Sarcoidosis	D3_SARCOIDOSIS	rs10770059	4.1686938347033644e-24	0.2609	-0.0383418	0.0225582	-0.14695975469528555	0.08646301264852434	0.08919047735146046	0.86332872164464	0.7287480191370638	1.0227629606446786	0.5712764717125828
TNFRSF1A	GCST90243170	Coeliac disease	K11_COELIAC	rs4149584	2.6915348039269142e-09	-0.5351	-0.160035	0.0948033	0.29907493926368905	0.1771693141468884	0.09139699605899931	1.3486106835778089	0.9529651769333688	1.9085175616940426	0.5712764717125828
TNFRSF14	GCST90243162	Autoimmune hyperthyroidism	AUTOIMMUNE_HYPERTHYROIDISM	rs138251081	0.0003548133892335	-0.386	-0.141179	0.0837562	0.3657487046632124	0.21698497409326425	0.09187390642821391	1.4415929315516325	0.9421961069852014	2.205687504854306	0.5712764717125828
CD226	GCST90240639	Coeliac disease	K11_COELIAC	rs78705411	0.0007244359600749	0.3003	0.225233	0.133656	0.75002664002664	0.445074925074925	0.0919558949530499	2.1170564143007287	0.8848649777568364	5.065098036418734	0.5712764717125828
CD226	GCST90240639	Multiple sclerosis	G6_MS	rs78705411	0.0007244359600749	0.3003	-0.280211	0.167115	-0.933103563103563	0.5564935064935065	0.09359029742196068	0.3933310862606282	0.13214825590915674	1.1707255790444804	0.5712764717125828
IL6ST	GCST90241649	Sarcoidosis	D3_SARCOIDOSIS	rs3842913	1.3489628825916533e-07	-0.3475	-0.0659608	0.0393982	0.18981525179856115	0.11337611510791368	0.09408963615985777	1.2090262116047148	0.9681173847568172	1.5098834122418183	0.5712764717125828
IFNGR2	GCST90241557	Psoriasis	L12_PSORIASIS	rs11088300	0.0012589254117941	0.0979	0.0237445	0.0142143	0.242538304392237	0.1451920326864147	0.09482726858387003	1.2744800664128164	0.9588332678198618	1.6940374246471992	0.5712764717125828
ERBB3	GCST90242599	Coeliac disease	K11_COELIAC	rs76400083	1.1220184543019653e-13	-0.8972	0.497631	0.301039	-0.5546489077128846	0.33553165403477486	0.09832171485188601	0.5742738489254667	0.29751490642511974	1.108483798416579	0.5776466297652528
IL6ST	GCST90241649	Ankylosing spondylitis	M13_ANKYLOSPON	rs3842913	1.3489628825916533e-07	-0.3475	-0.0774139	0.0472958	0.2227738129496403	0.13610302158273382	0.10167167109549147	1.2495379124752952	0.9569653363428624	1.6315585689654681	0.5776466297652528
IL6ST	GCST90241649	Guillain-Barre	G6_GUILBAR	rs3842913	1.3489628825916533e-07	-0.3475	0.199511	0.122328	-0.5741323741007195	0.35202302158273385	0.10290061420919483	0.5631932979810448	0.28249413309887783	1.122808064759862	0.5776466297652528
IFNGR2	GCST90241558	Sjogren syndrome	M13_SJOGREN	rs191097621	0.0002951209226666	-0.6098	0.234205	0.147495	-0.38406854706461135	0.24187438504427677	0.11231249636346385	0.681084739219779	0.42394890344657415	1.0941800255335061	0.5939206394191032
TNFSF14	GCST90243143	Coeliac disease	K11_COELIAC	rs2291668	2.8840315031266057e-07	0.1717	0.0359169	0.0227636	0.20918404193360515	0.13257775189283633	0.11460659782674565	1.2326718409644661	0.9505938810320896	1.5984532383660826	0.5939206394191032
IL6ST	GCST90241649	Rheumatoid arthritis	M13_RHEUMA	rs3842913	1.3489628825916533e-07	-0.3475	0.0370013	0.0235537	-0.10647856115107915	0.06778043165467626	0.11619806050249526	0.8989943213580694	0.7871564895489492	1.0267218787679175	0.5939206394191032
TNFSF14	GCST90243143	Vitiligo	L12_VITILIGO	rs2291668	2.8840315031266057e-07	0.1717	0.12762	0.0814342	0.7432731508444963	0.4742818870122307	0.11707850526737484	2.1028070672731585	0.83000849135181	5.327412440049009	0.5939206394191032
ERBB3	GCST90242599	Psoriasis	L12_PSORIASIS	rs76400083	1.1220184543019653e-13	-0.8972	-0.279613	0.178783	0.31165069103878734	0.19926772180115915	0.11782231308314195	1.3656775662899763	0.9241193549196393	2.0182189726238318	0.5939206394191032
SIGLEC9	GCST90242813	Ankylosing spondylitis	M13_ANKYLOSPON	rs2569444	0.0	1.0265	-0.0361734	0.0235924	-0.035239551875304434	0.02298334145153434	0.12521058695592724	0.9653741313727678	0.9228515412609394	1.0098560514406887	0.6090233441752501
HAVCR1	GCST90241394	Guillain-Barre	G6_GUILBAR	rs6882177	1.3803842646028867e-57	-0.4282	0.105906	0.06945	-0.24732835123773936	0.16219056515646893	0.1272779536374764	0.7808842471223588	0.5682340649620355	1.0731144875036547	0.6090233441752501
TNFSF14	GCST90243143	Autoimmune hyperthyroidism	AUTOIMMUNE_HYPERTHYROIDISM	rs2291668	2.8840315031266057e-07	0.1717	-0.0494468	0.0326228	-0.28798369248689576	0.1899988351776354	0.12959195495763254	0.7497738190857263	0.5166542401054187	1.0880792920071485	0.6090233441752501
IFNGR2	GCST90241556	Autoimmune hyperthyroidism	AUTOIMMUNE_HYPERTHYROIDISM	rs7279771	0.0005888436553555	0.0966	-0.0496765	0.0329049	-0.5142494824016562	0.3406304347826087	0.13112020487047138	0.5979491976506973	0.30670002247692807	1.1657750791264105	0.6090233441752501
IL4	GCST90241639	Sjogren syndrome	M13_SJOGREN	rs62384157	0.0011481536214968	-0.1068	0.0465679	0.0310079	-0.43602902621722844	0.29033614232209737	0.13314680398973078	0.6465989573412548	0.366012473643429	1.1422840524339706	0.6090233441752501
HAVCR1	GCST90241394	Crohn's disease	CHRONNAS	rs6882177	1.3803842646028867e-57	-0.4282	-0.0475956	0.0320456	0.11115273236805231	0.07483792620270902	0.13747866420668764	1.1175655822581292	0.9650941641349492	1.2941253579824883	0.6174041828918518
HAVCR1	GCST90241394	Coeliac disease	K11_COELIAC	rs6882177	1.3803842646028867e-57	-0.4282	-0.0339669	0.0230927	0.07932484820177486	0.05392970574497898	0.1413199480525842	1.0825559313050142	0.9739674692171688	1.203251013450797	0.6219375235496534
IFNGR2	GCST90241558	Crohn's disease	CHRONNAS	rs191097621	0.0002951209226666	-0.6098	0.243615	0.166541	-0.39949983601180716	0.27310757625450965	0.14352404389607387	0.6706553998421877	0.39266804805789146	1.145442486502424	0.6219375235496534
SIGLEC7	GCST90242811	Psoriasis	L12_PSORIASIS	rs73053086	1.6982436524617462e-19	-0.5973	-0.084021	0.0582679	0.14066800602712204	0.09755215134773144	0.14930872483277913	1.1510424453893797	0.9507214033526126	1.3935719827237045	0.6222259782828201
HAVCR1	GCST90241394	Rheumatoid arthritis	M13_RHEUMA	rs6882177	1.3803842646028867e-57	-0.4282	-0.0192383	0.0133851	0.044928304530593176	0.031258991125642226	0.15063498055552205	1.0459528671386413	0.9837934445150404	1.1120397339248773	0.6222259782828201
IFNGR2	GCST90241557	Vitiligo	L12_VITILIGO	rs11088300	0.0012589254117941	0.0979	0.114053	0.0796308	1.1649948927477018	0.8133891726251277	0.15206586800663824	3.205906509787613	0.6509985360172348	15.787802861090453	0.6222259782828201
IFNGR2	GCST90241556	Systemic lupus erythematosus	SLE_FG	rs7279771	0.0005888436553555	0.0966	-0.0643325	0.0451755	-0.6659679089026915	0.4676552795031056	0.15442988927591106	0.5137759986010139	0.2054459582062808	1.2848428805468666	0.6222259782828201
ERBB3	GCST90242599	Autoimmune thyroiditis	E4_THYROIDITAUTOIM	rs76400083	1.1220184543019653e-13	-0.8972	1.05297	0.742566	-1.1736179224253231	0.827648238965671	0.15618627794953377	0.30924608655390584	0.061065484709089055	1.566075214247365	0.6222259782828201
ERBB3	GCST90242599	Sjogren syndrome	M13_SJOGREN	rs76400083	1.1220184543019653e-13	-0.8972	0.504956	0.362934	-0.5628131966116807	0.4045185020062416	0.16412952481701848	0.5696043986235081	0.25777466670596033	1.258654215626792	0.6434919465048184
TNFSF14	GCST90243143	Psoriasis	L12_PSORIASIS	rs2291668	2.8840315031266057e-07	0.1717	0.0198824	0.0144735	0.11579732090856146	0.08429528246942342	0.16953155271114273	1.1227682874143126	0.9517799339485735	1.3244748941002382	0.6463136967631408
IFNGR2	GCST90241557	Autoimmune thyroiditis	E4_THYROIDITAUTOIM	rs11088300	0.0012589254117941	0.0979	0.0820658	0.0601599	0.838261491317671	0.6145035750766088	0.172527304988201	2.3123434511610057	0.6933880250151855	7.711313208805548	0.6463136967631408
TNFSF14	GCST90243143	Rheumatoid arthritis	M13_RHEUMA	rs2291668	2.8840315031266057e-07	0.1717	0.0179656	0.0131753	0.10463366336633664	0.07673442050087362	0.17269920642253966	1.1103037908907196	0.9552656584332581	1.290504371410347	0.6463136967631408
IL6ST	GCST90241649	Multiple sclerosis	G6_MS	rs3842913	1.3489628825916533e-07	-0.3475	0.0723619	0.0536247	-0.20823568345323745	0.1543156834532374	0.17720415176538395	0.8120156355087172	0.6000787256109612	1.0988048137172315	0.6530644962340657
IFNGR2	GCST90241557	Sarcoidosis	D3_SARCOIDOSIS	rs11088300	0.0012589254117941	0.0979	0.028785	0.0215762	0.2940245148110317	0.22039019407558733	0.1821681762815155	1.3418167976490083	0.8711507278775804	2.0667747392458744	0.6530644962340657
IL6ST	GCST90241649	Systemic lupus erythematosus	SLE_FG	rs3842913	1.3489628825916533e-07	-0.3475	-0.106145	0.0796273	0.30545323741007196	0.229143309352518	0.182524348116329	1.3572400155718485	0.8661755746137674	2.126705617034831	0.6530644962340657
HAVCR1	GCST90241394	Ankylosing spondylitis	M13_ANKYLOSPON	rs6882177	1.3803842646028867e-57	-0.4282	-0.0353552	0.0267777	0.08256702475478749	0.06253549743110697	0.18672736412233792	1.0860714646732235	0.9607869889404369	1.2276927559960598	0.6530644962340657
SWAP70	GCST90242931	Multiple sclerosis	G6_MS	rs10770059	4.1686938347033644e-24	0.2609	-0.0400798	0.0305703	-0.15362131084706782	0.11717247987734764	0.189834150756095	0.8575967221034372	0.6816224468619514	1.0790022264503194	0.6530644962340657
IL4	GCST90241639	Systemic lupus erythematosus	SLE_FG	rs62384157	0.0011481536214968	-0.1068	0.0639703	0.0492326	-0.5989728464419475	0.4609794007490637	0.19382439158307752	0.5493756395282208	0.22257470700519827	1.3560102914119196	0.6530644962340657
TNFRSF14	GCST90243162	Autoimmune thyroiditis	E4_THYROIDITAUTOIM	rs138251081	0.0003548133892335	-0.386	0.204312	0.157775	-0.5293056994818652	0.4087435233160622	0.1953347151400091	0.589013780316076	0.26436012245119384	1.31236598843037	0.6530644962340657
KIAA0319	GCST90240986	Rheumatoid arthritis	M13_RHEUMA	rs2799375	0.0021379620895022	0.0784	0.0146423	0.0116331	0.18676403061224492	0.1483813775510204	0.20814750083622924	1.2053428274805698	0.9011680990185411	1.6121868199075733	0.6530644962340657
CD226	GCST90240639	Guillain-Barre	G6_GUILBAR	rs78705411	0.0007244359600749	0.3003	-0.488506	0.388451	-1.6267266067266066	1.2935431235431234	0.20854574744701093	0.19657197952605146	0.01557526610796222	2.4808913611457974	0.6530644962340657
TNFRSF1A	GCST90243170	Guillain-Barre	G6_GUILBAR	rs4149584	2.6915348039269142e-09	-0.5351	0.359021	0.287081	-0.6709418800224256	0.5364997196785647	0.2110836276095851	0.5112268366066324	0.17862237640022025	1.4631586687730473	0.6530644962340657
ERBB3	GCST90242599	Multiple sclerosis	G6_MS	rs76400083	1.1220184543019653e-13	-0.8972	0.439399	0.353705	-0.4897447614801605	0.39423205528310296	0.21413498971064016	0.6127827799954748	0.28296287043150226	1.3270388969632736	0.6530644962340657
IL6ST	GCST90241649	Crohn's disease	CHRONNAS	rs3842913	1.3489628825916533e-07	-0.3475	0.0698321	0.0564763	-0.20095568345323742	0.16252172661870504	0.2162783235621517	0.817948679411564	0.5948189130196223	1.1247793698332702	0.6530644962340657
SIGLEC7	GCST90242811	Crohn's disease	CHRONNAS	rs73053086	1.6982436524617462e-19	-0.5973	0.157525	0.128218	-0.26372844466767115	0.2146626485853005	0.21923244968955302	0.7681821152851177	0.5043588623074795	1.1700077193927934	0.6530644962340657
ERBB3	GCST90242599	Rheumatoid arthritis	M13_RHEUMA	rs76400083	1.1220184543019653e-13	-0.8972	0.207243	0.168735	-0.2309886312973696	0.18806843513152027	0.21936595348757448	0.7937484898744926	0.5490296870539154	1.1475457157131235	0.6530644962340657
SWAP70	GCST90242931	Sjogren syndrome	M13_SJOGREN	rs10770059	4.1686938347033644e-24	0.2609	0.0353564	0.0288846	0.1355170563434266	0.11071138367190493	0.22093068422319684	1.1451287273767086	0.9217536743004244	1.422635828665008	0.6530644962340657
IFNGR2	GCST90241558	Ankylosing spondylitis	M13_ANKYLOSPON	rs191097621	0.0002951209226666	-0.6098	0.16731	0.136776	-0.27436864545752704	0.22429649065267301	0.2212387144938952	0.7600518339531414	0.48968655945568873	1.1796909250228402	0.6530644962340657
TNFRSF14	GCST90243162	Psoriasis	L12_PSORIASIS	rs138251081	0.0003548133892335	-0.386	-0.044917	0.0368583	0.11636528497409326	0.09548782383419688	0.22298084680059072	1.1234061605828545	0.9316567279979181	1.3546206061835366	0.6530644962340657
IFNGR2	GCST90241557	Sjogren syndrome	M13_SJOGREN	rs11088300	0.0012589254117941	0.0979	0.0335848	0.0275936	0.3430520939734423	0.2818549540347293	0.22355749285140947	1.409242173038632	0.8110840311970468	2.4485299005821144	0.6530644962340657
CD226	GCST90240640	Sjogren syndrome	M13_SJOGREN	rs17777386	0.0002511886431509	-0.1668	-0.0590053	0.0486031	0.3537488009592326	0.2913854916067146	0.2247387942505894	1.4243973342916612	0.8046348052356265	2.5215262287132263	0.6530644962340657
ERBB3	GCST90242599	Crohn's disease	CHRONNAS	rs76400083	1.1220184543019653e-13	-0.8972	0.458328	0.384526	-0.5108426214890771	0.4285844850646455	0.2332887704954576	0.5999898014528244	0.25901528276318136	1.3898321288498556	0.6700270501439305
TNFSF8	GCST90243150	Sarcoidosis	D3_SARCOIDOSIS	rs7873851	0.0002754228703338	0.1089	0.0251265	0.0212596	0.23073002754820937	0.19522130394857667	0.2372495117187874	1.2595191580698137	0.859070981077611	1.8466326351228168	0.6735704528108102
SIGLEC9	GCST90242813	Sarcoidosis	D3_SARCOIDOSIS	rs2569444	0.0	1.0265	-0.0229708	0.0196803	-0.022377788602045787	0.019172235752557235	0.24313055789874727	0.977870736840846	0.9418065648356596	1.0153158978420547	0.681792320226866
IFNGR2	GCST90241558	Sarcoidosis	D3_SARCOIDOSIS	rs191097621	0.0002951209226666	-0.6098	0.133914	0.115631	-0.21960314857330274	0.18962118727451624	0.246817093811722	0.8028373418955278	0.5536288981468191	1.1642235434230281	0.681792320226866
TNFRSF14	GCST90243162	Multiple sclerosis	G6_MS	rs138251081	0.0003548133892335	-0.386	-0.0877469	0.0763842	0.2273235751295337	0.19788652849740931	0.2506561107651226	1.2552359653753127	0.8516888480066545	1.8499917340227783	0.681792320226866
LTBR	GCST90243176	Ankylosing spondylitis	M13_ANKYLOSPON	rs117966544	0.0009549925860214	-0.2502	-0.0573406	0.0504243	0.22917905675459635	0.20153597122302158	0.25547055133135776	1.2575671947519884	0.8471890185397373	1.8667324702134425	0.681792320226866
CD226	GCST90240639	Sjogren syndrome	M13_SJOGREN	rs78705411	0.0007244359600749	0.3003	0.189221	0.166442	0.6301065601065601	0.5542524142524142	0.2555974493896249	1.8778106683083136	0.6336692351342923	5.564690078831458	0.681792320226866
SIGLEC9	GCST90242813	Vitiligo	L12_VITILIGO	rs2569444	0.0	1.0265	-0.0823474	0.072676	-0.08022152946906966	0.07079980516317584	0.25718252029009503	0.9229118715619671	0.8033304361784678	1.060293852081542	0.681792320226866
IFNGR2	GCST90241558	Guillain-Barre	G6_GUILBAR	rs191097621	0.0002951209226666	-0.6098	-0.404804	0.35898	0.6638307641849787	0.5886848146933421	0.2594675226774308	1.9422182820279719	0.6126316183084443	6.157390089429688	0.681792320226866
IL4	GCST90241639	Guillain-Barre	G6_GUILBAR	rs62384157	0.0011481536214968	-0.1068	0.0844338	0.0753284	-0.7905786516853932	0.7053220973782771	0.26234062362916744	0.45358225319419543	0.11383446325914724	1.8073336889581295	0.6820856214358353
IL6ST	GCST90241649	Coeliac disease	K11_COELIAC	rs3842913	1.3489628825916533e-07	-0.3475	0.0449431	0.0406415	-0.1293326618705036	0.11695395683453237	0.26879467440756066	0.8786816130520405	0.6986800147811051	1.1050571946839318	0.6852811785956242
KIAA0319	GCST90240986	Sjogren syndrome	M13_SJOGREN	rs2799375	0.0021379620895022	0.0784	0.0274973	0.0248823	0.35073086734693876	0.3173762755102041	0.26911851952945565	1.42010507782956	0.7623674416325011	2.645310282085013	0.6852811785956242
HAVCR1	GCST90241394	Systemic lupus erythematosus	SLE_FG	rs6882177	1.3803842646028867e-57	-0.4282	-0.0487849	0.0452307	0.11393017281644091	0.10562984586641755	0.2807752811172599	1.1206738686520425	0.9110984449181597	1.378456880136974	0.707668310571053
SWAP70	GCST90242931	Guillain-Barre	G6_GUILBAR	rs10770059	4.1686938347033644e-24	0.2609	-0.0745333	0.0702349	-0.28567765427366804	0.26920237638942124	0.28859886336724805	0.7515048212753185	0.44338610840826104	1.273741972718796	0.7155888252109007
TNFSF8	GCST90243150	Crohn's disease	CHRONNAS	rs7873851	0.0002754228703338	0.1089	-0.0319335	0.0304609	-0.29323691460055096	0.27971441689623505	0.2944801708255578	0.745845418094665	0.4310732836260453	1.2904659342688038	0.7155888252109007
SIGLEC9	GCST90242813	Autoimmune hyperthyroidism	AUTOIMMUNE_HYPERTHYROIDISM	rs2569444	0.0	1.0265	0.0304506	0.0291202	0.029664490988796886	0.028368436434486118	0.29570579798559216	1.0301088651624801	0.9743958467299051	1.0890073861126255	0.7155888252109007
PLAU	GCST90243298	Ankylosing spondylitis	M13_ANKYLOSPON	rs142017515	0.0007244359600749	-0.4553	0.157718	0.150871	-0.34640456841642875	0.331366132220514	0.2958459249849179	0.7072263077934485	0.3693974229446939	1.3540133725027064	0.7155888252109007
IL6ST	GCST90241649	Sjogren syndrome	M13_SJOGREN	rs3842913	1.3489628825916533e-07	-0.3475	0.0517698	0.0497852	-0.1489778417266187	0.14326676258992807	0.29840343723369545	0.8615882059944552	0.6506517693517079	1.140908657557922	0.7155888252109007
ERBB3	GCST90242599	Vitiligo	L12_VITILIGO	rs76400083	1.1220184543019653e-13	-0.8972	1.04677	1.02551	-1.1667075345519393	1.143011591618368	0.307381832748431	0.311390497783416	0.03314013298643992	2.9258796924405455	0.7283375501539929
IL4	GCST90241639	Crohn's disease	CHRONNAS	rs62384157	0.0011481536214968	-0.1068	0.0353222	0.0349037	-0.3307322097378277	0.326813670411985	0.3115427712716501	0.7183975231452098	0.37859547063145405	1.3631832425263424	0.7283375501539929
PLAU	GCST90243298	Systemic lupus erythematosus	SLE_FG	rs142017515	0.0007244359600749	-0.4553	-0.247018	0.247548	0.5425389852844278	0.5437030529321326	0.3183477351444184	1.720369314113022	0.5926691280839166	4.99379913124587	0.7283375501539929
SIGLEC7	GCST90242811	Autoimmune thyroiditis	E4_THYROIDITAUTOIM	rs73053086	1.6982436524617462e-19	-0.5973	-0.244303	0.247472	0.4090122216641553	0.4143177632680395	0.3235472922220519	1.5053301180122804	0.6682782873685317	3.390831046026845	0.7283375501539929
CD226	GCST90240640	Guillain-Barre	G6_GUILBAR	rs17777386	0.0002511886431509	-0.1668	0.116929	0.118509	-0.7010131894484413	0.7104856115107914	0.32380557969332546	0.49608242360082794	0.12324697770668754	1.9967854432207937	0.7283375501539929
CD226	GCST90240640	Autoimmune thyroiditis	E4_THYROIDITAUTOIM	rs17777386	0.0002511886431509	-0.1668	0.103565	0.10509	-0.6208932853717026	0.6300359712230216	0.324384114247813	0.5374641142626253	0.15633349126684037	1.847765771616076	0.7283375501539929
SWAP70	GCST90242931	Crohn's disease	CHRONNAS	rs10770059	4.1686938347033644e-24	0.2609	0.0317721	0.0324168	0.12177884246837867	0.12424990417784591	0.3270307553878069	1.1295042757782991	0.885368824697495	1.44095869813053	0.7283375501539929
SIGLEC9	GCST90242813	Psoriasis	L12_PSORIASIS	rs2569444	0.0	1.0265	-0.0126822	0.012947	-0.012354797856794934	0.012612761811982466	0.3273095873161669	0.9877212093184773	0.963603080858779	1.0124429930922287	0.7283375501539929
IFNGR2	GCST90241556	Sjogren syndrome	M13_SJOGREN	rs7279771	0.0005888436553555	0.0966	-0.0271944	0.0284321	-0.28151552795031054	0.2943281573498964	0.33883573424540603	0.7546391975843408	0.42384022764548723	1.343620263924236	0.7472538067733507
KIAA0319	GCST90240986	Guillain-Barre	G6_GUILBAR	rs2799375	0.0021379620895022	0.0784	-0.0570018	0.0606099	-0.7270637755102041	0.7730854591836736	0.3469764687664503	0.4833260624719765	0.10621273357665555	2.1993980834328957	0.7584352901355152
TNFSF8	GCST90243150	Psoriasis	L12_PSORIASIS	rs7873851	0.0002754228703338	0.1089	-0.0130004	0.0139387	-0.11937924701561066	0.12799540863177228	0.35098323988153224	0.8874711661409477	0.6905614974247288	1.1405285027745447	0.7592247709583837
IL4	GCST90241639	Coeliac disease	K11_COELIAC	rs62384157	0.0011481536214968	-0.1068	-0.0232075	0.0250657	0.21729868913857675	0.23469756554307114	0.35451519534290354	1.2427152322509551	0.7845001313905869	1.9685670998309226	0.7592247709583837
IL4	GCST90241639	Autoimmune hyperthyroidism	AUTOIMMUNE_HYPERTHYROIDISM	rs62384157	0.0011481536214968	-0.1068	0.0330151	0.0358104	-0.30913014981273407	0.33530337078651684	0.3565590017456377	0.7340852227543961	0.3804788239097588	1.4163235386634347	0.7592247709583837
IFNGR2	GCST90241558	Autoimmune hyperthyroidism	AUTOIMMUNE_HYPERTHYROIDISM	rs191097621	0.0002951209226666	-0.6098	0.157956	0.172988	-0.25902918989832735	0.2836798950475566	0.3611879524456256	0.7718004939369469	0.442620832421315	1.3457929650141556	0.7625078996074319
IFNGR2	GCST90241556	Autoimmune thyroiditis	E4_THYROIDITAUTOIM	rs7279771	0.0005888436553555	0.0966	-0.0532928	0.0619131	-0.5516853002070393	0.6409223602484472	0.38936596847691307	0.5759782956225569	0.16399929887918535	2.022880581170406	0.8148350283974655
TNFRSF14	GCST90243162	Sjogren syndrome	M13_SJOGREN	rs138251081	0.0003548133892335	-0.386	-0.061173	0.0719647	0.15847927461139896	0.18643704663212438	0.39530187125919647	1.1717276394628828	0.8130705980068788	1.688593419128463	0.8148350283974655
CD226	GCST90240640	Multiple sclerosis	G6_MS	rs17777386	0.0002511886431509	-0.1668	0.0439602	0.0517777	-0.2635503597122302	0.31041786570743407	0.39587126885706825	0.7683189291447723	0.4181272878193616	1.4118044769591689	0.8148350283974655
LTBR	GCST90243176	Sarcoidosis	D3_SARCOIDOSIS	rs117966544	0.0009549925860214	-0.2502	-0.0355221	0.0421533	0.1419748201438849	0.16847841726618706	0.3994026957255419	1.1525476271882114	0.8284134796380268	1.603506057769126	0.8153096350761061
IL4	GCST90241639	Rheumatoid arthritis	M13_RHEUMA	rs62384157	0.0011481536214968	-0.1068	-0.0119975	0.0145424	0.11233614232209736	0.13616479400749062	0.40937080989795893	1.118888903353712	0.8568033465953764	1.4611431935025871	0.8288081151212775
CD226	GCST90240639	Autoimmune thyroiditis	E4_THYROIDITAUTOIM	rs78705411	0.0007244359600749	0.3003	-0.295686	0.362975	-0.9846353646353646	1.2087079587079586	0.41529095423226003	0.3735754209144055	0.03495467825172449	3.9925584239783443	0.8339582576859206
PLAU	GCST90243298	Psoriasis	L12_PSORIASIS	rs142017515	0.0007244359600749	-0.4553	-0.0648512	0.0813296	0.14243619591478146	0.1786285965297606	0.4252260624909934	1.153079507427093	0.8124703536303189	1.6364810660565756	0.8431827570813127
PLAU	GCST90243298	Guillain-Barre	G6_GUILBAR	rs142017515	0.0007244359600749	-0.4553	0.305645	0.385368	-0.6713046343070503	0.8464045684164287	0.427704991022424	0.5110414205135125	0.09727068806099304	2.684912985469043	0.8431827570813127
IL4	GCST90241639	Ankylosing spondylitis	M13_ANKYLOSPON	rs62384157	0.0011481536214968	-0.1068	-0.0229422	0.0290815	0.21481460674157302	0.27229868913857674	0.4301743821093029	1.239632056235103	0.7269549110252084	2.1138692531542485	0.8431827570813127
IFNGR2	GCST90241558	Systemic lupus erythematosus	SLE_FG	rs191097621	0.0002951209226666	-0.6098	-0.184344	0.235388	0.3023023942276156	0.3860085273860282	0.4335393123454523	1.3529702952638034	0.6349085415936463	2.88313749138029	0.8431827570813127
LTBR	GCST90243176	Rheumatoid arthritis	M13_RHEUMA	rs117966544	0.0009549925860214	-0.2502	-0.0195801	0.0252471	0.07825779376498801	0.10090767386091129	0.4380214795609565	1.081401401278185	0.8873451541941406	1.3178964072311428	0.8452445738402832
TNFRSF14	GCST90243162	Coeliac disease	K11_COELIAC	rs138251081	0.0003548133892335	-0.386	-0.0446028	0.0585751	0.11555129533678755	0.15174896373056995	0.44638027869337726	1.1224920916814316	0.8337041518283677	1.5113136873843298	0.8542473906475625
IFNGR2	GCST90241556	Multiple sclerosis	G6_MS	rs7279771	0.0005888436553555	0.0966	0.0227366	0.0301892	0.2353685300207039	0.31251759834368525	0.45136766249022164	1.2653750114945719	0.6858022468356295	2.3347458062479216	0.8542473906475625
HAVCR1	GCST90241394	Autoimmune thyroiditis	E4_THYROIDITAUTOIM	rs6882177	1.3803842646028867e-57	-0.4282	0.0465517	0.0622079	-0.10871485287248948	0.14527767398411956	0.4542644080826481	0.8969861540604767	0.6747189171444435	1.1924731026979047	0.8542473906475625
KIAA0319	GCST90240986	Autoimmune hyperthyroidism	AUTOIMMUNE_HYPERTHYROIDISM	rs2799375	0.0021379620895022	0.0784	-0.0213901	0.0287899	-0.2728329081632653	0.367218112244898	0.45749841358512233	0.7612199706460708	0.37061910750475546	1.5634807595638331	0.8542473906475625
IFNGR2	GCST90241557	Ankylosing spondylitis	M13_ANKYLOSPON	rs11088300	0.0012589254117941	0.0979	0.0190997	0.0258495	0.19509397344228804	0.26403983656792646	0.4599793641948413	1.2154251988129603	0.7243909064770041	2.0393110966757004	0.8542473906475625
SIGLEC9	GCST90242813	Rheumatoid arthritis	M13_RHEUMA	rs2569444	0.0	1.0265	-0.00855703	0.0118228	-0.00833612274719922	0.011517584023380418	0.4692047664288279	0.9916985263773975	0.9695622602510381	1.014340189937327	0.8648774425964216
KIAA0319	GCST90240986	Crohn's disease	CHRONNAS	rs2799375	0.0021379620895022	0.0784	0.019859	0.0279986	0.25330357142857146	0.35712499999999997	0.47814734685960225	1.2882743007496538	0.6397604762292518	2.5941750633830805	0.874832553143124
SIGLEC9	GCST90242813	Crohn's disease	CHRONNAS	rs2569444	0.0	1.0265	0.0198059	0.0282872	0.019294593278129567	0.02755694106186069	0.4838200147280429	1.0194819369095682	0.9658787104403487	1.0760599736286176	0.8787025267487251
HAVCR1	GCST90241394	Sjogren syndrome	M13_SJOGREN	rs6882177	1.3803842646028867e-57	-0.4282	-0.0196695	0.0284733	0.045935310602522185	0.06649532928538066	0.48968804899941865	1.0470066785349863	0.9190676609520574	1.192755475436153	0.882868234327419
TNFRSF14	GCST90243162	Sarcoidosis	D3_SARCOIDOSIS	rs138251081	0.0003548133892335	-0.386	0.0385776	0.0564111	-0.09994196891191709	0.14614274611398964	0.4940601583580977	0.9048899282594643	0.6795110719281647	1.2050219872679007	0.8838427552729337
TNFSF14	GCST90243143	Systemic lupus erythematosus	SLE_FG	rs2291668	2.8840315031266057e-07	0.1717	-0.0302345	0.044844	-0.1760891089108911	0.26117647058823534	0.5001745985250088	0.8385432583313065	0.5025827423234829	1.3990826522258597	0.8838427552729337
PLAU	GCST90243298	Vitiligo	L12_VITILIGO	rs142017515	0.0007244359600749	-0.4553	-0.304067	0.453458	0.6678387876125631	0.9959543158357128	0.5025062067052053	1.950018359408397	0.27686322385886875	13.734477078718768	0.8838427552729337
SIGLEC9	GCST90242813	Coeliac disease	K11_COELIAC	rs2569444	0.0	1.0265	-0.0135918	0.0203665	-0.01324091573307355	0.01984072089624939	0.5045418157630917	0.9868463595653679	0.949206668847108	1.0259786086103484	0.8838427552729337
CD226	GCST90240640	Systemic lupus erythematosus	SLE_FG	rs17777386	0.0002511886431509	-0.1668	-0.0505078	0.0772954	0.30280455635491604	0.4634016786570743	0.5134735438619353	1.3536498763211016	0.5458217979925325	3.3570810004352416	0.8895371467151523
CD226	GCST90240639	Vitiligo	L12_VITILIGO	rs78705411	0.0007244359600749	0.3003	0.311828	0.47894	1.0383882783882783	1.5948717948717948	0.5149951902035093	2.8246607768248144	0.12398924641958116	64.35000400867436	0.8895371467151523
SIGLEC7	GCST90242811	Systemic lupus erythematosus	SLE_FG	rs73053086	1.6982436524617462e-19	-0.5973	0.114019	0.176739	-0.19089067470282936	0.29589653440482167	0.518845257844573	0.8262229102790526	0.4626206541857154	1.4756027239457088	0.8895776038404954
IL4	GCST90241639	Sarcoidosis	D3_SARCOIDOSIS	rs62384157	0.0011481536214968	-0.1068	-0.0153464	0.0242947	0.14369288389513107	0.22747846441947564	0.5275980465460455	1.1545294794748622	0.7392161533875033	1.8031780188625808	0.8895776038404954
KIAA0319	GCST90240986	Systemic lupus erythematosus	SLE_FG	rs2799375	0.0021379620895022	0.0784	-0.0246248	0.039562	-0.3140918367346939	0.5046173469387756	0.5336554313127775	0.7304519427577463	0.2716768863271762	1.9639508089621134	0.8895776038404954
TNFSF8	GCST90243150	Sjogren syndrome	M13_SJOGREN	rs7873851	0.0002754228703338	0.1089	-0.0166698	0.0270569	-0.15307438016528924	0.24845638200183653	0.537827451057755	0.8580658963545493	0.5272666459324543	1.3964036757619165	0.8895776038404954
TNFRSF14	GCST90243162	Guillain-Barre	G6_GUILBAR	rs138251081	0.0003548133892335	-0.386	0.107741	0.175781	-0.2791217616580311	0.45539119170984454	0.5399243122872373	0.7564477912700306	0.3098433296720296	1.846782570801178	0.8895776038404954
SIGLEC9	GCST90242813	Guillain-Barre	G6_GUILBAR	rs2569444	0.0	1.0265	0.0374944	0.0613455	0.036526449098879685	0.059761811982464684	0.541066855363284	1.0372017367062554	0.922556459355607	1.166093881536416	0.8895776038404954
IFNGR2	GCST90241558	Multiple sclerosis	G6_MS	rs191097621	0.0002951209226666	-0.6098	0.0967714	0.158403	-0.15869367005575596	0.2597622171203673	0.5412532155247722	0.8532576973220528	0.5128214138284733	1.4196924668259796	0.8895776038404954
TNFSF14	GCST90243143	Sjogren syndrome	M13_SJOGREN	rs2291668	2.8840315031266057e-07	0.1717	0.0167163	0.0280573	0.09735760046592895	0.16340885264997088	0.5513145431203696	1.1022544698643066	0.8001758597952917	1.5183723696021858	0.8895776038404954
IL6ST	GCST90241649	Vitiligo	L12_VITILIGO	rs3842913	1.3489628825916533e-07	-0.3475	0.0859364	0.144624	-0.2472989928057554	0.4161841726618705	0.5523745646922862	0.7809071729959475	0.3454111020412941	1.7654789010331773	0.8895776038404954
IFNGR2	GCST90241558	Psoriasis	L12_PSORIASIS	rs191097621	0.0002951209226666	-0.6098	0.0450127	0.0759727	-0.07381551328304363	0.12458625778943916	0.5535257315628399	0.9288430372380186	0.7275994570562244	1.1857477070091869	0.8895776038404954
CD226	GCST90240639	Sarcoidosis	D3_SARCOIDOSIS	rs78705411	0.0007244359600749	0.3003	0.0718121	0.125964	0.23913453213453215	0.4194605394605394	0.5686097480969918	1.2701494010002927	0.5582166528457915	2.890059787068148	0.8895776038404954
TNFRSF14	GCST90243162	Ankylosing spondylitis	M13_ANKYLOSPON	rs138251081	0.0003548133892335	-0.386	-0.0381285	0.0669901	0.09877849740932643	0.17354948186528496	0.5692433627711042	1.1038217730958766	0.7855442517918196	1.5510552129702604	0.8895776038404954
TNFRSF14	GCST90243162	Systemic lupus erythematosus	SLE_FG	rs138251081	0.0003548133892335	-0.386	-0.0633212	0.113822	0.16404455958549222	0.2948756476683938	0.5779936487100628	1.1782668170039468	0.661059313719023	2.100133321232807	0.8895776038404954
PLAU	GCST90243298	Multiple sclerosis	G6_MS	rs142017515	0.0007244359600749	-0.4553	-0.0928332	0.169115	0.2038945750054909	0.3714364155501867	0.5830498245875315	1.2261688777946786	0.5920756888562554	2.5393545878849286	0.8895776038404954
TNFRSF1A	GCST90243170	Multiple sclerosis	G6_MS	rs4149584	2.6915348039269142e-09	-0.5351	0.0683579	0.124587	-0.12774789758923566	0.23282937768641376	0.583227801800748	0.880075220264811	0.5576111195923176	1.3890189167863696	0.8895776038404954
CD226	GCST90240639	Ankylosing spondylitis	M13_ANKYLOSPON	rs78705411	0.0007244359600749	0.3003	0.0845962	0.156671	0.2817056277056277	0.5217149517149517	0.5892240598318881	1.3253885049002325	0.47670583442214837	3.684986761387239	0.8895776038404954
LTBR	GCST90243176	Guillain-Barre	G6_GUILBAR	rs117966544	0.0009549925860214	-0.2502	0.0688062	0.131577	-0.27500479616306955	0.5258872901678657	0.6010195850413234	0.7595684802019387	0.2709708889036886	2.12917438640926	0.8895776038404954
SIGLEC9	GCST90242813	Multiple sclerosis	G6_MS	rs2569444	0.0	1.0265	0.0138698	0.0267164	0.013511738918655626	0.02602669264490989	0.6036566407046209	1.0136034349886403	0.9631938603537311	1.0666512378343682	0.8895776038404954
IFNGR2	GCST90241558	Coeliac disease	K11_COELIAC	rs191097621	0.0002951209226666	-0.6098	-0.0602496	0.117744	0.09880223023942276	0.19308625778943916	0.6088610146626365	1.1038479702213388	0.7560507049380075	1.6116383906575142	0.8895776038404954
TNFRSF1A	GCST90243170	Autoimmune hyperthyroidism	AUTOIMMUNE_HYPERTHYROIDISM	rs4149584	2.6915348039269142e-09	-0.5351	-0.0693363	0.136198	0.12957634087086525	0.254528125584003	0.6106929481905099	1.138346010471555	0.6912188535793604	1.8747052874010302	0.8895776038404954
KIAA0319	GCST90240986	Vitiligo	L12_VITILIGO	rs2799375	0.0021379620895022	0.0784	-0.0366471	0.0721067	-0.46743750000000006	0.9197283163265306	0.6112890215257694	0.626605890358457	0.10330133287367993	3.8008700460045457	0.8895776038404954
PLAU	GCST90243298	Autoimmune thyroiditis	E4_THYROIDITAUTOIM	rs142017515	0.0007244359600749	-0.4553	-0.177697	0.351194	0.3902855260267955	0.7713463650340435	0.6128709700042809	1.477402570551616	0.32577336152241876	6.700113064101204	0.8895776038404954
TNFRSF1A	GCST90243170	Psoriasis	L12_PSORIASIS	rs4149584	2.6915348039269142e-09	-0.5351	-0.030809	0.0609963	0.057576153989908424	0.11399046907120165	0.613491262673997	1.0592659349105582	0.8471773964169856	1.3244502575345651	0.8895776038404954
TNFSF8	GCST90243150	Coeliac disease	K11_COELIAC	rs7873851	0.0002754228703338	0.1089	0.0110456	0.0219675	0.10142883379247015	0.20172176308539946	0.615093978852769	1.1067511523070384	0.7453168702349863	1.6434595298329508	0.8895776038404954
SIGLEC7	GCST90242811	Autoimmune hyperthyroidism	AUTOIMMUNE_HYPERTHYROIDISM	rs73053086	1.6982436524617462e-19	-0.5973	0.0643325	0.130671	-0.10770550811987276	0.21876946258161728	0.6224901509192124	0.8978919793963694	0.5847951554004481	1.3786195032896	0.8895776038404954
ERBB3	GCST90242599	Ankylosing spondylitis	M13_ANKYLOSPON	rs76400083	1.1220184543019653e-13	-0.8972	-0.164501	0.335767	0.18334930896121268	0.3742387427552385	0.6241862286963871	1.2012339365825935	0.5768582979141313	2.501416683465144	0.8895776038404954
ERBB3	GCST90242599	Guillain-Barre	G6_GUILBAR	rs76400083	1.1220184543019653e-13	-0.8972	-0.419432	0.856154	0.4674899687917967	0.9542510031208203	0.6242028814842988	1.5959831938321174	0.24589713096249874	10.358650160025775	0.8895776038404954
IFNGR2	GCST90241556	Psoriasis	L12_PSORIASIS	rs7279771	0.0005888436553555	0.0966	0.00711499	0.0146599	0.07365414078674948	0.15175879917184265	0.6274374047948357	1.0764344463372828	0.7994805253110856	1.4493300093965227	0.8895776038404954
CD226	GCST90240640	Psoriasis	L12_PSORIASIS	rs17777386	0.0002511886431509	-0.1668	0.0121529	0.0250462	-0.07285911270983213	0.15015707434052758	0.6275207825331659	0.9297318081940358	0.6926939704442451	1.2478832963038287	0.8895776038404954
SWAP70	GCST90242931	Autoimmune thyroiditis	E4_THYROIDITAUTOIM	rs10770059	4.1686938347033644e-24	0.2609	-0.0301918	0.0628579	-0.1157217324645458	0.24092717516289763	0.6310010745803543	0.8907230481224451	0.5554709337333631	1.428315147156523	0.8895776038404954
TNFRSF1A	GCST90243170	Sjogren syndrome	M13_SJOGREN	rs4149584	2.6915348039269142e-09	-0.5351	-0.0569385	0.119093	0.10640721360493366	0.22256213791814614	0.6325782151477803	1.1122747176961962	0.7190570509922156	1.7205241863896918	0.8895776038404954
IL4	GCST90241639	Multiple sclerosis	G6_MS	rs62384157	0.0011481536214968	-0.1068	0.0156109	0.0329512	-0.1461694756554307	0.3085318352059925	0.6356723713891832	0.8640112619009668	0.47194544974055563	1.5817833631028455	0.8895776038404954
LTBR	GCST90243176	Coeliac disease	K11_COELIAC	rs117966544	0.0009549925860214	-0.2502	0.0207037	0.0437269	-0.08274860111910472	0.1747677857713829	0.6358726034344775	0.9205825515547431	0.6535779571923106	1.2966658757398681	0.8895776038404954
LTBR	GCST90243176	Crohn's disease	CHRONNAS	rs117966544	0.0009549925860214	-0.2502	-0.028665	0.0608291	0.11456834532374102	0.2431219024780176	0.6374705906063469	1.1213892801583631	0.6963167765064736	1.8059509121167938	0.8895776038404954
KIAA0319	GCST90240986	Multiple sclerosis	G6_MS	rs2799375	0.0021379620895022	0.0784	0.0122369	0.0264187	0.1560829081632653	0.3369732142857143	0.6432275772078142	1.1689231123407722	0.603877091990172	2.262681033422402	0.8925686043276972
CD226	GCST90240640	Rheumatoid arthritis	M13_RHEUMA	rs17777386	0.0002511886431509	-0.1668	-0.0104441	0.0228463	0.06261450839328536	0.13696822541966427	0.6475659407961714	1.064616359447195	0.8139606843834655	1.392460366388702	0.8935686445623148
CD226	GCST90240640	Vitiligo	L12_VITILIGO	rs17777386	0.0002511886431509	-0.1668	0.0592301	0.139622	-0.35509652278177456	0.837062350119904	0.6714071773060928	0.7011057672635153	0.13591321403742365	3.6166409599791702	0.9190005655795809
TNFSF8	GCST90243150	Autoimmune hyperthyroidism	AUTOIMMUNE_HYPERTHYROIDISM	rs7873851	0.0002754228703338	0.1089	-0.0132411	0.0314191	-0.12158953168044077	0.2885133149678604	0.673437661416616	0.8855117684429861	0.5030450103858018	1.558769247009624	0.9190005655795809
SIGLEC7	GCST90242811	Guillain-Barre	G6_GUILBAR	rs73053086	1.6982436524617462e-19	-0.5973	-0.114022	0.276821	0.19089569730453707	0.4634538757743177	0.6804142298296247	1.2103332044817958	0.4879833955534355	3.0019596552251158	0.9234193119116336
IFNGR2	GCST90241557	Coeliac disease	K11_COELIAC	rs11088300	0.0012589254117941	0.0979	0.00910722	0.0224067	0.09302574055158323	0.2288733401430031	0.6844114376482575	1.0974899849020683	0.7007766870362374	1.7187847273493244	0.9237684431645881
CD226	GCST90240640	Ankylosing spondylitis	M13_ANKYLOSPON	rs17777386	0.0002511886431509	-0.1668	-0.0180365	0.0455574	0.10813249400479616	0.2731258992805755	0.6921735326097642	1.1141953598125853	0.6523368113680414	1.9030526534666063	0.9262659048215677
TNFRSF1A	GCST90243170	Systemic lupus erythematosus	SLE_FG	rs4149584	2.6915348039269142e-09	-0.5351	-0.0734676	0.186582	0.13729695384040363	0.34868622687348155	0.6937619125181782	1.1471687541129507	0.5791880611192107	2.2721396360796122	0.9262659048215677
TNFSF8	GCST90243150	Ankylosing spondylitis	M13_ANKYLOSPON	rs7873851	0.0002754228703338	0.1089	-0.00890782	0.0254019	-0.08179816345270892	0.2332589531680441	0.7258319255619872	0.9214579238142554	0.5833396269918081	1.4555580764136942	0.9638735785688755
KIAA0319	GCST90240986	Autoimmune thyroiditis	E4_THYROIDITAUTOIM	rs2799375	0.0021379620895022	0.0784	-0.0183366	0.054297	-0.23388520408163269	0.6925637755102041	0.7355822915665877	0.7914526662165237	0.2036586025218462	3.075722385918126	0.9715980000906265
KIAA0319	GCST90240986	Sarcoidosis	D3_SARCOIDOSIS	rs2799375	0.0021379620895022	0.0784	0.00647185	0.019473	0.08254910714285715	0.24838010204081634	0.7396250490049558	1.0860520050405265	0.6674599484319107	1.7671606519965928	0.9717414207671495
TNFSF14	GCST90243143	Guillain-Barre	G6_GUILBAR	rs2291668	2.8840315031266057e-07	0.1717	-0.0224399	0.0686196	-0.1306924868957484	0.39964822364589403	0.743653657662142	0.8774875718329496	0.4009161381902847	1.9205623455243206	0.9718648330293601
PLAU	GCST90243298	Rheumatoid arthritis	M13_RHEUMA	rs142017515	0.0007244359600749	-0.4553	-0.0228817	0.0741125	0.05025631451790029	0.1627772896990995	0.7575171914271048	1.0515405869559729	0.7643059030487246	1.4467212690691738	0.9734108961193622
LTBR	GCST90243176	Systemic lupus erythematosus	SLE_FG	rs117966544	0.0009549925860214	-0.2502	-0.0264766	0.0863448	0.10582174260591527	0.3451031175059952	0.759118897932614	1.1116237036995473	0.5651973212216914	2.1863289372208623	0.9734108961193622
IFNGR2	GCST90241556	Rheumatoid arthritis	M13_RHEUMA	rs7279771	0.0005888436553555	0.0966	0.00403875	0.0134239	0.04180900621118012	0.13896376811594202	0.763519239676554	1.0426953114033959	0.7940888046863106	1.36913340926914	0.9734108961193622
CD226	GCST90240639	Systemic lupus erythematosus	SLE_FG	rs78705411	0.0007244359600749	0.3003	0.0757032	0.251689	0.25209190809190807	0.8381252081252081	0.7635817070934752	1.2867142913058514	0.24891756543680732	6.651333201597761	0.9734108961193622
SIGLEC7	GCST90242811	Ankylosing spondylitis	M13_ANKYLOSPON	rs73053086	1.6982436524617462e-19	-0.5973	0.0320585	0.107032	-0.053672358948602034	0.179193035325632	0.76454135160792	0.9477425750116378	0.6670497099470325	1.3465503021671554	0.9734108961193622
SIGLEC9	GCST90242813	Autoimmune thyroiditis	E4_THYROIDITAUTOIM	rs2569444	0.0	1.0265	0.0157972	0.0548274	0.015389381393083294	0.05341198246468583	0.7732502833688455	1.0155084077195853	0.9145728948774844	1.1275835222377917	0.9794503589338709
LTBR	GCST90243176	Vitiligo	L12_VITILIGO	rs117966544	0.0009549925860214	-0.2502	0.0433163	0.156477	-0.17312669864108715	0.6254076738609113	0.7819166701851499	0.84103105060277	0.24686201568378982	2.8652979524563045	0.9846039509119304
SWAP70	GCST90242931	Vitiligo	L12_VITILIGO	rs10770059	4.1686938347033644e-24	0.2609	0.0227606	0.0835466	0.0872387888079724	0.3202246071291682	0.7852914102414992	1.0911572047400404	0.5825143601866571	2.0439393890213844	0.9846039509119304
IFNGR2	GCST90241556	Coeliac disease	K11_COELIAC	rs7279771	0.0005888436553555	0.0966	0.0060684	0.023101	0.06281987577639751	0.2391407867494824	0.7927895814127468	1.0648350193749931	0.666379423136466	1.7015435638010974	0.988984982873477
PLAU	GCST90243298	Sjogren syndrome	M13_SJOGREN	rs142017515	0.0007244359600749	-0.4553	0.0386489	0.158909	-0.0848866681309027	0.34902042609268613	0.8078395904438995	0.9186163870143979	0.4634917454646502	1.8206496118834234	0.9939042442749215
ERBB3	GCST90242599	Autoimmune hyperthyroidism	AUTOIMMUNE_HYPERTHYROIDISM	rs76400083	1.1220184543019653e-13	-0.8972	0.0932164	0.39683	-0.1038970129291128	0.4422982612572448	0.8142843290918294	0.9013181167543092	0.3787792850084391	2.1447169360685474	0.9939042442749215
IFNGR2	GCST90241557	Systemic lupus erythematosus	SLE_FG	rs11088300	0.0012589254117941	0.0979	0.0101794	0.0437966	0.10397752808988764	0.4473605720122574	0.816208372294688	1.1095755203540636	0.46169573225655647	2.6665999907594076	0.9939042442749215
CD226	GCST90240640	Sarcoidosis	D3_SARCOIDOSIS	rs17777386	0.0002511886431509	-0.1668	-0.00874865	0.0379766	0.05244994004796163	0.22767745803357314	0.8178046665347929	1.0538498050873437	0.6744903720105259	1.6465756336478898	0.9939042442749215
IFNGR2	GCST90241557	Rheumatoid arthritis	M13_RHEUMA	rs11088300	0.0012589254117941	0.0979	0.00297786	0.0130083	0.030417364657814097	0.13287334014300306	0.8189310976880775	1.0308846990190768	0.7945221755853794	1.3375627456699628	0.9939042442749215
SIGLEC7	GCST90242811	Multiple sclerosis	G6_MS	rs73053086	1.6982436524617462e-19	-0.5973	-0.0265952	0.119037	0.04452569897873765	0.19929181315921646	0.823208944208365	1.0455318454658704	0.707451463380833	1.5451757420350616	0.9939042442749215
SWAP70	GCST90242931	Ankylosing spondylitis	M13_ANKYLOSPON	rs10770059	4.1686938347033644e-24	0.2609	-0.00579693	0.0271159	-0.022218972786508237	0.10393215791490991	0.8307159503334436	0.9780260505122149	0.7977771331547302	1.1990002166369438	0.9939042442749215
TNFRSF1A	GCST90243170	Vitiligo	L12_VITILIGO	rs4149584	2.6915348039269142e-09	-0.5351	-0.0692491	0.343432	0.12941338067650904	0.6418090076621192	0.8401993750795154	1.1381605204985954	0.3235077287337517	4.004260966166163	0.9939042442749215
ERBB3	GCST90242599	Systemic lupus erythematosus	SLE_FG	rs76400083	1.1220184543019653e-13	-0.8972	0.108554	0.539757	-0.12099197503343735	0.6016016495764601	0.8406075365012415	0.8860410700143051	0.27249603697290226	2.8810282397984524	0.9939042442749215
CD226	GCST90240639	Psoriasis	L12_PSORIASIS	rs78705411	0.0007244359600749	0.3003	-0.0168772	0.0841353	-0.056201132201132195	0.28017082917082914	0.8410145291531219	0.9453489766469526	0.5458909997217963	1.6371119657640283	0.9939042442749215
CD226	GCST90240640	Crohn's disease	CHRONNAS	rs17777386	0.0002511886431509	-0.1668	-0.0107604	0.0544721	0.06451079136690648	0.3265713429256595	0.8434052502686571	1.066637088654722	0.5623847578833187	2.023018339216565	0.9939042442749215
LTBR	GCST90243176	Autoimmune thyroiditis	E4_THYROIDITAUTOIM	rs117966544	0.0009549925860214	-0.2502	-0.0231763	0.118563	0.09263109512390089	0.47387290167865714	0.8450198028248321	1.0970569509506543	0.43337156890166184	2.7771410032259065	0.9939042442749215
TNFSF8	GCST90243150	Guillain-Barre	G6_GUILBAR	rs7873851	0.0002754228703338	0.1089	-0.0118717	0.0659034	-0.10901469237832875	0.6051735537190083	0.8570443102984859	0.896717242492469	0.2738554524310074	2.936227144083886	0.9959572788233543
IFNGR2	GCST90241556	Guillain-Barre	G6_GUILBAR	rs7279771	0.0005888436553555	0.0966	0.0122185	0.0693819	0.1264855072463768	0.7182391304347825	0.8602114472182523	1.1348330042017574	0.2776863086899171	4.637772576910444	0.9959572788233543
TNFSF14	GCST90243143	Crohn's disease	CHRONNAS	rs2291668	2.8840315031266057e-07	0.1717	0.00534111	0.0315946	0.031107221898660452	0.18401048340128132	0.8657562457264367	1.031596107650157	0.719244930012125	1.4795940644322847	0.9959572788233543
IL6ST	GCST90241649	Psoriasis	L12_PSORIASIS	rs3842913	1.3489628825916533e-07	-0.3475	-0.00405348	0.0259221	0.011664690647482014	0.07459597122302158	0.8757401293653144	1.011732988450677	0.8741149301454026	1.1710172251022744	0.9959572788233543
SWAP70	GCST90242931	Systemic lupus erythematosus	SLE_FG	rs10770059	4.1686938347033644e-24	0.2609	-0.00623243	0.0455558	-0.02388819471061709	0.1746101954771943	0.8911820028065791	0.9763948697664286	0.6934166888724964	1.3748543365120824	0.9959572788233543
SIGLEC7	GCST90242811	Coeliac disease	K11_COELIAC	rs73053086	1.6982436524617462e-19	-0.5973	-0.0127436	0.093558	0.021335342374016405	0.15663485685585132	0.8916547222955702	1.0215645680916534	0.7515113422689229	1.3886605671572734	0.9959572788233543
IFNGR2	GCST90241558	Autoimmune thyroiditis	E4_THYROIDITAUTOIM	rs191097621	0.0002951209226666	-0.6098	0.0417395	0.324641	-0.06844785175467366	0.5323729091505411	0.8976969146101705	0.9338421570636839	0.3289338034798296	2.651175297533169	0.9959572788233543
IFNGR2	GCST90241556	Ankylosing spondylitis	M13_ANKYLOSPON	rs7279771	0.0005888436553555	0.0966	-0.00343626	0.0267675	-0.03557204968944099	0.27709627329192543	0.8978527411464903	0.9650531999417188	0.5606375025408037	1.6611940415990423	0.9959572788233543
TNFSF8	GCST90243150	Systemic lupus erythematosus	SLE_FG	rs7873851	0.0002754228703338	0.1089	-0.00518978	0.0432049	-0.04765638200183655	0.3967392102846648	0.9043879534958359	0.9534613572776873	0.43811877298830576	2.074981981760629	0.9959572788233543
TNFRSF1A	GCST90243170	Crohn's disease	CHRONNAS	rs4149584	2.6915348039269142e-09	-0.5351	0.0154361	0.133683	-0.02884713137731265	0.24982806951971592	0.908074234342007	0.9715649749145883	0.5954069559586187	1.5853669343869556	0.9959572788233543
LTBR	GCST90243176	Multiple sclerosis	G6_MS	rs117966544	0.0009549925860214	-0.2502	-0.00638825	0.0574108	0.025532573940847323	0.2294596322941647	0.9114001684531221	1.0258613220722221	0.654287576106456	1.6084539743003432	0.9959572788233543
IFNGR2	GCST90241557	Autoimmune hyperthyroidism	AUTOIMMUNE_HYPERTHYROIDISM	rs11088300	0.0012589254117941	0.0979	0.00347009	0.0319944	0.03544525025536261	0.32680694586312564	0.9136313695548928	1.0360809214093214	0.5460218074575618	1.965972166398905	0.9959572788233543
IFNGR2	GCST90241557	Crohn's disease	CHRONNAS	rs11088300	0.0012589254117941	0.0979	0.00328787	0.0310247	0.03358396322778345	0.3169019407558733	0.9156014864116142	1.0341542710116982	0.5556904742958806	1.9245877079445646	0.9959572788233543
CD226	GCST90240640	Coeliac disease	K11_COELIAC	rs17777386	0.0002511886431509	-0.1668	-0.00385418	0.0391975	0.023106594724220622	0.23499700239808155	0.9216724889017605	1.0233756201754112	0.6456565777306996	1.6220661201197122	0.9959572788233543
CD226	GCST90240639	Rheumatoid arthritis	M13_RHEUMA	rs78705411	0.0007244359600749	0.3003	-0.00763235	0.0778297	-0.025415750915750917	0.25917316017316017	0.9218808787433022	0.9749045103181715	0.5866099591351049	1.6202227552359263	0.9959572788233543
IFNGR2	GCST90241558	Vitiligo	L12_VITILIGO	rs191097621	0.0002951209226666	-0.6098	-0.0410912	0.421964	0.06738471630042638	0.6919711380780584	0.9224239763739084	1.069706932716586	0.27557961338462805	4.152240827426005	0.9959572788233543
ERBB3	GCST90242599	Sarcoidosis	D3_SARCOIDOSIS	rs76400083	1.1220184543019653e-13	-0.8972	-0.0250427	0.264546	0.027912059741417746	0.2948573339277753	0.9245825617191934	1.028305251015439	0.5769450132029433	1.832777240582501	0.9959572788233543
TNFRSF1A	GCST90243170	Autoimmune thyroiditis	E4_THYROIDITAUTOIM	rs4149584	2.6915348039269142e-09	-0.5351	-0.0236133	0.25957	0.044128760979256214	0.4850868996449262	0.9275157641408984	1.0451169165027214	0.4038783491524433	2.7044514058560756	0.9959572788233543
IFNGR2	GCST90241556	Crohn's disease	CHRONNAS	rs7279771	0.0005888436553555	0.0966	0.00270913	0.0320251	0.028044824016563146	0.3315227743271221	0.9325842017832642	1.028441782279755	0.5370093282052781	1.969598001348765	0.9959572788233543
HAVCR1	GCST90241394	Sarcoidosis	D3_SARCOIDOSIS	rs6882177	1.3803842646028867e-57	-0.4282	-0.00175927	0.0222974	0.004108524054180289	0.05207239607659971	0.9371119798862098	1.0041169756096413	0.9066911797325528	1.1120113697420737	0.9959572788233543
SIGLEC7	GCST90242811	Vitiligo	L12_VITILIGO	rs73053086	1.6982436524617462e-19	-0.5973	-0.0246026	0.332267	0.04118968692449355	0.556281600535744	0.9409748421491979	1.0420497500118504	0.3502450417698148	3.1003085040484466	0.9959572788233543
IL4	GCST90241639	Psoriasis	L12_PSORIASIS	rs62384157	0.0011481536214968	-0.1068	-0.0011226	0.0159414	0.01051123595505618	0.14926404494382023	0.9438590429472562	1.0105666730629561	0.7542387684021621	1.354007568278433	0.9959572788233543
SIGLEC7	GCST90242811	Sjogren syndrome	M13_SJOGREN	rs73053086	1.6982436524617462e-19	-0.5973	-0.00688275	0.115386	0.011523103967855348	0.19317930688096432	0.9524345668695791	1.011589750676693	0.6927345918320357	1.477209072190021	0.9959572788233543
SWAP70	GCST90242931	Autoimmune hyperthyroidism	AUTOIMMUNE_HYPERTHYROIDISM	rs10770059	4.1686938347033644e-24	0.2609	0.00190016	0.0333538	0.00728309697201993	0.12784131851284017	0.9545692358106836	1.0073096832270043	0.7840473325425182	1.2941473758127515	0.9959572788233543
IFNGR2	GCST90241558	Rheumatoid arthritis	M13_RHEUMA	rs191097621	0.0002951209226666	-0.6098	-0.00347498	0.0690177	0.005698556903902919	0.11318087897671368	0.9598441865830067	1.0057148245653482	0.8056257568030539	1.255498970594326	0.9959572788233543
IFNGR2	GCST90241557	Multiple sclerosis	G6_MS	rs11088300	0.0012589254117941	0.0979	0.00142534	0.0293232	0.014559141981613892	0.29952196118488256	0.961231751651014	1.014665642513672	0.5641111897652451	1.8250770145618427	0.9959572788233543
TNFRSF14	GCST90243162	Crohn's disease	CHRONNAS	rs138251081	0.0003548133892335	-0.386	-0.00361525	0.0808874	0.009365932642487047	0.20955284974093263	0.9643505407708275	1.009409930241861	0.6694106016095012	1.5220978048764995	0.9959572788233543
TNFSF8	GCST90243150	Multiple sclerosis	G6_MS	rs7873851	0.0002754228703338	0.1089	-0.00125192	0.0288676	-0.01149605142332415	0.26508356290174473	0.9654084642473078	0.9885697756837653	0.5879814761589722	1.6620765126471875	0.9959572788233543
PLAU	GCST90243298	Crohn's disease	CHRONNAS	rs142017515	0.0007244359600749	-0.4553	0.00627368	0.177966	-0.013779222490665497	0.39087634526685705	0.9718786968517397	0.9863152764569465	0.45845329410002217	2.1219562321654952	0.9959572788233543
PLAU	GCST90243298	Autoimmune hyperthyroidism	AUTOIMMUNE_HYPERTHYROIDISM	rs142017515	0.0007244359600749	-0.4553	-0.00503295	0.180501	0.011054140127388534	0.39644410278936965	0.9777552877340052	1.011115462882844	0.46487984653175285	2.199180039548042	0.9959572788233543
SIGLEC7	GCST90242811	Rheumatoid arthritis	M13_RHEUMA	rs73053086	1.6982436524617462e-19	-0.5973	-0.00139033	0.0542253	0.002327691277415034	0.09078402812656955	0.9795445795967028	1.0023304024539423	0.8389459438507958	1.197533932963575	0.9959572788233543
IFNGR2	GCST90241557	Guillain-Barre	G6_GUILBAR	rs11088300	0.0012589254117941	0.0979	-0.00171453	0.0673563	-0.017513074565883555	0.6880112359550561	0.9796923331484533	0.9826393879976664	0.25512157135079633	3.784784492083344	0.9959572788233543
IL6ST	GCST90241649	Autoimmune hyperthyroidism	AUTOIMMUNE_HYPERTHYROIDISM	rs3842913	1.3489628825916533e-07	-0.3475	-0.00133601	0.0580774	0.0038446330935251803	0.16712920863309355	0.9816471167245266	1.0038520331758316	0.7234465476843697	1.392941756010571	0.9959572788233543
TNFSF8	GCST90243150	Rheumatoid arthritis	M13_RHEUMA	rs7873851	0.0002754228703338	0.1089	0.000179949	0.0127173	0.0016524242424242423	0.11677961432506888	0.9887103600809284	1.0016537902476659	0.7967330340666101	1.2592804272172728	0.9959572788233543
SIGLEC7	GCST90242811	Sarcoidosis	D3_SARCOIDOSIS	rs73053086	1.6982436524617462e-19	-0.5973	0.00116015	0.0876314	-0.0019423237903900886	0.1467125397622635	0.9894371340226051	0.9980595612997806	0.7486386151219441	1.3305790908737112	0.9959572788233543
IFNGR2	GCST90241556	Sarcoidosis	D3_SARCOIDOSIS	rs7279771	0.0005888436553555	0.0966	0.000225312	0.0222627	0.002332422360248447	0.23046273291925465	0.9919250631196159	1.0023351445733206	0.6380270909967543	1.5746600046046169	0.9959572788233543
IL4	GCST90241639	Autoimmune thyroiditis	E4_THYROIDITAUTOIM	rs62384157	0.0011481536214968	-0.1068	0.000235653	0.0676612	-0.0022064887640449436	0.6335318352059925	0.9972211029322433	0.9977959437428593	0.2882494909697371	3.453941035594854	0.9972211029322433
