gene_symbol	phenocode	disease	uk_id	uk_trait	match_method	uk_ncase	fin_OR	fin_FDR	uk_OR	uk_p	fin_dir	uk_dir	concordant	uk_replicates	two_population_validated
CFH	H7_MACULADEGEN	Degeneration of macula and posterior pole	ukb-d-H7_MACULADEGEN	Degeneration of macula and posterior pole	exact-code	1013	0.0414843392154316	4.814779302667164e-211	0.9956200060084975	0.0003950213757773793	-	-	True	True	True
C2	H7_MACULADEGEN	Degeneration of macula and posterior pole	ukb-d-H7_MACULADEGEN	Degeneration of macula and posterior pole	exact-code	1013	2.1775279578553453	4.908593489010671e-12	0.9993882827597403	0.45246648194230943	+	-	False	False	False
NUMB	H7_MACULADEGEN	Degeneration of macula and posterior pole	ukb-d-H7_MACULADEGEN	Degeneration of macula and posterior pole	exact-code	1013	0.7070969341949453	0.0032336142225582	1.0001616184601638	0.8615872633445298	-	+	False	False	False
PDGFB	H7_MACULADEGEN	Degeneration of macula and posterior pole	ukb-d-H7_MACULADEGEN	Degeneration of macula and posterior pole	exact-code	1013	1.155003585896671	0.0073361000141657	1.0000431220810269	0.9063212206859768	+	+	True	False	False
CFH	H7_RETINALDISOTH	Other retinal disorders	ukb-d-H7_RETINALDISOTH	Other retinal disorders	exact-code	1692	0.1595713697742229	6.6595348429256966e-105	0.9952690482857409	0.0030263135632166973	-	-	True	True	True
C2	H7_RETINALDISOTH	Other retinal disorders	ukb-d-H7_RETINALDISOTH	Other retinal disorders	exact-code	1692	2.142297210828134	9.157826349071448e-19	1.0001836640238762	0.8613496810330195	+	+	True	False	False
ERBB3	H7_RETINALDISOTH	Other retinal disorders	ukb-d-H7_RETINALDISOTH	Other retinal disorders	exact-code	1692	0.8088099781633672	0.0495763497723922	1.0007475890006023	0.44314807630895797	-	+	False	False	False
PPP3R1	I9_VARICVE	Varicose veins	ukb-b-13038	Non-cancer illness code, self-reported: varicose veins	name-match	1652	1.4154265581168566	3.2652031223639374e-36	1.0012230330768	0.0014881404124872629	+	+	True	True	True
SLC12A2	I9_VARICVE	Varicose veins	ukb-b-13038	Non-cancer illness code, self-reported: varicose veins	name-match	1652	0.52991068060098	2.4572514977852883e-32	0.9978893206379995	0.001545454284422221	-	-	True	True	True
ADM	I9_VARICVE	Varicose veins	ukb-b-13038	Non-cancer illness code, self-reported: varicose veins	name-match	1652	1.1704400457390047	2.884658654329078e-07	1.0003011331976803	0.41561239376688974	+	+	True	False	False
VAT1	I9_VARICVE	Varicose veins	ukb-b-13038	Non-cancer illness code, self-reported: varicose veins	name-match	1652	0.8659983467761071	0.0006365988371344	0.9988049830761052	0.0065057137645894575	-	-	True	True	True
CRIM1	I9_VARICVE	Varicose veins	ukb-b-13038	Non-cancer illness code, self-reported: varicose veins	name-match	1652	0.7787312213399475	0.004456980306756	0.999224335900019	0.3495252027997069	-	-	True	False	False
SLC12A2	I9_DISVEINLYMPH	Diseases of veins, lymphatic vessels and lymph nodes, not elsewhere classified	ukb-d-I9_DISVEINLYMPH	Diseases of veins, lymphatic vessels and lymph nodes, not elsewhere classified	exact-code	11867	0.6028265127492374	2.765185456140853e-35	0.9809891561304507	1.7063155242273993e-17	-	-	True	True	True
PPP3R1	I9_DISVEINLYMPH	Diseases of veins, lymphatic vessels and lymph nodes, not elsewhere classified	ukb-d-I9_DISVEINLYMPH	Diseases of veins, lymphatic vessels and lymph nodes, not elsewhere classified	exact-code	11867	1.2457151905101065	1.6762462806632653e-24	1.010641164708496	3.816366831650285e-16	+	+	True	True	True
CRIM1	I9_DISVEINLYMPH	Diseases of veins, lymphatic vessels and lymph nodes, not elsewhere classified	ukb-d-I9_DISVEINLYMPH	Diseases of veins, lymphatic vessels and lymph nodes, not elsewhere classified	exact-code	11867	0.7797368781331545	2.2768791040641663e-06	0.9948083735826073	0.06364537477757816	-	-	True	False	False
EFNA1	I9_DISVEINLYMPH	Diseases of veins, lymphatic vessels and lymph nodes, not elsewhere classified	ukb-d-I9_DISVEINLYMPH	Diseases of veins, lymphatic vessels and lymph nodes, not elsewhere classified	exact-code	11867	0.5894835327425846	0.0002993819271604	0.9880552686083326	0.045467288140369454	-	-	True	True	True
ADM	I9_DISVEINLYMPH	Diseases of veins, lymphatic vessels and lymph nodes, not elsewhere classified	ukb-d-I9_DISVEINLYMPH	Diseases of veins, lymphatic vessels and lymph nodes, not elsewhere classified	exact-code	11867	1.0893533173751386	0.0061204152343437	1.0028923379812429	0.02081874554627133	+	+	True	True	True
PDLIM7	I9_DISVEINLYMPH	Diseases of veins, lymphatic vessels and lymph nodes, not elsewhere classified	ukb-d-I9_DISVEINLYMPH	Diseases of veins, lymphatic vessels and lymph nodes, not elsewhere classified	exact-code	11867	0.7836556111360843	0.0077026311849418	0.9934209365781766	0.06728871641853314	-	-	True	False	False
SLC16A1	I9_DISVEINLYMPH	Diseases of veins, lymphatic vessels and lymph nodes, not elsewhere classified	ukb-d-I9_DISVEINLYMPH	Diseases of veins, lymphatic vessels and lymph nodes, not elsewhere classified	exact-code	11867	0.7977315639320371	0.0103403455498788	0.998672168043153	0.693521839846843	-	-	True	False	False
THBD	I9_DISVEINLYMPH	Diseases of veins, lymphatic vessels and lymph nodes, not elsewhere classified	ukb-d-I9_DISVEINLYMPH	Diseases of veins, lymphatic vessels and lymph nodes, not elsewhere classified	exact-code	11867	0.929126100039842	0.0334143970374397	0.9965391701425458	0.019447204125808033	-	-	True	True	True
MYL4	I9_DISVEINLYMPH	Diseases of veins, lymphatic vessels and lymph nodes, not elsewhere classified	ukb-d-I9_DISVEINLYMPH	Diseases of veins, lymphatic vessels and lymph nodes, not elsewhere classified	exact-code	11867	0.574624202815094	0.034868725509922	0.991210549927408	0.38216392276657235	-	-	True	False	False
C2	M13_RHEUMA	Rheumatoid arthritis	ukb-d-M13_RHEUMA	Rheumatoid arthritis	exact-code	1605	4.411784661989173	7.6372331567933465e-34	1.0042662384252055	3.2964879930614766e-05	+	+	True	True	True
IL6ST	M13_RHEUMA	Rheumatoid arthritis	ukb-d-M13_RHEUMA	Rheumatoid arthritis	exact-code	1605	2.632384596643061	1.589691802796057e-13	1.0061881089410636	7.827595570030506e-06	+	+	True	True	True
CTLA4	M13_RHEUMA	Rheumatoid arthritis	ukb-d-M13_RHEUMA	Rheumatoid arthritis	exact-code	1605	0.5105947113703064	2.080771310971751e-11	0.996881821943308	0.00299986941999461	-	-	True	True	True
CA8	M13_RHEUMA	Rheumatoid arthritis	ukb-d-M13_RHEUMA	Rheumatoid arthritis	exact-code	1605	0.746217049064143	0.0100959718337687	0.9982460675962678	0.04320354429697544	-	-	True	True	True
SWAP70	M13_RHEUMA	Rheumatoid arthritis	ukb-d-M13_RHEUMA	Rheumatoid arthritis	exact-code	1605	0.8293131115972837	0.0329775060837499	0.998831766957539	0.028108091139834285	-	-	True	True	True
TNFRSF14	M13_RHEUMA	Rheumatoid arthritis	ukb-d-M13_RHEUMA	Rheumatoid arthritis	exact-code	1605	0.8739742552963211	0.0367247809834666	0.999324246068793	0.11085091031509758	-	-	True	False	False
MYL6B	M13_RHEUMA	Rheumatoid arthritis	ukb-d-M13_RHEUMA	Rheumatoid arthritis	exact-code	1605	1.396184655655942	0.0426853316634806	1.0002888269342893	0.7891337475363416	+	+	True	False	False
ERBB2	ASTHMA_CHILD_EXMORE	Childhood asthma (age<16) (more control exclusions)	ukb-d-ASTHMA_CHILD	Childhood asthma (age<16)	name-match	1993	26.543981962122	1.9984127993326882e-33	1.005248566182517	0.05115527133366566	+	+	True	False	False
IL18RAP	ASTHMA_CHILD_EXMORE	Childhood asthma (age<16) (more control exclusions)	ukb-d-ASTHMA_CHILD	Childhood asthma (age<16)	name-match	1993	0.8423131723656948	2.260134361069464e-11	0.9994237092038704	0.00946844707359995	-	-	True	True	True
IL4	ASTHMA_CHILD_EXMORE	Childhood asthma (age<16) (more control exclusions)	ukb-d-ASTHMA_CHILD	Childhood asthma (age<16)	name-match	1993	0.4782034343054619	3.511254866341247e-05	0.9938911966545511	0.0009755983576931369	-	-	True	True	True
IL4R	ASTHMA_CHILD_EXMORE	Childhood asthma (age<16) (more control exclusions)	ukb-d-ASTHMA_CHILD	Childhood asthma (age<16)	name-match	1993	0.6857733642399695	0.0008915808038298	0.9981927491703881	0.016739126773415283	-	-	True	True	True
TLR1	ASTHMA_CHILD_EXMORE	Childhood asthma (age<16) (more control exclusions)	ukb-d-ASTHMA_CHILD	Childhood asthma (age<16)	name-match	1993	1.2564992065813676	0.0106417343630506	1.0006501842912163	0.048467751368474705	+	+	True	True	True
FES	I9_HYPTENS	Hypertension	ukb-d-I9_HYPTENS	Hypertension	exact-code	1237	0.8468839990603911	1.3034218837950704e-28	0.9993733772735486	0.0804076506989277	-	-	True	False	False
ACE	I9_HYPTENS	Hypertension	ukb-d-I9_HYPTENS	Hypertension	exact-code	1237	1.6114209191709736	5.32071809321131e-08	1.0016053710931645	0.3963382401148279	+	+	True	False	False
SPINK8	I9_HYPTENS	Hypertension	ukb-d-I9_HYPTENS	Hypertension	exact-code	1237	0.8476635987428299	1.39069754708218e-05	1.0003740817014604	0.5732070281641222	-	+	False	False	False
IFNGR2	I9_HYPTENS	Hypertension	ukb-d-I9_HYPTENS	Hypertension	exact-code	1237	1.0664311640761612	3.5370441860658856e-05	1.0000721302095699	0.8327056983508812	+	+	True	False	False
SWAP70	I9_HYPTENS	Hypertension	ukb-d-I9_HYPTENS	Hypertension	exact-code	1237	0.8981950163318115	4.819561437260463e-05	0.9992629577367401	0.1153945119598165	-	-	True	False	False
MERTK	I9_HYPTENS	Hypertension	ukb-d-I9_HYPTENS	Hypertension	exact-code	1237	1.062439129279221	4.899940150507781e-05	1.0000672605481122	0.8349835093287845	+	+	True	False	False
TNFSF12	I9_HYPTENS	Hypertension	ukb-d-I9_HYPTENS	Hypertension	exact-code	1237	1.059272096895342	9.38051580092912e-05	1.000632738260792	0.01814065030972988	+	+	True	True	True
NGFR	I9_HYPTENS	Hypertension	ukb-d-I9_HYPTENS	Hypertension	exact-code	1237	0.6333947538585684	0.0001016088028641	1.002420876607875	0.2745366007214469	-	+	False	False	False
JMJD1C	I9_HYPTENS	Hypertension	ukb-d-I9_HYPTENS	Hypertension	exact-code	1237	1.6671465461882875	0.000502065711949	0.9979266720120142	0.43138710243827916	+	-	False	False	False
MAPRE3	I9_HYPTENS	Hypertension	ukb-d-I9_HYPTENS	Hypertension	exact-code	1237	0.8382669413697186	0.0005451156335936	0.9986302167984479	0.12489998694078336	-	-	True	False	False
ANXA2	I9_HYPTENS	Hypertension	ukb-d-I9_HYPTENS	Hypertension	exact-code	1237	1.1095830136652372	0.0024185398060151	1.000517019985363	0.34213607153352843	+	+	True	False	False
CLINT1	I9_HYPTENS	Hypertension	ukb-d-I9_HYPTENS	Hypertension	exact-code	1237	1.4368403263327851	0.0071983064086892	1.0003552302686434	0.8674100338217251	+	+	True	False	False
MAPT	I9_HYPTENS	Hypertension	ukb-d-I9_HYPTENS	Hypertension	exact-code	1237	1.5741270163303778	0.0084364124951316	0.9977170412275768	0.43832686664826465	+	-	False	False	False
SLC16A1	I9_HYPTENS	Hypertension	ukb-d-I9_HYPTENS	Hypertension	exact-code	1237	0.8276151343209475	0.0087770309363827	0.9998873988879651	0.9189107411246439	-	-	True	False	False
MYL4	I9_HYPTENS	Hypertension	ukb-d-I9_HYPTENS	Hypertension	exact-code	1237	1.6566342513940038	0.0088542867957432	0.9965588717191334	0.3002850709331442	+	-	False	False	False
PFKFB2	I9_HYPTENS	Hypertension	ukb-d-I9_HYPTENS	Hypertension	exact-code	1237	0.7249380606905292	0.0130302153620398	0.9992537320628792	0.6988990115107584	-	-	True	False	False
ADM	I9_HYPTENS	Hypertension	ukb-d-I9_HYPTENS	Hypertension	exact-code	1237	1.0699589450331417	0.0140330910231028	0.9998466531427724	0.7082908933835281	+	-	False	False	False
PIK3IP1	I9_HYPTENS	Hypertension	ukb-d-I9_HYPTENS	Hypertension	exact-code	1237	1.0484890304176304	0.028352760067329	0.9998699333308355	0.6713349248593394	+	-	False	False	False
IL1RN	I9_HYPTENS	Hypertension	ukb-d-I9_HYPTENS	Hypertension	exact-code	1237	0.8305428779673497	0.0435337608524896	1.0001803391570985	0.9020284859698561	-	+	False	False	False
PSRC1	I9_CORATHER	Coronary atherosclerosis	ukb-d-I9_CORATHER	Coronary atherosclerosis	exact-code	14334	0.8271831854130581	9.227066656692128e-23	0.9892959186999888	5.747045732153104e-22	-	-	True	True	True
FES	I9_CORATHER	Coronary atherosclerosis	ukb-d-I9_CORATHER	Coronary atherosclerosis	exact-code	14334	0.8893360577062895	5.175969257873033e-06	0.9933317836863175	1.389270588862108e-08	-	-	True	True	True
SORT1	I9_CORATHER	Coronary atherosclerosis	ukb-d-I9_CORATHER	Coronary atherosclerosis	exact-code	14334	0.6571327078647082	0.0020125461957679	0.9852217847036612	0.0071162482321000245	-	-	True	True	True
SCARB1	I9_CORATHER	Coronary atherosclerosis	ukb-d-I9_CORATHER	Coronary atherosclerosis	exact-code	14334	0.8975879515659257	0.0034683955010659	0.996543267243814	0.015685814890337893	-	-	True	True	True
CDKN1A	I9_CORATHER	Coronary atherosclerosis	ukb-d-I9_CORATHER	Coronary atherosclerosis	exact-code	14334	1.2081661308661045	0.0037354379339553	1.0038169954552913	0.10373160361535708	+	+	True	False	False
PLAUR	I9_CORATHER	Coronary atherosclerosis	ukb-d-I9_CORATHER	Coronary atherosclerosis	exact-code	14334	1.4336001789743753	0.0039758870475332	1.0136865354279192	0.006068486831262447	+	+	True	True	True
LPL	I9_CORATHER	Coronary atherosclerosis	ukb-d-I9_CORATHER	Coronary atherosclerosis	exact-code	14334	0.927942210071436	0.0051921613478377	0.9972475610391571	0.001192777445981906	-	-	True	True	True
LRP1	I9_CORATHER	Coronary atherosclerosis	ukb-d-I9_CORATHER	Coronary atherosclerosis	exact-code	14334	0.5483081326804462	0.0080584086412413	0.978670061108481	0.018669533871262058	-	-	True	True	True
PIK3IP1	I9_CORATHER	Coronary atherosclerosis	ukb-d-I9_CORATHER	Coronary atherosclerosis	exact-code	14334	1.0691167335367644	0.0189798143538556	1.000466715792137	0.642436928329086	+	+	True	False	False
C2	M13_POLYARTHROPATHIES	Polyarthropathies	ukb-d-M13_POLYARTHROPATHIES	#Polyarthropathies	exact-code	3275	2.07559879429806	5.6452922516472e-22	1.0042446117134145	0.0037485334176026214	+	+	True	True	True
IL6ST	M13_POLYARTHROPATHIES	Polyarthropathies	ukb-d-M13_POLYARTHROPATHIES	#Polyarthropathies	exact-code	3275	1.7476171009027797	6.63851948591804e-11	1.0043922212720426	0.02587275625994854	+	+	True	True	True
CTLA4	M13_POLYARTHROPATHIES	Polyarthropathies	ukb-d-M13_POLYARTHROPATHIES	#Polyarthropathies	exact-code	3275	0.7096317913191091	9.86341842894295e-07	0.9976892095843524	0.12293160071634102	-	-	True	False	False
CA8	M13_POLYARTHROPATHIES	Polyarthropathies	ukb-d-M13_POLYARTHROPATHIES	#Polyarthropathies	exact-code	3275	0.8117694292136052	0.0009552120077878	0.9983216425675403	0.17464269934066962	-	-	True	False	False
PSRC1	I9_IHD	Ischaemic heart disease, wide definition	ukb-d-I9_IHD	Ischaemic heart disease, wide definition	exact-code	20857	0.8555309876379927	2.3322609932015485e-19	0.9870776400909957	1.4748378549856947e-22	-	-	True	True	True
FES	I9_IHD	Ischaemic heart disease, wide definition	ukb-d-I9_IHD	Ischaemic heart disease, wide definition	exact-code	20857	0.909080012154113	8.452536115913447e-05	0.9897703725942932	2.481537690621492e-13	-	-	True	True	True
PLAUR	I9_IHD	Ischaemic heart disease, wide definition	ukb-d-I9_IHD	Ischaemic heart disease, wide definition	exact-code	20857	1.4345602822531534	0.0002043323938804	1.017895500421324	0.0026549405404397448	+	+	True	True	True
SORT1	I9_IHD	Ischaemic heart disease, wide definition	ukb-d-I9_IHD	Ischaemic heart disease, wide definition	exact-code	20857	0.6869391703423435	0.0016872784152532	0.976865017719937	0.00038361452703198083	-	-	True	True	True
LPL	I9_IHD	Ischaemic heart disease, wide definition	ukb-d-I9_IHD	Ischaemic heart disease, wide definition	exact-code	20857	0.936283187908848	0.0059056948521173	0.9952987792971949	3.325759700011036e-06	-	-	True	True	True
CDKN1A	I9_IHD	Ischaemic heart disease, wide definition	ukb-d-I9_IHD	Ischaemic heart disease, wide definition	exact-code	20857	1.1650943340111533	0.0195008098321893	1.0061351359012103	0.028355796025421466	+	+	True	True	True
IL18RAP	J10_ASTHMA_EXMORE	Asthma (more control exclusions)	ukb-b-18113	Non-cancer illness code, self-reported: asthma	name-match	53598	0.9224218492536304	1.1662172385748545e-17	0.9899019442131409	1.9528591529016438e-33	-	-	True	True	True
ERBB2	J10_ASTHMA_EXMORE	Asthma (more control exclusions)	ukb-b-18113	Non-cancer illness code, self-reported: asthma	name-match	53598	2.4485050010611644	7.465016925513295e-15	1.1306446843383378	1.417492417109796e-33	+	+	True	True	True
IL4	J10_ASTHMA_EXMORE	Asthma (more control exclusions)	ukb-b-18113	Non-cancer illness code, self-reported: asthma	name-match	53598	0.6903683447516952	8.82763849781826e-10	0.9474871605863919	1.344527805921941e-14	-	-	True	True	True
IL4R	J10_ASTHMA_EXMORE	Asthma (more control exclusions)	ukb-b-18113	Non-cancer illness code, self-reported: asthma	name-match	53598	0.8188116823340597	2.0400496451893957e-08	0.9821191529764962	3.3027065121559794e-10	-	-	True	True	True
SERPING1	J10_ASTHMA_EXMORE	Asthma (more control exclusions)	ukb-b-18113	Non-cancer illness code, self-reported: asthma	name-match	53598	1.162979973113265	5.177339522747978e-06	1.0055505532676525	0.029416933246534722	+	+	True	True	True
CD226	J10_ASTHMA_EXMORE	Asthma (more control exclusions)	ukb-b-18113	Non-cancer illness code, self-reported: asthma	name-match	53598	0.9096152327132644	0.0019115467002553	0.9950216194398971	0.008657102651763773	-	-	True	True	True
CD70	J10_ASTHMA_EXMORE	Asthma (more control exclusions)	ukb-b-18113	Non-cancer illness code, self-reported: asthma	name-match	53598	0.7319151091360453	0.0122279010131482	0.9631507902284926	8.82657372789312e-08	-	-	True	True	True
ERBB3	J10_ASTHMA_EXMORE	Asthma (more control exclusions)	ukb-b-18113	Non-cancer illness code, self-reported: asthma	name-match	53598	0.8380254737275218	0.0199035687474798	0.9661637596710915	1.040115972441579e-17	-	-	True	True	True
TGFB2	M13_HALLUXVALGUS	Hallux valgus (acquired)	ukb-d-M13_HALLUXVALGUS	Hallux valgus (acquired)	exact-code	5370	2.6973509048062287	0.0018816064793028	1.010275596810787	0.0680318104828257	+	+	True	False	False
MAP1LC3A	M13_HALLUXVALGUS	Hallux valgus (acquired)	ukb-d-M13_HALLUXVALGUS	Hallux valgus (acquired)	exact-code	5370	0.8944576354860955	0.0244638667253075	0.9987515919749741	0.021446350322615992	-	-	True	True	True
CA8	M13_HALLUXVALGUS	Hallux valgus (acquired)	ukb-d-M13_HALLUXVALGUS	Hallux valgus (acquired)	exact-code	5370	0.7730495450089695	0.0371925727443268	1.0015584004888658	0.3219490324212543	-	+	False	False	False
TSPAN15	I9_VTE	Venous thromboembolism	ukb-d-I9_VTE	Venous thromboembolism	exact-code	4620	0.7318646631299554	4.331175869016915e-07	0.9934372973952109	2.3269741943158364e-07	-	-	True	True	True
PDLIM7	I9_VTE	Venous thromboembolism	ukb-d-I9_VTE	Venous thromboembolism	exact-code	4620	0.7184121014283523	0.0381407557588447	0.9967341819672523	0.15034634753052536	-	-	True	False	False
PSRC1	I9_CHD	Major coronary heart disease event	ukb-d-I9_CHD	Major coronary heart disease event	exact-code	10157	0.8503219654685883	1.8926191055315358e-15	0.9934118306305958	4.114225795516748e-12	-	-	True	True	True
PLAUR	I9_CHD	Major coronary heart disease event	ukb-d-I9_CHD	Major coronary heart disease event	exact-code	10157	1.5867849949293351	6.299007229359608e-06	1.009517112088651	0.025172064217889523	+	+	True	True	True
FES	I9_CHD	Major coronary heart disease event	ukb-d-I9_CHD	Major coronary heart disease event	exact-code	10157	0.8904816949537475	1.2775785136506686e-05	0.9942446641867058	9.915787680972723e-09	-	-	True	True	True
LPL	I9_CHD	Major coronary heart disease event	ukb-d-I9_CHD	Major coronary heart disease event	exact-code	10157	0.9316830096525952	0.018598724123518	0.9969542341908159	2.625798890554845e-05	-	-	True	True	True
VNN2	I9_CHD	Major coronary heart disease event	ukb-d-I9_CHD	Major coronary heart disease event	exact-code	10157	1.0454011597851285	0.024087697510785	0.999805725563132	0.7296611889092435	+	-	False	False	False
SCARB1	I9_CHD	Major coronary heart disease event	ukb-d-I9_CHD	Major coronary heart disease event	exact-code	10157	0.9072242638039276	0.0298988980159263	0.9963736688621365	0.002993852083836748	-	-	True	True	True
IL18RAP	J10_ASTHMA_MAIN_EXMORE	Asthma (only as main-diagnosis) (more control exclusions)	ukb-b-18113	Non-cancer illness code, self-reported: asthma	name-match	53598	0.9208904584039718	3.730689735623657e-15	0.9899019442131409	1.9528591529016438e-33	-	-	True	True	True
ERBB2	J10_ASTHMA_MAIN_EXMORE	Asthma (only as main-diagnosis) (more control exclusions)	ukb-b-18113	Non-cancer illness code, self-reported: asthma	name-match	53598	2.5117281702729644	6.407249370969635e-13	1.1306446843383378	1.417492417109796e-33	+	+	True	True	True
IL4	J10_ASTHMA_MAIN_EXMORE	Asthma (only as main-diagnosis) (more control exclusions)	ukb-b-18113	Non-cancer illness code, self-reported: asthma	name-match	53598	0.6605963380916651	2.3171730726078692e-10	0.9474871605863919	1.344527805921941e-14	-	-	True	True	True
IL4R	J10_ASTHMA_MAIN_EXMORE	Asthma (only as main-diagnosis) (more control exclusions)	ukb-b-18113	Non-cancer illness code, self-reported: asthma	name-match	53598	0.8213989285656738	1.7190535580498808e-06	0.9821191529764962	3.3027065121559794e-10	-	-	True	True	True
SERPING1	J10_ASTHMA_MAIN_EXMORE	Asthma (only as main-diagnosis) (more control exclusions)	ukb-b-18113	Non-cancer illness code, self-reported: asthma	name-match	53598	1.163457501518054	8.245577597483483e-05	1.0055505532676525	0.029416933246534722	+	+	True	True	True
ERBB3	J10_ASTHMA_MAIN_EXMORE	Asthma (only as main-diagnosis) (more control exclusions)	ukb-b-18113	Non-cancer illness code, self-reported: asthma	name-match	53598	0.8152215108843451	0.0076655723393712	0.9661637596710915	1.040115972441579e-17	-	-	True	True	True
CD226	J10_ASTHMA_MAIN_EXMORE	Asthma (only as main-diagnosis) (more control exclusions)	ukb-b-18113	Non-cancer illness code, self-reported: asthma	name-match	53598	0.9111426564564064	0.0153765478468439	0.9950216194398971	0.008657102651763773	-	-	True	True	True
CDKN1A	I9_HEARTFAIL	Heart failure, strict	ukb-d-I9_HEARTFAIL	Heart failure,strict	exact-code	1405	1.4800683450158931	3.2219598714041936e-13	1.0001635648951155	0.8295137317297183	+	+	True	False	False
CDKN1A	CARDIAC_ARRHYTM	Cardiac arrhythmias	ukb-d-CARDIAC_ARRHYTM	Cardiac arrhytmias, COPD co-morbidities	exact-code	8801	1.3278349534185807	7.122774775720966e-12	1.0026234115076051	0.162806201723006	+	+	True	False	False
C2	RHEUMA_NOS	Other/unspecified rheumatoid arthritis	ukb-d-RHEUMA_NOS	Other/unspecified rheumatoid arthritis	exact-code	1281	4.758153515024508	7.676269253345186e-11	1.0036155404561478	7.755485744437838e-05	+	+	True	True	True
IL6ST	RHEUMA_NOS	Other/unspecified rheumatoid arthritis	ukb-d-RHEUMA_NOS	Other/unspecified rheumatoid arthritis	exact-code	1281	2.5105364366870973	0.006247457603573	1.0058861259520107	1.925300059305309e-06	+	+	True	True	True
CTLA4	RHEUMA_NOS	Other/unspecified rheumatoid arthritis	ukb-d-RHEUMA_NOS	Other/unspecified rheumatoid arthritis	exact-code	1281	0.5064176969838864	0.00757910926467	0.9965295585594879	0.00021733691271571564	-	-	True	True	True
PSRC1	I9_MI_STRICT	Myocardial infarction, strict	ukb-d-I9_MI_STRICT	Myocardial infarction, strict	exact-code	7018	0.8424693750152538	1.7662745744246235e-09	0.9955485391455392	2.3102833292300378e-08	-	-	True	True	True
PLAUR	I9_MI_STRICT	Myocardial infarction, strict	ukb-d-I9_MI_STRICT	Myocardial infarction, strict	exact-code	7018	1.7668849711313046	3.649107166599149e-05	1.00756697293471	0.03326023340163083	+	+	True	True	True
FES	I9_MI_STRICT	Myocardial infarction, strict	ukb-d-I9_MI_STRICT	Myocardial infarction, strict	exact-code	7018	0.8779495165705917	0.0009280847199209	0.9959266289877076	1.2770396545293419e-06	-	-	True	True	True
MAPKAPK2	K11_UC_STRICT2	Ulcerative colitis (strict definition, require KELA, min 2 HDR)	ukb-b-7584	Non-cancer illness code, self-reported: ulcerative colitis	name-match	2439	2.636683249863128	3.461192909165125e-09	1.0016536600345478	0.174505223212207	+	+	True	False	False
IL24	K11_UC_STRICT2	Ulcerative colitis (strict definition, require KELA, min 2 HDR)	ukb-b-7584	Non-cancer illness code, self-reported: ulcerative colitis	name-match	2439	1.7637698791270986	0.0029529060247667	1.0007297568690232	0.4736882343110051	+	+	True	False	False
CCL8	K11_UC_STRICT2	Ulcerative colitis (strict definition, require KELA, min 2 HDR)	ukb-b-7584	Non-cancer illness code, self-reported: ulcerative colitis	name-match	2439	6.055553172300361	0.005546449601892	0.9998141090181507	0.9558890873900544	+	-	False	False	False
HAVCR1	K11_UC_STRICT2	Ulcerative colitis (strict definition, require KELA, min 2 HDR)	ukb-b-7584	Non-cancer illness code, self-reported: ulcerative colitis	name-match	2439	0.4323213606439787	0.0068950854806005	0.9977599450516756	0.1666414732907706	-	-	True	False	False
ERBB2	K11_UC_STRICT2	Ulcerative colitis (strict definition, require KELA, min 2 HDR)	ukb-b-7584	Non-cancer illness code, self-reported: ulcerative colitis	name-match	2439	0.3362654250602673	0.0477331505665214	0.9941812074734087	0.01182204120120154	-	-	True	True	True
ARG1	T2D	Type 2 diabetes, definitions combined	ukb-b-13806	Non-cancer illness code, self-reported: type 2 diabetes	name-match	2972	0.922169312756154	2.2996617969185925e-08	0.9989195331168524	0.00380920401814154	-	-	True	True	True
SPRY2	T2D	Type 2 diabetes, definitions combined	ukb-b-13806	Non-cancer illness code, self-reported: type 2 diabetes	name-match	2972	1.3349625036172446	7.187647053624105e-06	1.0013411899687266	0.30980239464669335	+	+	True	False	False
ANPEP	T2D	Type 2 diabetes, definitions combined	ukb-b-13806	Non-cancer illness code, self-reported: type 2 diabetes	name-match	2972	1.048103391096572	2.2073614168494816e-05	1.0005838591442744	0.008514762315384979	+	+	True	True	True
SPINK8	T2D	Type 2 diabetes, definitions combined	ukb-b-13806	Non-cancer illness code, self-reported: type 2 diabetes	name-match	2972	0.8340418525474392	8.245577597483483e-05	0.9986776843000786	0.09845098470374683	-	-	True	False	False
NOMO1	T2D	Type 2 diabetes, definitions combined	ukb-b-13806	Non-cancer illness code, self-reported: type 2 diabetes	name-match	2972	1.0969062500032989	0.0020906427087545	1.0007749910397024	0.1096717944670395	+	+	True	False	False
EVI2B	T2D	Type 2 diabetes, definitions combined	ukb-b-13806	Non-cancer illness code, self-reported: type 2 diabetes	name-match	2972	0.774322451553972	0.004391372088591	0.9972442925380808	0.07888106548095367	-	-	True	False	False
CASP3	T2D	Type 2 diabetes, definitions combined	ukb-b-13806	Non-cancer illness code, self-reported: type 2 diabetes	name-match	2972	1.0847426735314722	0.0198063071135177	1.000416307386966	0.4471541651372761	+	+	True	False	False
PIK3IP1	T2D	Type 2 diabetes, definitions combined	ukb-b-13806	Non-cancer illness code, self-reported: type 2 diabetes	name-match	2972	1.0561174416647163	0.0319839945600214	1.0003936063787966	0.28831468193922977	+	+	True	False	False
DENR	M13_OTHERJOINT	Other joint disorders	ukb-d-M13_OTHERJOINT	#Other joint disorders	exact-code	27347	0.88418982648316	0.0216113164187754	0.9898275245440591	0.0027430853064727453	-	-	True	True	True
BMP6	K11_HERNIA	Hernia	ukb-d-K11_HERNIA	Hernia	exact-code	26197	0.7168604715909629	1.0544441660274037e-07	0.9855804348789717	0.003895465592365071	-	-	True	True	True
MXRA8	K11_HERNIA	Hernia	ukb-d-K11_HERNIA	Hernia	exact-code	26197	1.4612041743565505	0.0075276428544536	1.0246204221404953	0.03064174529740667	+	+	True	True	True
PIK3IP1	K11_HERNIA	Hernia	ukb-d-K11_HERNIA	Hernia	exact-code	26197	0.943590860429632	0.0128267242976087	1.0007230079320435	0.5895984475455083	-	+	False	False	False
EVI2B	K11_HERNIA	Hernia	ukb-d-K11_HERNIA	Hernia	exact-code	26197	1.2564340260682276	0.0397880012110379	1.0029123715760326	0.6099491314768279	+	+	True	False	False
CD70	CD2_PRIMARY_LYMPHOID_HEMATOPOIETIC_EXALLC	Primary_lymphoid and hematopoietic malignant neoplasms (controls excluding all cancers)	ukb-d-C3_PRIMARY_LYMPHOID_HEMATOPOIETIC	Primary_lymphoid and hematopoietic malignant neoplasms	name-match	2710	0.3702203813090532	4.331175869016915e-07	0.9970313993458946	0.16708114612147826	-	-	True	False	False
ACTA2	CD2_PRIMARY_LYMPHOID_HEMATOPOIETIC_EXALLC	Primary_lymphoid and hematopoietic malignant neoplasms (controls excluding all cancers)	ukb-d-C3_PRIMARY_LYMPHOID_HEMATOPOIETIC	Primary_lymphoid and hematopoietic malignant neoplasms	name-match	2710	1.0809215532595988	0.0055251490407263	1.0003960986835572	0.08082881725227388	+	+	True	False	False
IL6ST	RHEU_ARTHRITIS_OTH	Other arthritis (FG)	ukb-d-RHEU_ARTHRITIS_OTH	Other arthritis (FG)	exact-code	1212	2.073557495675644	1.2536684871738123e-06	1.0002444654269358	0.8387469549735405	+	+	True	False	False
LTBP2	H7_GLAUCOMA	Glaucoma	ukb-b-8398	Non-cancer illness code, self-reported: glaucoma	name-match	4737	0.6674232931893709	1.7642560080875782e-06	0.9936095198915742	1.006612242333533e-05	-	-	True	True	True
ANXA11	H7_GLAUCOMA	Glaucoma	ukb-b-8398	Non-cancer illness code, self-reported: glaucoma	name-match	4737	1.1922062043746104	0.0006426698589958	1.0025248153055628	0.000543705304634759	+	+	True	True	True
CRISP3	H7_GLAUCOMA	Glaucoma	ukb-b-8398	Non-cancer illness code, self-reported: glaucoma	name-match	4737	1.320205869625204	0.0302193921123628	0.9990062192579765	0.5148129055347058	+	-	False	False	False
SPON2	H7_GLAUCOMA	Glaucoma	ukb-b-8398	Non-cancer illness code, self-reported: glaucoma	name-match	4737	1.272214258130565	0.0364987567353841	1.0013266449455624	0.29714901815150363	+	+	True	False	False
TACC3	M13_ARTHROSIS	Arthrosis	ukb-d-M13_ARTHROSIS	#Arthrosis	exact-code	24977	1.0558053436076724	7.484632782802744e-06	1.001085044012773	0.23240963438147694	+	+	True	False	False
MAPRE3	M13_ARTHROSIS	Arthrosis	ukb-d-M13_ARTHROSIS	#Arthrosis	exact-code	24977	0.8151954767077417	0.00014809124014	0.9943565215226376	0.1402179232257333	-	-	True	False	False
EVI2B	M13_ARTHROSIS	Arthrosis	ukb-d-M13_ARTHROSIS	#Arthrosis	exact-code	24977	0.7849279091557434	0.0049672642897199	0.9814952959631581	0.0008260152061054946	-	-	True	True	True
CEBPB	M13_ARTHROSIS	Arthrosis	ukb-d-M13_ARTHROSIS	#Arthrosis	exact-code	24977	1.2178244726754428	0.0177326691346052	1.0093224768281195	0.06910731229532284	+	+	True	False	False
FES	M13_ARTHROSIS	Arthrosis	ukb-d-M13_ARTHROSIS	#Arthrosis	exact-code	24977	1.0676269564798528	0.0375920686777888	1.0061743763190283	6.957566673756492e-05	+	+	True	True	True
SPP1	M13_GOUT	Gout	ukb-b-13251	Non-cancer illness code, self-reported: gout	name-match	6543	1.2141203206381934	3.83546590510519e-06	1.005164257546168	6.534076159768383e-18	+	+	True	True	True
MAPKAPK2	ULCERNAS	Ulcerative colitis, NAS	ukb-d-ULCERNAS	Ulcerative colitis, NAS	exact-code	1903	2.3777072411162683	1.3348310200944751e-05	1.0004400730228282	0.7497900553699495	+	+	True	False	False
IL4	L12_PSORIASIS	Psoriasis	ukb-b-10537	Non-cancer illness code, self-reported: psoriasis	name-match	5314	1.7955955190555564	1.3837429061878042e-05	1.0053949877183124	0.02169738953057303	+	+	True	True	True
IFNGR2	L12_PSORIASIS	Psoriasis	ukb-b-10537	Non-cancer illness code, self-reported: psoriasis	name-match	5314	0.8757486654865103	0.0096148211343015	0.9977459393309058	4.340952559804905e-05	-	-	True	True	True
C2	L12_PSORIASIS	Psoriasis	ukb-b-10537	Non-cancer illness code, self-reported: psoriasis	name-match	5314	1.6201595163871174	0.0467251080603883	1.007124379378856	9.83549455515991e-07	+	+	True	True	True
KIAA0319	SPONDYLOPATHY_FG	Spondylopathies (FG)	ukb-d-M13_SPONDYLOPATHY	#Spondylopathies	name-match	4393	0.7075637618782429	4.26534771306845e-05	0.9985923168127158	0.09339968313203935	-	-	True	False	False
C2	SPONDYLOPATHY_FG	Spondylopathies (FG)	ukb-d-M13_SPONDYLOPATHY	#Spondylopathies	name-match	4393	2.6322505581511315	7.397208869940775e-05	0.9978058853815455	0.1941711774242152	+	-	False	False	False
KIAA0319	M13_ANKYLOSPON	Ankylosing spondylitis	ukb-b-18194	Non-cancer illness code, self-reported: ankylosing spondylitis	name-match	1296	0.6475203748690394	7.519151210274785e-05	0.9997687926620757	0.518515360993395	-	-	True	False	False
RAB44	M13_ANKYLOSPON	Ankylosing spondylitis	ukb-b-18194	Non-cancer illness code, self-reported: ankylosing spondylitis	name-match	1296	0.8122566172256516	0.0157498024239094	0.9998619182945774	0.531394147924358	-	-	True	False	False
AXL	ASTHMA_EOSINOPHIL_SUGG	Suggestive for eosinophilic asthma	ukb-d-ASTHMA_EOSINOPHIL_SUGG	Suggestive for eosinophilic asthma	exact-code	2302	2.75506319869451	8.271350789348621e-05	1.006560590537959	4.521489385513348e-06	+	+	True	True	True
TNFRSF14	ASTHMA_EOSINOPHIL_SUGG	Suggestive for eosinophilic asthma	ukb-d-ASTHMA_EOSINOPHIL_SUGG	Suggestive for eosinophilic asthma	exact-code	2302	0.7117248589088566	0.0005743499672151	0.9993513194060798	0.2008171879936104	-	-	True	False	False
IL18RAP	ASTHMA_EOSINOPHIL_SUGG	Suggestive for eosinophilic asthma	ukb-d-ASTHMA_EOSINOPHIL_SUGG	Suggestive for eosinophilic asthma	exact-code	2302	0.8597010824242423	0.0020828718706951	0.9988399857504985	1.1414956654404172e-06	-	-	True	True	True
BMP6	M13_SPINSTENOSIS	Spinal stenosis	ukb-d-M13_SPINSTENOSIS	Spinal stenosis	exact-code	1910	1.5548541426750122	8.697297761606608e-05	1.0012665728620285	0.37452428150759676	+	+	True	False	False
IL18RAP	ASTHMA_PNEUMONIA	Asthma-related pneumonia	ukb-d-ASTHMA_PNEUMONIA	Asthma-related pneumonia	exact-code	5900	0.9250672293313488	0.0001998376438478	1.0000648171725222	0.8644300886280436	-	+	False	False	False
SERPING1	ASTHMA_PNEUMONIA	Asthma-related pneumonia	ukb-d-ASTHMA_PNEUMONIA	Asthma-related pneumonia	exact-code	5900	1.2325363387109471	0.0017595519745027	1.0032113452340832	0.0051211289089809625	+	+	True	True	True
IL4	ASTHMA_PNEUMONIA	Asthma-related pneumonia	ukb-d-ASTHMA_PNEUMONIA	Asthma-related pneumonia	exact-code	5900	0.6874754184090923	0.0180063561061857	0.9983442117405307	0.6016229071714692	-	-	True	False	False
ERBB2	ASTHMA_PNEUMONIA	Asthma-related pneumonia	ukb-d-ASTHMA_PNEUMONIA	Asthma-related pneumonia	exact-code	5900	2.0803278341155	0.0319839945600214	1.001142011526684	0.8036139853327018	+	+	True	False	False
MAPRE3	M13_SOFTTISSUEOTH	Other soft tissue disorders, not elsewhere classified	ukb-d-M13_SOFTTISSUEOTH	Other soft tissue disorders, not elsewhere classified	exact-code	7233	0.8007621612666683	0.0003211687329817	1.001005600169279	0.6387106808392193	-	+	False	False	False
CD55	H7_RETINALDETACHBREAK	Retinal detachment with retinal break	ukb-d-H7_RETINALDETACHBREAK	Retinal detachment with retinal break	exact-code	1198	0.8586349958090447	0.0005452351896407	0.9994149552883899	0.001604691001653811	-	-	True	True	True
PHOSPHO1	H7_RETINALDETACHBREAK	Retinal detachment with retinal break	ukb-d-H7_RETINALDETACHBREAK	Retinal detachment with retinal break	exact-code	1198	1.7424506486721416	0.0199035687474798	1.000803638418573	0.3475221301670108	+	+	True	False	False
BMP6	K11_HERING	Inguinal hernia	ukb-b-14452	Non-cancer illness code, self-reported: inguinal hernia	name-match	1893	0.7183220423119322	0.0006593990703501	0.9987867330429402	0.2727925274826608	-	-	True	False	False
IL18RAP	J10_CHRONSINUSITIS	Chronic sinusitis	ukb-b-69	Non-cancer illness code, self-reported: chronic sinusitis	name-match	2888	0.9379946582121184	0.0012554537750037	1.0000343548344588	0.8691047172939809	-	+	False	False	False
AXL	J10_CHRONSINUSITIS	Chronic sinusitis	ukb-b-69	Non-cancer illness code, self-reported: chronic sinusitis	name-match	2888	1.3954547957430152	0.0170178397255661	1.0009135276408951	0.46431440679313907	+	+	True	False	False
IL2RB	J10_CHRONSINUSITIS	Chronic sinusitis	ukb-b-69	Non-cancer illness code, self-reported: chronic sinusitis	name-match	2888	1.8507843513969109	0.0425234350718948	1.00060161274729	0.8059542020965281	+	+	True	False	False
PSRC1	I9_UAP	Unstable angina pectoris	ukb-d-I9_UAP	Unstable angina pectoris	exact-code	3439	0.8596044631521627	0.0011000243170171	0.9981485144285863	0.0010244669449160026	-	-	True	True	True
TNFSF12	H7_EYELIDDIS	Other disorders of eyelid	ukb-d-H7_EYELIDDIS	Other disorders of eyelid	exact-code	4529	1.1132031491779093	0.0012161507774307	0.9997432663508683	0.6147135837180057	+	-	False	False	False
MAPRE3	M13_LIMBPAIN	Pain in limb	ukb-d-M13_LIMBPAIN	Pain in limb	exact-code	3674	0.7891525684620998	0.0020906427087545	0.9998544002055315	0.9243687619286091	-	-	True	False	False
PSRC1	C_STROKE	STROKE	ukb-d-C_STROKE	STROKE	exact-code	6146	0.9147491208888632	0.0037512437016884	0.9982181251570229	0.017547091600062216	-	-	True	True	True
FES	C_STROKE	STROKE	ukb-d-C_STROKE	STROKE	exact-code	6146	0.9179329057337916	0.0363097730735885	0.9983324269766223	0.03517090586047742	-	-	True	True	True
MAPRE3	M13_SPONDYLOPATHY	Spondylopathies	ukb-d-M13_SPONDYLOPATHY	#Spondylopathies	exact-code	4393	0.8008210735695058	0.003787493718214	0.9990485961020545	0.5697711711693993	-	-	True	False	False
DENR	M13_SPONDYLOPATHY	Spondylopathies	ukb-d-M13_SPONDYLOPATHY	#Spondylopathies	exact-code	4393	0.8535431281213816	0.0449833554016796	1.0005564307185457	0.6942298653205422	-	+	False	False	False
TGFA	K11_OTHDIG	Diseases of the digestive system	ukb-d-K11_OTHDIG	Other diseases of the digestive system	exact-code	7063	0.7512635907226819	0.0053135653526621	0.9996160642057068	0.8356263557079329	-	-	True	False	False
IL4	H7_CHALAZION	Chalazion	ukb-d-H7_CHALAZION	Chalazion	exact-code	1418	2.1300355917440137	0.0056805686693544	1.0015911007863576	0.31138008812675816	+	+	True	False	False
BMP6	M13_MENISCUSDERANGEMENTS	Meniscus derangement	ukb-d-M13_MENISCUSDERANGEMENTS	Meniscus derangement	exact-code	10831	0.7178876641257432	0.0075276428544536	0.9883075928237846	0.00044836254220703437	-	-	True	True	True
JMJD1C	D3_ANAEMIA_IRONDEF	Iron deficiency anaemia	ukb-d-D3_ANAEMIA_IRONDEF	Iron deficiency anaemia	exact-code	3786	2.508823060888506	0.0114143302420887	0.998860916196349	0.8042143266833478	+	-	False	False	False
NOMO1	G6_NERPLEX	Nerve, nerve root and plexus disorders	ukb-d-G6_NERPLEX	Nerve, nerve root and plexus disorders	exact-code	10898	1.0909655980828072	0.0130302153620398	1.000751915150175	0.5217341489313176	+	+	True	False	False
FGFR2	M13_FIBROBLASTIC	Fibroblastic disorders	ukb-d-M13_FIBROBLASTIC	Fibroblastic disorders	exact-code	3190	0.8548182911259704	0.0130985994497798	0.9992840012359787	0.1869085443471136	-	-	True	False	False
CTLA4	L12_ACTINKERA	Actinic keratosis	ukb-d-L12_ACTINKERA	Actinic keratosis	exact-code	1349	1.4681018748237653	0.0132116537665319	1.000858879285698	0.37310734241621063	+	+	True	False	False
MAP1LC3A	L12_ACTINKERA	Actinic keratosis	ukb-d-L12_ACTINKERA	Actinic keratosis	exact-code	1349	0.8916954361982903	0.0481211555051374	0.998890267114807	5.5434146897656126e-05	-	-	True	True	True
SMPD3	L12_ATROPHICSKIN	Atrophic disorders of skin	ukb-d-L12_ATROPHICSKIN	Atrophic disorders of skin	exact-code	1757	2.144556491139096	0.0133004280019705	0.9981130691850423	0.18869613261645793	+	-	False	False	False
CA8	M13_SOFTOVERUSE	Soft tissue disorders related to use, overuse and pressure	ukb-d-M13_SOFTOVERUSE	Soft tissue disorders related to use, overuse and pressure	exact-code	1132	0.7299057361971232	0.0195064333599407	0.9997992004943393	0.7833196140686556	-	-	True	False	False
FGFR2	M13_DUPUTRYEN	Palmar fascial fibromatosis [Dupuytren]	ukb-d-M13_DUPUTRYEN	Palmar fascial fibromatosis [Dupuytren]	exact-code	2948	0.8246061003010753	0.0219079128115554	0.9990341915606515	0.06400930042292095	-	-	True	False	False
VAT1	M13_SHOULDER	Shoulder lesions	ukb-d-M13_SHOULDER	Shoulder lesions	exact-code	7243	0.899448100817927	0.0258866214219995	0.9983106663705118	0.14843200422582423	-	-	True	False	False
TMEM106A	M13_SHOULDER	Shoulder lesions	ukb-d-M13_SHOULDER	Shoulder lesions	exact-code	7243	0.8458589007567047	0.0276262378130988	0.9971114293748563	0.11830566002645569	-	-	True	False	False
DUSP13	M13_SHOULDER	Shoulder lesions	ukb-d-M13_SHOULDER	Shoulder lesions	exact-code	7243	1.904789278914735	0.0354887377075775	1.0186340972321586	0.009963876895563276	+	+	True	True	True
LTBP2	M13_HALLUXRIGIDUS	Hallux rigidus	ukb-d-M13_HALLUXRIGIDUS	Hallux rigidus	exact-code	1130	1.7653771130377065	0.0297573188236247	1.0002176487643462	0.8113141306941033	+	+	True	False	False
LTBP3	G6_CARPTU	Carpal tunnel syndrome	ukb-d-G6_CARPTU	Carpal tunnel syndrome	exact-code	7973	1.1199047202568422	0.0308899424720015	1.0004832148288365	0.5736456420560805	+	+	True	False	False
CD46	M13_DORSALGIA	Dorsalgia	ukb-d-M13_DORSALGIA	Dorsalgia	exact-code	8799	0.6812608569589906	0.0329968770846153	1.0018206052375433	0.7565467059466529	-	+	False	False	False
TMEM106A	M13_ROTATORCUFF	Rotator cuff syndrome	ukb-d-M13_ROTATORCUFF	Rotator cuff syndrome	exact-code	2285	0.8240726809654215	0.0338579059225456	0.9971163024688042	0.005830906410004964	-	-	True	True	True
VAT1	M13_ROTATORCUFF	Rotator cuff syndrome	ukb-d-M13_ROTATORCUFF	Rotator cuff syndrome	exact-code	2285	0.8855868080911896	0.0358394091735763	0.9981525797690056	0.005196858315019445	-	-	True	True	True
MERTK	M13_ROTATORCUFF	Rotator cuff syndrome	ukb-d-M13_ROTATORCUFF	Rotator cuff syndrome	exact-code	2285	1.0761155069281636	0.0412838203119931	1.0003991123946032	0.3619503179125452	+	+	True	False	False
CRIM1	G6_SLEEPAPNO	Sleep apnoea	ukb-d-G6_SLEEPAPNO	Sleep apnoea	exact-code	2249	0.8361071400953787	0.0351659270479638	0.9986551069192365	0.27735843895280793	-	-	True	False	False
NT5E	M13_LOWBACKPAIN	Low back pain	ukb-d-M13_LOWBACKPAIN	Low back pain	exact-code	5423	0.9450952875271084	0.0372517608001582	1.0003773930407505	0.4250379014421101	-	+	False	False	False
ERBB2	BRONCHITIS	Bronchitis	ukb-d-BRONCHITIS	Bronchitis	exact-code	4283	1.431655840928499	0.0454180451615326	0.9969337234636114	0.4339784750305873	+	-	False	False	False
