gene_symbol	phenocode	disease	uk_id	fin_OR	fin_FDR	uk_OR	uk_p	fin_dir	uk_dir	concordant	uk_replicates	two_population_validated
CFH	H7_MACULADEGEN	Degeneration of macula and posterior pole	ukb-d-H7_MACULADEGEN	0.0414843392154316	4.814779302667164e-211	0.9956200060084975	0.0003950213757773793	-	-	True	True	True
C2	H7_MACULADEGEN	Degeneration of macula and posterior pole	ukb-d-H7_MACULADEGEN	2.1775279578553453	4.908593489010671e-12	0.9993882827597403	0.45246648194230943	+	-	False	False	False
NUMB	H7_MACULADEGEN	Degeneration of macula and posterior pole	ukb-d-H7_MACULADEGEN	0.7070969341949453	0.0032336142225582	1.0001616184601638	0.8615872633445298	-	+	False	False	False
PDGFB	H7_MACULADEGEN	Degeneration of macula and posterior pole	ukb-d-H7_MACULADEGEN	1.155003585896671	0.0073361000141657	1.0000431220810269	0.9063212206859768	+	+	True	False	False
CFH	H7_RETINALDISOTH	Other retinal disorders	ukb-d-H7_RETINALDISOTH	0.1595713697742229	6.6595348429256966e-105	0.9952690482857409	0.0030263135632166973	-	-	True	True	True
C2	H7_RETINALDISOTH	Other retinal disorders	ukb-d-H7_RETINALDISOTH	2.142297210828134	9.157826349071448e-19	1.0001836640238762	0.8613496810330195	+	+	True	False	False
ERBB3	H7_RETINALDISOTH	Other retinal disorders	ukb-d-H7_RETINALDISOTH	0.8088099781633672	0.0495763497723922	1.0007475890006023	0.44314807630895797	-	+	False	False	False
SLC12A2	I9_DISVEINLYMPH	Diseases of veins, lymphatic vessels and lymph nodes, not elsewhere classified	ukb-d-I9_DISVEINLYMPH	0.6028265127492374	2.765185456140853e-35	0.9809891561304507	1.7063155242273993e-17	-	-	True	True	True
PPP3R1	I9_DISVEINLYMPH	Diseases of veins, lymphatic vessels and lymph nodes, not elsewhere classified	ukb-d-I9_DISVEINLYMPH	1.2457151905101065	1.6762462806632653e-24	1.010641164708496	3.816366831650285e-16	+	+	True	True	True
CRIM1	I9_DISVEINLYMPH	Diseases of veins, lymphatic vessels and lymph nodes, not elsewhere classified	ukb-d-I9_DISVEINLYMPH	0.7797368781331545	2.2768791040641663e-06	0.9948083735826073	0.06364537477757816	-	-	True	False	False
EFNA1	I9_DISVEINLYMPH	Diseases of veins, lymphatic vessels and lymph nodes, not elsewhere classified	ukb-d-I9_DISVEINLYMPH	0.5894835327425846	0.0002993819271604	0.9880552686083326	0.045467288140369454	-	-	True	True	True
ADM	I9_DISVEINLYMPH	Diseases of veins, lymphatic vessels and lymph nodes, not elsewhere classified	ukb-d-I9_DISVEINLYMPH	1.0893533173751386	0.0061204152343437	1.0028923379812429	0.02081874554627133	+	+	True	True	True
PDLIM7	I9_DISVEINLYMPH	Diseases of veins, lymphatic vessels and lymph nodes, not elsewhere classified	ukb-d-I9_DISVEINLYMPH	0.7836556111360843	0.0077026311849418	0.9934209365781766	0.06728871641853314	-	-	True	False	False
SLC16A1	I9_DISVEINLYMPH	Diseases of veins, lymphatic vessels and lymph nodes, not elsewhere classified	ukb-d-I9_DISVEINLYMPH	0.7977315639320371	0.0103403455498788	0.998672168043153	0.693521839846843	-	-	True	False	False
THBD	I9_DISVEINLYMPH	Diseases of veins, lymphatic vessels and lymph nodes, not elsewhere classified	ukb-d-I9_DISVEINLYMPH	0.929126100039842	0.0334143970374397	0.9965391701425458	0.019447204125808033	-	-	True	True	True
MYL4	I9_DISVEINLYMPH	Diseases of veins, lymphatic vessels and lymph nodes, not elsewhere classified	ukb-d-I9_DISVEINLYMPH	0.574624202815094	0.034868725509922	0.991210549927408	0.38216392276657235	-	-	True	False	False
C2	M13_RHEUMA	Rheumatoid arthritis	ukb-d-M13_RHEUMA	4.411784661989173	7.6372331567933465e-34	1.0042662384252055	3.2964879930614766e-05	+	+	True	True	True
IL6ST	M13_RHEUMA	Rheumatoid arthritis	ukb-d-M13_RHEUMA	2.632384596643061	1.589691802796057e-13	1.0061881089410636	7.827595570030506e-06	+	+	True	True	True
CTLA4	M13_RHEUMA	Rheumatoid arthritis	ukb-d-M13_RHEUMA	0.5105947113703064	2.080771310971751e-11	0.996881821943308	0.00299986941999461	-	-	True	True	True
CA8	M13_RHEUMA	Rheumatoid arthritis	ukb-d-M13_RHEUMA	0.746217049064143	0.0100959718337687	0.9982460675962678	0.04320354429697544	-	-	True	True	True
SWAP70	M13_RHEUMA	Rheumatoid arthritis	ukb-d-M13_RHEUMA	0.8293131115972837	0.0329775060837499	0.998831766957539	0.028108091139834285	-	-	True	True	True
TNFRSF14	M13_RHEUMA	Rheumatoid arthritis	ukb-d-M13_RHEUMA	0.8739742552963211	0.0367247809834666	0.999324246068793	0.11085091031509758	-	-	True	False	False
MYL6B	M13_RHEUMA	Rheumatoid arthritis	ukb-d-M13_RHEUMA	1.396184655655942	0.0426853316634806	1.0002888269342893	0.7891337475363416	+	+	True	False	False
FES	I9_HYPTENS	Hypertension	ukb-d-I9_HYPTENS	0.8468839990603911	1.3034218837950704e-28	0.9993733772735486	0.0804076506989277	-	-	True	False	False
ACE	I9_HYPTENS	Hypertension	ukb-d-I9_HYPTENS	1.6114209191709736	5.32071809321131e-08	1.0016053710931645	0.3963382401148279	+	+	True	False	False
SPINK8	I9_HYPTENS	Hypertension	ukb-d-I9_HYPTENS	0.8476635987428299	1.39069754708218e-05	1.0003740817014604	0.5732070281641222	-	+	False	False	False
IFNGR2	I9_HYPTENS	Hypertension	ukb-d-I9_HYPTENS	1.0664311640761612	3.5370441860658856e-05	1.0000721302095699	0.8327056983508812	+	+	True	False	False
SWAP70	I9_HYPTENS	Hypertension	ukb-d-I9_HYPTENS	0.8981950163318115	4.819561437260463e-05	0.9992629577367401	0.1153945119598165	-	-	True	False	False
MERTK	I9_HYPTENS	Hypertension	ukb-d-I9_HYPTENS	1.062439129279221	4.899940150507781e-05	1.0000672605481122	0.8349835093287845	+	+	True	False	False
TNFSF12	I9_HYPTENS	Hypertension	ukb-d-I9_HYPTENS	1.059272096895342	9.38051580092912e-05	1.000632738260792	0.01814065030972988	+	+	True	True	True
NGFR	I9_HYPTENS	Hypertension	ukb-d-I9_HYPTENS	0.6333947538585684	0.0001016088028641	1.002420876607875	0.2745366007214469	-	+	False	False	False
JMJD1C	I9_HYPTENS	Hypertension	ukb-d-I9_HYPTENS	1.6671465461882875	0.000502065711949	0.9979266720120142	0.43138710243827916	+	-	False	False	False
MAPRE3	I9_HYPTENS	Hypertension	ukb-d-I9_HYPTENS	0.8382669413697186	0.0005451156335936	0.9986302167984479	0.12489998694078336	-	-	True	False	False
ANXA2	I9_HYPTENS	Hypertension	ukb-d-I9_HYPTENS	1.1095830136652372	0.0024185398060151	1.000517019985363	0.34213607153352843	+	+	True	False	False
CLINT1	I9_HYPTENS	Hypertension	ukb-d-I9_HYPTENS	1.4368403263327851	0.0071983064086892	1.0003552302686434	0.8674100338217251	+	+	True	False	False
MAPT	I9_HYPTENS	Hypertension	ukb-d-I9_HYPTENS	1.5741270163303778	0.0084364124951316	0.9977170412275768	0.43832686664826465	+	-	False	False	False
SLC16A1	I9_HYPTENS	Hypertension	ukb-d-I9_HYPTENS	0.8276151343209475	0.0087770309363827	0.9998873988879651	0.9189107411246439	-	-	True	False	False
MYL4	I9_HYPTENS	Hypertension	ukb-d-I9_HYPTENS	1.6566342513940038	0.0088542867957432	0.9965588717191334	0.3002850709331442	+	-	False	False	False
PFKFB2	I9_HYPTENS	Hypertension	ukb-d-I9_HYPTENS	0.7249380606905292	0.0130302153620398	0.9992537320628792	0.6988990115107584	-	-	True	False	False
ADM	I9_HYPTENS	Hypertension	ukb-d-I9_HYPTENS	1.0699589450331417	0.0140330910231028	0.9998466531427724	0.7082908933835281	+	-	False	False	False
PIK3IP1	I9_HYPTENS	Hypertension	ukb-d-I9_HYPTENS	1.0484890304176304	0.028352760067329	0.9998699333308355	0.6713349248593394	+	-	False	False	False
IL1RN	I9_HYPTENS	Hypertension	ukb-d-I9_HYPTENS	0.8305428779673497	0.0435337608524896	1.0001803391570985	0.9020284859698561	-	+	False	False	False
PSRC1	I9_CORATHER	Coronary atherosclerosis	ukb-d-I9_CORATHER	0.8271831854130581	9.227066656692128e-23	0.9892959186999888	5.747045732153104e-22	-	-	True	True	True
FES	I9_CORATHER	Coronary atherosclerosis	ukb-d-I9_CORATHER	0.8893360577062895	5.175969257873033e-06	0.9933317836863175	1.389270588862108e-08	-	-	True	True	True
SORT1	I9_CORATHER	Coronary atherosclerosis	ukb-d-I9_CORATHER	0.6571327078647082	0.0020125461957679	0.9852217847036612	0.0071162482321000245	-	-	True	True	True
SCARB1	I9_CORATHER	Coronary atherosclerosis	ukb-d-I9_CORATHER	0.8975879515659257	0.0034683955010659	0.996543267243814	0.015685814890337893	-	-	True	True	True
CDKN1A	I9_CORATHER	Coronary atherosclerosis	ukb-d-I9_CORATHER	1.2081661308661045	0.0037354379339553	1.0038169954552913	0.10373160361535708	+	+	True	False	False
PLAUR	I9_CORATHER	Coronary atherosclerosis	ukb-d-I9_CORATHER	1.4336001789743753	0.0039758870475332	1.0136865354279192	0.006068486831262447	+	+	True	True	True
LPL	I9_CORATHER	Coronary atherosclerosis	ukb-d-I9_CORATHER	0.927942210071436	0.0051921613478377	0.9972475610391571	0.001192777445981906	-	-	True	True	True
LRP1	I9_CORATHER	Coronary atherosclerosis	ukb-d-I9_CORATHER	0.5483081326804462	0.0080584086412413	0.978670061108481	0.018669533871262058	-	-	True	True	True
PIK3IP1	I9_CORATHER	Coronary atherosclerosis	ukb-d-I9_CORATHER	1.0691167335367644	0.0189798143538556	1.000466715792137	0.642436928329086	+	+	True	False	False
C2	M13_POLYARTHROPATHIES	Polyarthropathies	ukb-d-M13_POLYARTHROPATHIES	2.07559879429806	5.6452922516472e-22	1.0042446117134145	0.0037485334176026214	+	+	True	True	True
IL6ST	M13_POLYARTHROPATHIES	Polyarthropathies	ukb-d-M13_POLYARTHROPATHIES	1.7476171009027797	6.63851948591804e-11	1.0043922212720426	0.02587275625994854	+	+	True	True	True
CTLA4	M13_POLYARTHROPATHIES	Polyarthropathies	ukb-d-M13_POLYARTHROPATHIES	0.7096317913191091	9.86341842894295e-07	0.9976892095843524	0.12293160071634102	-	-	True	False	False
CA8	M13_POLYARTHROPATHIES	Polyarthropathies	ukb-d-M13_POLYARTHROPATHIES	0.8117694292136052	0.0009552120077878	0.9983216425675403	0.17464269934066962	-	-	True	False	False
PSRC1	I9_IHD	Ischaemic heart disease, wide definition	ukb-d-I9_IHD	0.8555309876379927	2.3322609932015485e-19	0.9870776400909957	1.4748378549856947e-22	-	-	True	True	True
FES	I9_IHD	Ischaemic heart disease, wide definition	ukb-d-I9_IHD	0.909080012154113	8.452536115913447e-05	0.9897703725942932	2.481537690621492e-13	-	-	True	True	True
PLAUR	I9_IHD	Ischaemic heart disease, wide definition	ukb-d-I9_IHD	1.4345602822531534	0.0002043323938804	1.017895500421324	0.0026549405404397448	+	+	True	True	True
SORT1	I9_IHD	Ischaemic heart disease, wide definition	ukb-d-I9_IHD	0.6869391703423435	0.0016872784152532	0.976865017719937	0.00038361452703198083	-	-	True	True	True
LPL	I9_IHD	Ischaemic heart disease, wide definition	ukb-d-I9_IHD	0.936283187908848	0.0059056948521173	0.9952987792971949	3.325759700011036e-06	-	-	True	True	True
CDKN1A	I9_IHD	Ischaemic heart disease, wide definition	ukb-d-I9_IHD	1.1650943340111533	0.0195008098321893	1.0061351359012103	0.028355796025421466	+	+	True	True	True
TGFB2	M13_HALLUXVALGUS	Hallux valgus (acquired)	ukb-d-M13_HALLUXVALGUS	2.6973509048062287	0.0018816064793028	1.010275596810787	0.0680318104828257	+	+	True	False	False
MAP1LC3A	M13_HALLUXVALGUS	Hallux valgus (acquired)	ukb-d-M13_HALLUXVALGUS	0.8944576354860955	0.0244638667253075	0.9987515919749741	0.021446350322615992	-	-	True	True	True
CA8	M13_HALLUXVALGUS	Hallux valgus (acquired)	ukb-d-M13_HALLUXVALGUS	0.7730495450089695	0.0371925727443268	1.0015584004888658	0.3219490324212543	-	+	False	False	False
TSPAN15	I9_VTE	Venous thromboembolism	ukb-d-I9_VTE	0.7318646631299554	4.331175869016915e-07	0.9934372973952109	2.3269741943158364e-07	-	-	True	True	True
PDLIM7	I9_VTE	Venous thromboembolism	ukb-d-I9_VTE	0.7184121014283523	0.0381407557588447	0.9967341819672523	0.15034634753052536	-	-	True	False	False
PSRC1	I9_CHD	Major coronary heart disease event	ukb-d-I9_CHD	0.8503219654685883	1.8926191055315358e-15	0.9934118306305958	4.114225795516748e-12	-	-	True	True	True
PLAUR	I9_CHD	Major coronary heart disease event	ukb-d-I9_CHD	1.5867849949293351	6.299007229359608e-06	1.009517112088651	0.025172064217889523	+	+	True	True	True
FES	I9_CHD	Major coronary heart disease event	ukb-d-I9_CHD	0.8904816949537475	1.2775785136506686e-05	0.9942446641867058	9.915787680972723e-09	-	-	True	True	True
LPL	I9_CHD	Major coronary heart disease event	ukb-d-I9_CHD	0.9316830096525952	0.018598724123518	0.9969542341908159	2.625798890554845e-05	-	-	True	True	True
VNN2	I9_CHD	Major coronary heart disease event	ukb-d-I9_CHD	1.0454011597851285	0.024087697510785	0.999805725563132	0.7296611889092435	+	-	False	False	False
SCARB1	I9_CHD	Major coronary heart disease event	ukb-d-I9_CHD	0.9072242638039276	0.0298988980159263	0.9963736688621365	0.002993852083836748	-	-	True	True	True
CDKN1A	I9_HEARTFAIL	Heart failure, strict	ukb-d-I9_HEARTFAIL	1.4800683450158931	3.2219598714041936e-13	1.0001635648951155	0.8295137317297183	+	+	True	False	False
CDKN1A	CARDIAC_ARRHYTM	Cardiac arrhythmias	ukb-d-CARDIAC_ARRHYTM	1.3278349534185807	7.122774775720966e-12	1.0026234115076051	0.162806201723006	+	+	True	False	False
C2	RHEUMA_NOS	Other/unspecified rheumatoid arthritis	ukb-d-RHEUMA_NOS	4.758153515024508	7.676269253345186e-11	1.0036155404561478	7.755485744437838e-05	+	+	True	True	True
IL6ST	RHEUMA_NOS	Other/unspecified rheumatoid arthritis	ukb-d-RHEUMA_NOS	2.5105364366870973	0.006247457603573	1.0058861259520107	1.925300059305309e-06	+	+	True	True	True
CTLA4	RHEUMA_NOS	Other/unspecified rheumatoid arthritis	ukb-d-RHEUMA_NOS	0.5064176969838864	0.00757910926467	0.9965295585594879	0.00021733691271571564	-	-	True	True	True
PSRC1	I9_MI_STRICT	Myocardial infarction, strict	ukb-d-I9_MI_STRICT	0.8424693750152538	1.7662745744246235e-09	0.9955485391455392	2.3102833292300378e-08	-	-	True	True	True
PLAUR	I9_MI_STRICT	Myocardial infarction, strict	ukb-d-I9_MI_STRICT	1.7668849711313046	3.649107166599149e-05	1.00756697293471	0.03326023340163083	+	+	True	True	True
FES	I9_MI_STRICT	Myocardial infarction, strict	ukb-d-I9_MI_STRICT	0.8779495165705917	0.0009280847199209	0.9959266289877076	1.2770396545293419e-06	-	-	True	True	True
DENR	M13_OTHERJOINT	Other joint disorders	ukb-d-M13_OTHERJOINT	0.88418982648316	0.0216113164187754	0.9898275245440591	0.0027430853064727453	-	-	True	True	True
BMP6	K11_HERNIA	Hernia	ukb-d-K11_HERNIA	0.7168604715909629	1.0544441660274037e-07	0.9855804348789717	0.003895465592365071	-	-	True	True	True
MXRA8	K11_HERNIA	Hernia	ukb-d-K11_HERNIA	1.4612041743565505	0.0075276428544536	1.0246204221404953	0.03064174529740667	+	+	True	True	True
PIK3IP1	K11_HERNIA	Hernia	ukb-d-K11_HERNIA	0.943590860429632	0.0128267242976087	1.0007230079320435	0.5895984475455083	-	+	False	False	False
EVI2B	K11_HERNIA	Hernia	ukb-d-K11_HERNIA	1.2564340260682276	0.0397880012110379	1.0029123715760326	0.6099491314768279	+	+	True	False	False
IL6ST	RHEU_ARTHRITIS_OTH	Other arthritis (FG)	ukb-d-RHEU_ARTHRITIS_OTH	2.073557495675644	1.2536684871738123e-06	1.0002444654269358	0.8387469549735405	+	+	True	False	False
TACC3	M13_ARTHROSIS	Arthrosis	ukb-d-M13_ARTHROSIS	1.0558053436076724	7.484632782802744e-06	1.001085044012773	0.23240963438147694	+	+	True	False	False
MAPRE3	M13_ARTHROSIS	Arthrosis	ukb-d-M13_ARTHROSIS	0.8151954767077417	0.00014809124014	0.9943565215226376	0.1402179232257333	-	-	True	False	False
EVI2B	M13_ARTHROSIS	Arthrosis	ukb-d-M13_ARTHROSIS	0.7849279091557434	0.0049672642897199	0.9814952959631581	0.0008260152061054946	-	-	True	True	True
CEBPB	M13_ARTHROSIS	Arthrosis	ukb-d-M13_ARTHROSIS	1.2178244726754428	0.0177326691346052	1.0093224768281195	0.06910731229532284	+	+	True	False	False
FES	M13_ARTHROSIS	Arthrosis	ukb-d-M13_ARTHROSIS	1.0676269564798528	0.0375920686777888	1.0061743763190283	6.957566673756492e-05	+	+	True	True	True
MAPKAPK2	ULCERNAS	Ulcerative colitis, NAS	ukb-d-ULCERNAS	2.3777072411162683	1.3348310200944751e-05	1.0004400730228282	0.7497900553699495	+	+	True	False	False
AXL	ASTHMA_EOSINOPHIL_SUGG	Suggestive for eosinophilic asthma	ukb-d-ASTHMA_EOSINOPHIL_SUGG	2.75506319869451	8.271350789348621e-05	1.006560590537959	4.521489385513348e-06	+	+	True	True	True
TNFRSF14	ASTHMA_EOSINOPHIL_SUGG	Suggestive for eosinophilic asthma	ukb-d-ASTHMA_EOSINOPHIL_SUGG	0.7117248589088566	0.0005743499672151	0.9993513194060798	0.2008171879936104	-	-	True	False	False
IL18RAP	ASTHMA_EOSINOPHIL_SUGG	Suggestive for eosinophilic asthma	ukb-d-ASTHMA_EOSINOPHIL_SUGG	0.8597010824242423	0.0020828718706951	0.9988399857504985	1.1414956654404172e-06	-	-	True	True	True
BMP6	M13_SPINSTENOSIS	Spinal stenosis	ukb-d-M13_SPINSTENOSIS	1.5548541426750122	8.697297761606608e-05	1.0012665728620285	0.37452428150759676	+	+	True	False	False
IL18RAP	ASTHMA_PNEUMONIA	Asthma-related pneumonia	ukb-d-ASTHMA_PNEUMONIA	0.9250672293313488	0.0001998376438478	1.0000648171725222	0.8644300886280436	-	+	False	False	False
SERPING1	ASTHMA_PNEUMONIA	Asthma-related pneumonia	ukb-d-ASTHMA_PNEUMONIA	1.2325363387109471	0.0017595519745027	1.0032113452340832	0.0051211289089809625	+	+	True	True	True
IL4	ASTHMA_PNEUMONIA	Asthma-related pneumonia	ukb-d-ASTHMA_PNEUMONIA	0.6874754184090923	0.0180063561061857	0.9983442117405307	0.6016229071714692	-	-	True	False	False
ERBB2	ASTHMA_PNEUMONIA	Asthma-related pneumonia	ukb-d-ASTHMA_PNEUMONIA	2.0803278341155	0.0319839945600214	1.001142011526684	0.8036139853327018	+	+	True	False	False
MAPRE3	M13_SOFTTISSUEOTH	Other soft tissue disorders, not elsewhere classified	ukb-d-M13_SOFTTISSUEOTH	0.8007621612666683	0.0003211687329817	1.001005600169279	0.6387106808392193	-	+	False	False	False
CD55	H7_RETINALDETACHBREAK	Retinal detachment with retinal break	ukb-d-H7_RETINALDETACHBREAK	0.8586349958090447	0.0005452351896407	0.9994149552883899	0.001604691001653811	-	-	True	True	True
PHOSPHO1	H7_RETINALDETACHBREAK	Retinal detachment with retinal break	ukb-d-H7_RETINALDETACHBREAK	1.7424506486721416	0.0199035687474798	1.000803638418573	0.3475221301670108	+	+	True	False	False
PSRC1	I9_UAP	Unstable angina pectoris	ukb-d-I9_UAP	0.8596044631521627	0.0011000243170171	0.9981485144285863	0.0010244669449160026	-	-	True	True	True
TNFSF12	H7_EYELIDDIS	Other disorders of eyelid	ukb-d-H7_EYELIDDIS	1.1132031491779093	0.0012161507774307	0.9997432663508683	0.6147135837180057	+	-	False	False	False
MAPRE3	M13_LIMBPAIN	Pain in limb	ukb-d-M13_LIMBPAIN	0.7891525684620998	0.0020906427087545	0.9998544002055315	0.9243687619286091	-	-	True	False	False
PSRC1	C_STROKE	STROKE	ukb-d-C_STROKE	0.9147491208888632	0.0037512437016884	0.9982181251570229	0.017547091600062216	-	-	True	True	True
FES	C_STROKE	STROKE	ukb-d-C_STROKE	0.9179329057337916	0.0363097730735885	0.9983324269766223	0.03517090586047742	-	-	True	True	True
MAPRE3	M13_SPONDYLOPATHY	Spondylopathies	ukb-d-M13_SPONDYLOPATHY	0.8008210735695058	0.003787493718214	0.9990485961020545	0.5697711711693993	-	-	True	False	False
DENR	M13_SPONDYLOPATHY	Spondylopathies	ukb-d-M13_SPONDYLOPATHY	0.8535431281213816	0.0449833554016796	1.0005564307185457	0.6942298653205422	-	+	False	False	False
TGFA	K11_OTHDIG	Diseases of the digestive system	ukb-d-K11_OTHDIG	0.7512635907226819	0.0053135653526621	0.9996160642057068	0.8356263557079329	-	-	True	False	False
IL4	H7_CHALAZION	Chalazion	ukb-d-H7_CHALAZION	2.1300355917440137	0.0056805686693544	1.0015911007863576	0.31138008812675816	+	+	True	False	False
BMP6	M13_MENISCUSDERANGEMENTS	Meniscus derangement	ukb-d-M13_MENISCUSDERANGEMENTS	0.7178876641257432	0.0075276428544536	0.9883075928237846	0.00044836254220703437	-	-	True	True	True
JMJD1C	D3_ANAEMIA_IRONDEF	Iron deficiency anaemia	ukb-d-D3_ANAEMIA_IRONDEF	2.508823060888506	0.0114143302420887	0.998860916196349	0.8042143266833478	+	-	False	False	False
NOMO1	G6_NERPLEX	Nerve, nerve root and plexus disorders	ukb-d-G6_NERPLEX	1.0909655980828072	0.0130302153620398	1.000751915150175	0.5217341489313176	+	+	True	False	False
FGFR2	M13_FIBROBLASTIC	Fibroblastic disorders	ukb-d-M13_FIBROBLASTIC	0.8548182911259704	0.0130985994497798	0.9992840012359787	0.1869085443471136	-	-	True	False	False
CTLA4	L12_ACTINKERA	Actinic keratosis	ukb-d-L12_ACTINKERA	1.4681018748237653	0.0132116537665319	1.000858879285698	0.37310734241621063	+	+	True	False	False
MAP1LC3A	L12_ACTINKERA	Actinic keratosis	ukb-d-L12_ACTINKERA	0.8916954361982903	0.0481211555051374	0.998890267114807	5.5434146897656126e-05	-	-	True	True	True
SMPD3	L12_ATROPHICSKIN	Atrophic disorders of skin	ukb-d-L12_ATROPHICSKIN	2.144556491139096	0.0133004280019705	0.9981130691850423	0.18869613261645793	+	-	False	False	False
CA8	M13_SOFTOVERUSE	Soft tissue disorders related to use, overuse and pressure	ukb-d-M13_SOFTOVERUSE	0.7299057361971232	0.0195064333599407	0.9997992004943393	0.7833196140686556	-	-	True	False	False
FGFR2	M13_DUPUTRYEN	Palmar fascial fibromatosis [Dupuytren]	ukb-d-M13_DUPUTRYEN	0.8246061003010753	0.0219079128115554	0.9990341915606515	0.06400930042292095	-	-	True	False	False
VAT1	M13_SHOULDER	Shoulder lesions	ukb-d-M13_SHOULDER	0.899448100817927	0.0258866214219995	0.9983106663705118	0.14843200422582423	-	-	True	False	False
TMEM106A	M13_SHOULDER	Shoulder lesions	ukb-d-M13_SHOULDER	0.8458589007567047	0.0276262378130988	0.9971114293748563	0.11830566002645569	-	-	True	False	False
DUSP13	M13_SHOULDER	Shoulder lesions	ukb-d-M13_SHOULDER	1.904789278914735	0.0354887377075775	1.0186340972321586	0.009963876895563276	+	+	True	True	True
LTBP2	M13_HALLUXRIGIDUS	Hallux rigidus	ukb-d-M13_HALLUXRIGIDUS	1.7653771130377065	0.0297573188236247	1.0002176487643462	0.8113141306941033	+	+	True	False	False
LTBP3	G6_CARPTU	Carpal tunnel syndrome	ukb-d-G6_CARPTU	1.1199047202568422	0.0308899424720015	1.0004832148288365	0.5736456420560805	+	+	True	False	False
CD46	M13_DORSALGIA	Dorsalgia	ukb-d-M13_DORSALGIA	0.6812608569589906	0.0329968770846153	1.0018206052375433	0.7565467059466529	-	+	False	False	False
TMEM106A	M13_ROTATORCUFF	Rotator cuff syndrome	ukb-d-M13_ROTATORCUFF	0.8240726809654215	0.0338579059225456	0.9971163024688042	0.005830906410004964	-	-	True	True	True
VAT1	M13_ROTATORCUFF	Rotator cuff syndrome	ukb-d-M13_ROTATORCUFF	0.8855868080911896	0.0358394091735763	0.9981525797690056	0.005196858315019445	-	-	True	True	True
MERTK	M13_ROTATORCUFF	Rotator cuff syndrome	ukb-d-M13_ROTATORCUFF	1.0761155069281636	0.0412838203119931	1.0003991123946032	0.3619503179125452	+	+	True	False	False
CRIM1	G6_SLEEPAPNO	Sleep apnoea	ukb-d-G6_SLEEPAPNO	0.8361071400953787	0.0351659270479638	0.9986551069192365	0.27735843895280793	-	-	True	False	False
NT5E	M13_LOWBACKPAIN	Low back pain	ukb-d-M13_LOWBACKPAIN	0.9450952875271084	0.0372517608001582	1.0003773930407505	0.4250379014421101	-	+	False	False	False
ERBB2	BRONCHITIS	Bronchitis	ukb-d-BRONCHITIS	1.431655840928499	0.0454180451615326	0.9969337234636114	0.4339784750305873	+	-	False	False	False
